year,mergecode,districtcode,white,black,hispanic,lowincome,totalenroll
17,15-13,15,94.05,1.12,2.23,24.91,269
17,15-20,15,92.48,1.31,4.08,26.47,612
17,15-21,15,94.71,0.0,2.38,20.63,378
17,25-29,25,82.63,0.87,12.74,32.13,691
17,25-33,25,81.72,1.94,12.26,53.98,465
17,25-37,25,80.56,2.78,10.83,62.5,360
17,25-41,25,78.5,3.07,12.97,67.24,293
17,35-17,35,83.87,1.29,11.61,43.87,310
17,35-23,35,84.01,0.54,11.65,35.5,369
17,35-25,35,84.17,0.48,11.95,42.81,619
17,125-45,125,80.34,1.71,4.27,13.03,468
17,125-46,125,69.9,8.04,7.01,19.79,485
17,125-47,125,81.39,5.71,4.98,11.63,2348
17,125-63,125,82.72,2.97,6.23,17.0,706
17,125-64,125,88.35,3.23,3.58,18.1,558
17,125-67,125,78.7,5.32,4.94,13.55,1033
17,125-68,125,87.47,2.56,4.35,14.83,391
17,125-71,125,81.64,3.38,4.11,7.49,414
17,125-72,125,76.37,10.17,4.57,19.7,787
17,225-69,225,85.39,0.0,7.3,32.02,178
17,225-79,225,84.57,1.82,4.86,11.66,823
17,225-87,225,83.18,1.35,3.81,12.11,446
17,225-89,225,87.96,1.12,4.98,26.97,623
17,225-90,225,85.74,1.93,5.25,21.11,933
17,225-91,225,87.02,2.24,3.86,13.95,2280
17,225-92,225,86.4,2.6,4.0,15.8,500
17,225-94,225,82.34,2.13,5.74,5.96,470
17,225-95,225,84.48,1.76,6.35,6.35,567
17,225-96,225,82.26,3.02,4.91,17.36,530
17,225-145,225,16.67,33.33,33.33,100.0,12
17,235-100,235,36.0,36.0,4.0,12.0,25
17,235-101,235,45.63,21.11,15.43,70.1,1672
17,235-102,235,57.19,22.97,7.95,46.76,1850
17,235-105,235,19.09,36.62,29.24,78.42,1409
17,235-107,235,58.51,19.46,7.6,40.72,776
17,235-118,235,41.78,24.5,23.15,49.33,596
17,235-119,235,65.32,13.09,9.89,47.35,718
17,235-121,235,29.07,30.04,23.84,77.33,516
17,235-125,235,37.02,27.57,9.05,76.06,497
17,235-126,235,34.46,33.43,18.56,61.71,679
17,235-127,235,36.61,25.62,25.96,60.73,601
17,235-128,235,24.14,36.12,17.97,73.14,551
17,235-129,235,49.5,14.07,17.88,61.26,604
17,235-133,235,48.66,22.14,20.19,75.18,411
17,235-134,235,39.57,32.8,17.11,56.86,561
17,235-136,235,18.29,29.96,32.1,88.33,514
17,235-137,235,4.62,48.32,34.66,79.2,476
17,235-141,235,15.38,26.01,31.14,78.02,273
17,235-149,235,46.2,18.42,18.13,79.24,342
17,235-151,235,37.61,34.96,13.27,46.46,226
17,235-153,235,35.46,28.41,9.69,72.91,454
17,235-154,235,70.64,16.48,4.08,24.31,613
17,235-157,235,33.66,27.06,11.88,71.45,606
17,235-161,235,52.96,11.07,19.96,67.19,506
17,235-162,235,58.48,16.64,6.43,55.85,607
17,235-164,235,45.45,27.76,7.14,58.44,616
17,235-177,235,39.4,29.03,16.34,67.99,1340
17,235-178,235,18.51,29.89,30.5,72.23,659
17,235-186,235,58.37,8.61,14.11,62.68,418
17,235-189,235,37.14,27.38,23.33,64.76,420
17,235-193,235,26.32,51.58,10.88,55.79,285
17,235-197,235,31.66,22.43,31.13,60.42,379
17,235-205,235,41.84,32.22,12.55,67.99,478
17,235-209,235,76.45,5.5,6.42,47.4,327
17,235-217,235,25.53,27.22,17.51,63.5,474
17,235-219,235,61.33,15.16,13.02,50.74,2097
17,235-221,235,60.08,8.37,18.06,58.94,526
17,235-233,235,68.65,8.47,7.32,40.05,437
17,235-239,235,59.9,16.71,11.46,52.03,419
17,235-240,235,46.01,18.34,18.64,61.39,676
17,235-241,235,39.42,30.29,17.84,56.43,241
17,235-249,235,6.15,45.72,27.54,82.62,374
17,235-253,235,23.1,29.92,27.56,82.41,381
17,235-257,235,41.06,19.54,24.83,86.09,302
17,235-265,235,46.88,19.92,17.19,76.95,256
17,235-269,235,69.27,7.44,10.69,52.29,524
17,235-270,235,44.03,21.73,17.33,59.52,704
17,235-273,235,42.65,17.76,6.94,67.76,490
17,235-275,235,54.56,21.66,12.31,46.28,471
17,255-43,255,7.22,34.42,15.01,83.71,706
17,255-49,255,88.96,1.99,3.45,16.1,1304
17,255-53,255,89.92,1.01,4.54,15.97,595
17,255-81,255,67.02,11.13,6.28,48.3,764
17,255-83,255,72.39,10.84,7.16,68.92,489
17,255-281,255,67.16,12.92,12.71,62.5,472
17,255-285,255,78.9,5.07,4.79,34.52,730
17,255-291,255,91.06,1.13,3.69,19.43,705
17,255-294,255,6.34,37.46,14.12,91.93,347
17,255-297,255,50.99,29.59,9.76,61.64,1014
17,255-301,255,74.75,11.0,7.54,63.34,491
17,255-305,255,73.74,11.6,8.32,66.52,457
17,255-310,255,9.47,31.14,13.32,78.65,623
17,255-318,255,75.81,11.29,9.68,27.42,62
17,255-323,255,91.04,1.39,4.98,34.66,502
17,255-394,255,47.73,13.31,12.01,55.19,308
17,365-328,365,65.27,3.54,23.67,79.2,452
17,365-346,365,82.61,2.03,8.41,35.65,345
17,365-353,365,89.18,0.22,6.49,44.37,462
17,365-354,365,63.3,0.92,30.28,87.16,109
17,365-357,365,54.24,1.62,23.94,41.02,802
17,365-363,365,73.05,1.53,19.15,44.07,590
17,365-366,365,89.67,1.09,5.98,36.96,368
17,365-369,365,74.86,3.55,11.22,70.45,704
17,365-371,365,77.36,3.02,10.75,64.15,530
17,365-375,365,67.03,1.08,11.35,44.59,370
17,365-377,365,54.97,0.96,40.22,77.4,624
17,365-390,365,78.12,2.69,10.02,41.08,818
17,365-392,365,60.4,1.16,10.4,21.95,952
17,365-395,365,70.28,1.36,17.4,38.98,885
17,365-397,365,74.27,2.18,12.99,32.08,2017
17,365-399,365,83.18,2.61,6.98,31.55,1534
17,370-409,370,96.38,0.23,1.81,46.83,442
17,370-410,370,93.59,0.24,2.38,33.73,421
17,395-421,395,91.85,0.94,5.96,33.23,319
17,395-433,395,68.67,0.6,27.71,75.9,166
17,395-445,395,90.44,0.55,6.81,43.08,910
17,395-446,395,88.87,0.42,7.14,56.93,476
17,515-485,515,92.41,0.84,2.11,62.45,237
17,515-489,515,95.52,0.36,2.15,46.95,558
17,515-491,515,95.1,0.41,0.82,57.14,245
17,515-494,515,91.43,0.0,2.86,62.14,280
17,515-501,515,92.27,0.52,2.58,58.76,388
17,615-521,615,93.88,0.21,3.16,34.81,474
17,615-537,615,95.29,0.24,1.88,38.59,425
17,615-539,615,95.06,0.12,3.09,30.86,810
17,630-510,630,80.72,4.21,4.89,7.34,1022
17,630-511,630,87.88,0.52,3.01,3.01,1163
17,630-512,630,86.36,1.86,3.88,5.17,1935
17,630-514,630,75.24,2.43,5.83,5.83,412
17,630-517,630,89.52,0.37,3.41,2.44,821
17,630-541,630,85.74,1.24,4.81,3.57,645
17,630-542,630,83.67,2.79,4.18,5.98,502
17,630-544,630,72.16,2.78,6.03,2.09,431
17,665-534,665,80.16,4.56,6.43,26.27,373
17,665-553,665,89.55,2.25,4.82,34.22,976
17,665-557,665,85.66,2.03,7.23,39.34,788
17,665-561,665,90.52,1.15,5.75,24.43,348
17,665-565,665,85.69,0.6,9.54,42.74,503
17,665-569,665,83.18,1.57,8.07,63.9,446
17,670-571,670,92.45,0.36,1.8,58.27,278
17,670-573,670,94.09,0.3,1.82,46.97,660
17,670-577,670,92.24,0.91,2.28,51.14,219
17,670-581,670,95.95,0.45,1.8,58.11,222
17,670-585,670,96.37,0.99,0.66,56.77,303
17,670-587,670,94.36,0.0,2.19,53.29,319
17,750-621,750,93.8,0.85,3.66,33.52,355
17,750-623,750,94.74,0.58,2.34,33.92,171
17,750-629,750,92.47,1.03,3.6,38.01,584
17,755-609,755,88.2,0.56,8.99,46.35,356
17,755-637,755,88.14,0.23,10.47,40.0,430
17,755-641,755,83.68,0.8,12.0,52.48,625
17,775-645,775,90.44,1.4,4.9,38.46,429
17,775-649,775,90.46,0.41,4.98,45.85,482
17,815-673,815,88.29,0.0,7.02,35.79,299
17,815-689,815,90.57,0.9,5.84,30.69,668
17,815-695,815,88.17,1.61,5.38,48.92,372
17,875-701,875,57.65,1.13,36.11,51.01,1235
17,875-702,875,53.47,0.0,39.39,53.88,490
17,875-705,875,58.21,0.97,32.61,60.14,414
17,875-709,875,53.55,1.47,41.81,54.03,409
17,875-711,875,49.69,1.6,40.25,52.52,815
17,875-713,875,41.48,1.97,50.66,73.8,458
17,875-715,875,49.19,0.92,43.88,60.74,433
17,940-765,940,93.52,0.57,2.67,32.19,525
17,940-767,940,93.91,0.31,2.03,43.59,640
17,940-777,940,89.71,0.43,5.96,20.59,923
17,940-781,940,84.6,1.49,7.62,29.6,669
17,940-789,940,84.0,1.18,9.29,32.71,850
17,940-813,940,92.82,0.57,3.16,32.76,348
17,940-815,940,96.95,0.91,1.83,32.32,328
17,940-818,940,82.85,1.05,11.51,27.62,478
17,1000-833,1000,76.14,9.11,6.51,56.18,461
17,1000-845,1000,67.33,10.11,13.0,67.51,554
17,1000-851,1000,76.49,7.24,8.53,66.15,387
17,1010-755,1010,48.47,25.48,10.15,58.05,522
17,1010-761,1010,71.43,9.93,7.75,41.16,413
17,1010-801,1010,37.01,21.21,24.32,71.73,481
17,1010-805,1010,74.32,8.3,5.98,24.9,518
17,1010-807,1010,92.28,0.32,3.54,51.77,311
17,1010-809,1010,94.64,0.27,2.14,43.7,373
17,1010-821,1010,81.32,3.02,11.21,39.37,696
17,1010-825,1010,79.07,5.28,9.35,51.42,492
17,1010-829,1010,79.09,3.75,11.05,56.41,507
17,1010-849,1010,58.9,18.74,11.3,49.41,2044
17,1010-853,1010,61.07,21.71,7.09,55.86,691
17,1010-863,1010,81.94,3.97,10.32,44.84,504
17,1010-865,1010,53.77,21.3,8.31,69.35,385
17,1010-869,1010,55.84,16.45,9.09,61.04,231
17,1010-871,1010,61.29,16.33,7.86,55.04,496
17,1010-877,1010,28.22,37.62,13.86,78.71,202
17,1010-879,1010,30.7,7.38,53.34,84.91,583
17,1010-883,1010,51.42,18.05,20.9,60.07,914
17,1010-886,1010,64.52,25.81,3.23,79.03,62
17,1010-891,1010,68.91,13.45,8.4,48.74,119
17,1125-895,1125,96.35,0.0,1.69,46.07,356
17,1125-897,1125,97.36,0.0,1.32,35.88,379
17,1125-901,1125,95.59,0.0,0.68,35.59,295
17,1125-907,1125,94.63,0.0,2.35,46.98,298
17,1125-923,1125,94.67,0.41,0.82,61.07,244
17,1125-925,1125,96.13,0.36,1.69,53.51,826
17,1125-933,1125,94.73,0.68,1.37,47.07,1024
17,1125-941,1125,92.18,0.82,3.7,73.66,243
17,1125-942,1125,91.78,1.03,4.11,78.77,292
17,1125-949,1125,92.62,0.37,2.21,71.22,271
17,1150-957,1150,96.76,0.23,1.85,38.19,432
17,1150-961,1150,93.93,0.61,3.24,51.62,494
17,1160-977,1160,90.14,0.19,8.12,37.91,517
17,1160-981,1160,92.12,0.44,5.84,44.23,685
17,1170-997,1170,50.29,0.81,46.69,68.87,861
17,1170-999,1170,49.16,0.84,48.32,80.81,714
17,1170-1014,1170,45.51,1.15,51.43,72.85,523
17,1170-1015,1170,42.98,0.22,55.04,79.17,456
17,1170-1020,1170,47.26,0.63,49.92,83.72,639
17,1180-1021,1180,94.14,0.92,2.75,23.99,546
17,1180-1033,1180,94.18,0.67,3.13,32.44,447
17,1300-1037,1300,96.48,0.5,0.5,60.3,199
17,1300-1045,1300,97.15,0.0,2.03,73.58,246
17,1300-1059,1300,98.03,0.22,0.22,54.27,457
17,1300-1061,1300,95.34,0.58,0.87,59.77,343
17,1300-1065,1300,96.77,0.97,0.97,63.55,310
17,1315-1069,1315,98.19,0.26,0.52,24.29,387
17,1315-1073,1315,98.64,0.0,0.0,34.69,147
17,1315-1075,1315,99.3,0.35,0.35,27.97,286
17,1375-1090,1375,96.24,0.58,1.59,43.06,692
17,1375-1121,1375,95.57,0.63,1.05,42.19,474
17,1405-1103,1405,50.11,6.29,39.78,91.24,445
17,1405-1105,1405,95.12,1.22,1.22,31.1,164
17,1405-1123,1405,71.14,3.23,19.9,70.4,402
17,1405-1125,1405,76.78,3.09,15.84,53.29,745
17,1405-1129,1405,77.4,2.21,14.5,51.35,407
17,1405-1133,1405,65.71,1.43,29.29,80.0,420
17,1560-1189,1560,96.11,0.16,1.4,23.95,643
17,1560-1190,1560,96.89,0.21,1.18,22.34,931
17,1560-1193,1560,97.17,0.19,0.57,18.49,530
17,1560-7211,1560,92.46,0.5,4.27,40.45,398
17,1560-7213,1560,97.02,0.0,0.92,18.7,1310
17,1600-1141,1600,96.54,0.0,0.0,49.35,231
17,1600-1165,1600,95.9,0.0,0.37,35.82,268
17,1600-1169,1600,96.36,0.0,0.61,61.82,165
17,1600-1172,1600,94.69,0.0,1.93,47.83,414
17,1600-1179,1600,95.81,0.0,1.58,40.05,884
17,1600-1197,1600,94.06,0.7,0.7,52.62,572
17,1620-1177,1620,91.77,0.97,2.1,28.55,620
17,1620-1209,1620,90.32,0.86,2.15,40.22,465
17,1620-1210,1620,88.71,0.81,1.81,44.15,496
17,1620-1217,1620,87.47,2.01,0.45,46.76,447
17,1655-1263,1655,95.61,0.21,2.09,41.21,478
17,1655-1265,1655,95.98,0.45,2.68,55.8,448
17,1655-1266,1655,95.83,0.18,1.63,43.92,551
17,1655-1267,1655,97.22,0.0,0.8,35.79,503
17,1730-1268,1730,92.93,0.13,2.93,39.47,750
17,1730-1269,1730,92.17,0.0,4.11,50.29,511
17,1730-1270,1730,92.0,0.61,3.14,53.39,987
17,1805-1317,1805,92.02,1.36,4.75,37.01,589
17,1805-1321,1805,96.0,1.18,1.41,56.47,425
17,1805-1335,1805,94.08,2.63,1.64,39.8,304
17,1820-1325,1820,92.2,0.17,2.71,40.51,590
17,1820-1329,1820,91.41,0.52,2.08,51.3,768
17,1820-1331,1820,93.79,0.24,2.86,49.16,419
17,1835-1341,1835,92.19,0.0,2.19,66.88,320
17,1835-1345,1835,92.93,0.17,3.15,31.52,1174
17,1835-1346,1835,91.64,0.36,2.39,38.11,837
17,1835-1351,1835,89.59,0.5,3.14,39.01,605
17,1835-1357,1835,93.43,0.6,0.6,44.02,502
17,1835-1359,1835,93.03,0.7,2.79,47.04,287
17,1875-1365,1875,87.28,3.48,2.79,35.19,574
17,1875-1367,1875,94.29,1.96,0.65,37.03,613
17,1875-1369,1875,94.6,0.92,0.8,31.0,871
17,1875-1409,1875,91.48,1.85,2.22,53.33,270
17,1875-1520,1875,94.22,0.0,1.36,60.54,294
17,1885-1372,1885,90.46,0.22,4.12,47.94,461
17,1885-1413,1885,92.7,0.28,4.49,51.69,356
17,1895-1375,1895,94.7,1.01,0.51,38.64,396
17,1895-1377,1895,94.68,0.66,1.66,51.5,301
17,1895-1381,1895,94.74,0.97,1.36,52.63,513
17,1900-1385,1900,95.54,0.7,1.88,49.77,426
17,1900-1386,1900,94.52,0.55,1.92,35.34,365
17,1910-1387,1910,84.6,5.88,3.29,31.31,578
17,1910-1389,1910,86.02,3.5,3.37,26.47,801
17,1910-1393,1910,86.36,4.32,2.42,37.13,579
17,1910-1395,1910,87.15,3.65,1.39,31.6,576
17,1940-1401,1940,92.6,0.95,0.95,38.9,419
17,1940-1405,1940,94.46,0.79,0.79,52.08,505
17,1970-1421,1970,62.97,23.14,3.61,68.07,1469
17,1970-1423,1970,73.46,7.69,3.46,45.77,260
17,1970-1431,1970,60.28,22.26,4.79,66.77,647
17,1970-1437,1970,65.97,18.75,3.47,86.98,576
17,1970-1470,1970,63.85,15.74,3.21,92.13,343
17,1970-1482,1970,76.25,11.16,3.56,90.74,421
17,1970-1485,1970,30.06,48.81,5.65,93.15,336
17,1970-1494,1970,66.67,11.87,4.57,52.97,219
17,1970-1496,1970,62.41,13.83,7.45,75.89,282
17,1970-1509,1970,61.36,21.31,3.41,88.35,352
17,1970-1513,1970,57.14,21.55,5.08,65.38,413
17,1970-1517,1970,70.56,4.84,5.24,63.31,248
17,1970-1524,1970,67.74,20.16,3.23,100.0,124
17,2040-1543,2040,100.0,0.0,0.0,8.99,89
17,2040-1545,2040,97.01,0.0,1.87,17.54,268
17,2040-1549,2040,97.05,0.0,0.74,23.25,271
17,2040-1577,2040,97.98,0.0,1.35,25.59,297
17,2100-1563,2100,93.21,0.0,4.07,32.13,221
17,2100-1581,2100,92.81,1.03,4.11,21.58,292
17,2100-1583,2100,95.64,0.0,2.35,19.43,597
17,2100-1586,2100,91.38,1.15,3.45,21.84,174
17,2110-1529,2110,95.7,0.0,3.23,30.65,186
17,2110-1587,2110,76.61,0.0,21.51,43.01,372
17,2110-1588,2110,73.03,0.19,25.84,42.51,534
17,2110-1590,2110,58.96,0.31,39.31,60.85,636
17,2120-1569,2120,95.3,0.0,1.99,10.31,553
17,2120-1575,2120,81.29,0.27,15.48,33.92,743
17,2120-1593,2120,84.95,0.46,11.95,23.63,1096
17,2120-1597,2120,65.74,0.46,29.86,58.33,432
17,2120-1601,2120,70.22,1.37,25.96,56.01,366
17,2155-1613,2155,88.72,0.84,6.84,18.13,833
17,2155-1621,2155,95.51,0.67,2.92,21.35,445
17,2155-1649,2155,93.09,0.74,4.2,21.48,405
17,2155-1652,2155,89.29,0.64,7.49,18.84,467
17,2260-1701,2260,84.63,1.65,8.93,31.4,605
17,2260-1703,2260,83.01,1.63,9.15,37.25,306
17,2260-1705,2260,80.75,1.34,8.82,41.98,374
17,2260-1707,2260,80.4,1.15,10.87,44.15,607
17,2270-1713,2270,47.92,9.05,34.35,56.48,818
17,2270-1715,2270,53.26,8.04,30.48,48.95,1716
17,2270-1718,2270,45.5,9.59,37.78,59.88,855
17,2270-1721,2270,53.63,8.67,33.27,53.45,565
17,2270-1723,2270,64.27,2.25,26.52,46.29,445
17,2270-1725,2270,47.24,16.82,26.5,64.75,434
17,2270-1729,2270,14.8,11.94,66.31,85.38,561
17,2275-1656,2275,75.97,3.16,16.02,40.78,412
17,2275-1657,2275,84.65,1.51,10.03,28.13,1127
17,2275-1697,2275,90.37,1.0,6.31,42.52,301
17,2275-1731,2275,86.9,0.56,8.73,29.72,710
17,2275-1732,2275,91.07,1.37,5.15,24.05,291
17,2275-1733,2275,86.64,0.72,8.76,21.7,1392
17,2275-1734,2275,92.2,0.58,4.34,21.1,346
17,2285-1669,2285,87.32,0.72,7.49,31.56,694
17,2285-1735,2285,81.42,2.11,10.54,27.01,522
17,2285-1737,2285,85.5,1.02,8.83,25.59,883
17,2285-1743,2285,90.52,0.0,5.49,40.4,401
17,2285-1747,2285,83.19,0.64,11.7,35.32,470
17,2305-1617,2305,65.96,10.59,11.35,55.37,661
17,2305-1673,2305,54.56,6.7,30.17,66.67,537
17,2305-1679,2305,74.71,2.99,11.72,25.29,435
17,2305-1681,2305,56.82,12.76,17.48,51.57,572
17,2305-1693,2305,63.53,4.61,22.04,59.52,499
17,2305-1749,2305,42.33,12.36,38.33,57.61,1675
17,2305-1750,2305,48.04,14.33,28.6,59.69,1682
17,2305-1752,2305,45.14,22.57,21.0,59.84,381
17,2305-1753,2305,48.1,11.26,32.42,60.12,657
17,2305-1761,2305,47.42,16.49,25.09,66.15,582
17,2305-1763,2305,31.69,17.13,44.29,74.61,508
17,2305-1765,2305,25.54,21.0,45.82,77.8,419
17,2305-1769,2305,19.35,28.32,45.7,57.53,558
17,2305-1773,2305,39.93,17.36,32.47,77.6,576
17,2305-1777,2305,9.82,25.34,56.58,80.55,509
17,2305-1785,2305,54.78,7.42,28.39,53.21,701
17,2305-1789,2305,18.05,21.14,52.02,89.31,421
17,2305-1797,2305,48.88,8.73,31.67,61.1,401
17,2305-1801,2305,7.77,40.78,46.28,66.83,618
17,2305-1817,2305,48.75,12.98,28.62,64.73,601
17,2315-1629,2315,39.06,2.5,53.82,65.81,1518
17,2315-1633,2315,33.39,2.88,58.31,66.61,626
17,2315-1641,2315,34.78,1.04,59.01,69.98,483
17,2315-1821,2315,44.03,2.04,48.96,55.06,1867
17,2315-1829,2315,25.86,2.01,66.95,79.6,348
17,2315-1833,2315,42.18,5.15,48.32,67.92,505
17,2315-1843,2315,48.69,3.14,42.41,63.87,382
17,2315-1847,2315,46.98,1.56,45.22,59.45,513
17,2315-1849,2315,30.98,0.82,64.67,74.18,368
17,2395-1869,2395,97.4,0.0,0.37,55.76,269
17,2395-1889,2395,93.52,1.35,1.89,48.96,1111
17,2395-1895,2395,94.01,1.09,2.36,55.17,551
17,2395-1897,2395,93.77,0.0,1.64,61.64,305
17,2395-1909,2395,92.92,2.46,0.62,67.08,325
17,2395-1913,2395,92.6,1.18,2.07,78.4,338
17,2395-1917,2395,91.38,2.01,2.3,79.02,348
17,2395-1921,2395,96.51,0.0,0.95,62.22,315
17,2400-1925,2400,69.72,13.02,5.91,54.21,1843
17,2400-1929,2400,94.9,0.17,2.38,23.3,588
17,2400-1930,2400,93.36,0.8,2.46,13.34,1746
17,2400-1931,2400,90.66,0.91,2.25,16.32,1648
17,2400-1933,2400,65.91,16.48,6.11,72.64,965
17,2400-1937,2400,64.24,14.35,9.53,54.71,934
17,2400-1943,2400,64.94,14.61,6.17,71.1,308
17,2400-1949,2400,45.89,12.18,26.06,81.3,353
17,2400-1953,2400,93.11,1.28,2.04,19.64,392
17,2400-1957,2400,80.27,7.38,3.95,30.53,583
17,2400-1961,2400,44.68,31.21,8.87,82.98,282
17,2400-1966,2400,90.83,1.16,2.62,12.37,687
17,2400-1974,2400,72.19,12.98,4.5,53.11,755
17,2400-1981,2400,64.8,16.8,5.6,80.8,250
17,2400-1994,2400,68.6,13.95,2.33,61.63,86
17,2435-2053,2435,92.31,0.64,3.21,49.36,312
17,2435-2057,2435,93.06,0.48,3.83,55.74,418
17,2440-2005,2440,93.85,0.0,3.88,35.92,309
17,2440-2009,2440,91.45,0.24,4.99,41.09,421
17,2440-2013,2440,93.84,0.47,4.27,36.49,211
17,2455-2021,2455,90.66,0.37,7.33,54.58,546
17,2455-2022,2455,89.5,0.0,6.49,44.66,524
17,2475-2082,2475,97.44,0.0,0.77,73.15,391
17,2475-2083,2475,98.33,0.0,0.72,40.07,836
17,2475-2123,2475,98.35,0.24,0.24,53.43,423
17,2475-2125,2475,97.75,0.0,0.45,55.18,444
17,2475-2127,2475,99.23,0.51,0.0,30.77,390
17,2645-2173,2645,88.24,0.38,5.31,43.07,527
17,2645-2177,2645,90.05,0.71,4.98,47.39,422
17,2645-2181,2645,89.76,0.67,6.24,58.13,449
17,2645-2185,2645,90.87,0.68,4.34,55.02,438
17,2650-2157,2650,90.88,0.28,7.12,45.87,351
17,2650-2159,2650,91.42,0.59,5.33,41.42,338
17,2725-2189,2725,94.69,0.0,0.0,34.51,113
17,2725-2194,2725,99.31,0.0,0.0,41.67,144
17,2725-2201,2725,96.63,0.0,1.12,47.19,89
17,2725-2233,2725,98.92,0.0,0.36,34.3,277
17,2725-2237,2725,94.98,0.36,1.08,57.35,279
17,2735-2223,2735,84.0,3.79,2.95,56.42,475
17,2735-2225,2735,81.08,3.39,3.59,51.2,502
17,2735-2249,2735,84.95,3.07,2.75,44.01,618
17,2735-2257,2735,81.19,4.2,5.09,57.3,452
17,2765-2205,2765,96.23,0.0,2.61,11.3,345
17,2765-2211,2765,95.9,0.3,1.52,15.2,658
17,2765-2214,2765,93.32,0.39,2.36,32.61,509
17,2765-2241,2765,94.06,0.64,1.49,37.37,471
17,2815-2263,2815,93.16,0.44,4.19,33.77,453
17,2815-2264,2815,90.32,1.88,3.76,52.96,372
17,2815-2291,2815,100.0,0.0,0.0,37.04,27
17,2815-2293,2815,93.9,0.38,3.24,28.19,525
17,2815-2299,2815,91.53,0.85,4.66,37.29,236
17,2825-2321,2825,94.59,0.0,2.88,43.49,591
17,2825-2329,2825,92.47,1.08,2.42,53.23,372
17,2825-5037,2825,92.42,0.0,3.79,50.38,264
17,2855-2333,2855,87.22,1.66,3.79,59.53,845
17,2855-2335,2855,86.08,1.2,4.3,62.03,582
17,2855-2344,2855,84.76,1.9,2.86,64.05,420
17,2855-2346,2855,85.15,2.18,5.39,64.48,687
17,2865-2350,2865,50.0,21.18,13.53,80.78,510
17,2865-2351,2865,48.05,26.59,9.88,63.44,1053
17,2865-2357,2865,49.5,24.65,9.94,72.56,503
17,2865-2369,2865,49.01,19.26,15.01,92.35,353
17,2865-2370,2865,50.86,22.29,8.86,77.14,350
17,2865-2393,2865,56.71,10.82,10.12,80.94,425
17,2865-2405,2865,56.18,14.04,14.04,67.13,356
17,2865-2409,2865,38.51,31.9,16.67,85.92,348
17,2920-2417,2920,93.0,0.22,4.38,45.08,457
17,2920-2419,2920,92.41,0.26,3.93,37.43,382
17,2940-2433,2940,92.36,0.41,2.48,48.97,484
17,2940-2435,2940,94.16,0.0,2.65,36.34,377
17,2940-2436,2940,92.95,0.81,2.71,42.28,369
17,2950-2437,2950,95.36,0.0,2.19,40.16,366
17,2950-2438,2950,93.97,0.0,3.16,40.23,348
17,2950-2441,2950,95.31,0.0,3.12,49.29,704
17,2960-2445,2960,95.97,1.34,1.88,48.66,372
17,2960-2449,2960,97.07,0.0,1.8,57.88,444
17,2980-2429,2980,96.06,0.3,1.82,45.45,330
17,2980-2457,2980,86.71,2.89,4.62,57.8,173
17,2980-2460,2980,93.6,0.34,4.71,56.9,297
17,3005-2466,3005,74.55,9.15,5.57,10.3,951
17,3005-2468,3005,72.6,4.31,7.23,16.41,719
17,3005-2469,3005,74.04,10.14,7.1,18.66,493
17,3005-2470,3005,72.3,7.46,7.31,16.44,657
17,3005-2471,3005,68.41,10.48,6.34,15.59,725
17,3005-2473,3005,83.97,1.9,3.79,4.37,686
17,3005-2474,3005,76.95,4.35,5.25,5.12,781
17,3005-2475,3005,77.78,5.36,4.05,7.32,765
17,3005-2476,3005,70.45,9.51,7.09,20.75,988
17,3005-2479,3005,70.21,9.28,7.22,20.21,970
17,3005-2481,3005,71.66,7.57,9.5,23.83,621
17,3005-2482,3005,67.7,8.7,9.32,18.32,644
17,3005-2483,3005,73.03,7.35,7.61,10.58,775
17,3005-2485,3005,76.49,7.8,4.63,14.25,821
17,3005-2486,3005,77.28,6.27,6.39,13.73,845
17,3005-2487,3005,73.35,7.72,6.92,16.68,3250
17,3005-2489,3005,77.01,6.64,5.23,8.05,1205
17,3005-2490,3005,78.24,6.24,5.37,13.46,1025
17,3005-2497,3005,81.27,5.01,7.12,24.01,379
17,3005-2499,3005,75.14,7.86,5.71,11.87,3118
17,3005-2500,3005,75.97,5.37,7.8,14.65,949
17,3025-2477,3025,94.38,1.23,3.29,25.93,729
17,3025-2478,3025,92.97,1.14,2.85,34.22,526
17,3025-2501,3025,90.81,2.39,4.23,30.88,544
17,3025-2502,3025,93.27,1.12,3.36,36.26,535
17,3030-2491,3030,80.07,3.46,8.65,15.73,1214
17,3030-2492,3030,85.26,2.95,2.95,7.48,441
17,3030-2493,3030,82.17,3.45,7.17,14.25,2148
17,3030-2494,3030,80.13,4.71,9.09,16.5,594
17,3030-2495,3030,70.11,2.92,19.55,29.89,445
17,3030-2496,3030,88.36,2.39,1.44,2.87,627
17,3030-2498,3030,67.84,8.92,14.32,38.03,426
17,3030-2503,3030,80.74,3.53,7.33,14.31,1132
17,3030-2504,3030,87.03,2.66,1.95,6.93,563
17,3055-2463,3055,94.53,0.3,2.74,27.96,329
17,3055-2465,3055,91.07,0.0,6.32,41.61,459
17,3055-6780,3055,93.95,0.0,4.84,39.11,248
17,3060-2505,3060,75.96,3.82,2.98,8.84,5000
17,3060-2506,3060,77.12,3.17,2.16,9.28,1390
17,3060-2507,3060,77.29,1.67,2.08,6.67,480
17,3060-2508,3060,82.23,2.62,2.75,8.26,726
17,3060-2509,3060,82.24,3.28,2.51,15.64,518
17,3060-2510,3060,56.59,4.44,1.11,1.8,721
17,3060-2511,3060,73.85,4.08,3.93,14.28,1373
17,3060-2512,3060,70.99,3.38,1.41,2.39,710
17,3060-2513,3060,61.15,7.19,5.61,29.78,695
17,3060-2515,3060,68.73,2.22,3.49,2.7,630
17,3060-2516,3060,90.43,0.52,1.04,7.48,575
17,3060-2518,3060,76.82,4.64,2.81,16.89,604
17,3060-2520,3060,69.33,3.91,1.68,3.35,1252
17,3060-2522,3060,70.69,4.12,2.14,6.56,655
17,3060-2526,3060,65.47,2.39,1.33,2.92,753
17,3070-2517,3070,84.78,4.04,5.62,19.98,2898
17,3070-2521,3070,81.94,4.42,6.59,29.44,1063
17,3070-2523,3070,92.4,2.29,3.02,19.15,961
17,3070-2529,3070,85.26,4.54,6.81,31.19,529
17,3070-2533,3070,87.19,2.81,5.16,23.44,640
17,3070-2537,3070,83.24,4.19,6.89,17.97,740
17,3070-2538,3070,87.8,2.57,6.64,12.2,738
17,3070-2539,3070,74.44,8.48,7.61,25.44,802
17,3070-2542,3070,87.93,2.29,5.26,16.88,1351
17,3070-2547,3070,78.27,7.53,9.52,33.95,704
17,3115-2563,3115,89.52,0.6,6.59,31.14,334
17,3115-2564,3115,95.5,0.28,1.97,16.32,711
17,3115-2565,3115,94.48,0.53,2.14,19.59,1123
17,3115-2566,3115,93.78,0.53,2.13,20.96,563
17,3115-2567,3115,89.89,0.12,4.74,22.6,801
17,3125-2577,3125,91.61,0.63,1.89,30.82,477
17,3125-2579,3125,94.82,0.58,1.15,32.95,695
17,3125-2581,3125,94.22,0.0,1.73,24.86,173
17,3125-2588,3125,92.58,0.59,2.93,40.43,512
17,3125-2593,3125,93.09,0.58,2.5,34.55,521
17,3125-2595,3125,93.31,0.33,2.52,25.5,1510
17,3125-2597,3125,93.75,0.0,0.99,47.37,304
17,3125-2609,3125,92.71,0.61,1.52,32.52,329
17,3135-2558,3135,90.99,0.86,2.36,36.7,466
17,3135-2559,3135,83.76,6.02,3.98,23.87,930
17,3135-2561,3135,76.91,9.71,5.15,26.32,680
17,3135-2569,3135,82.31,7.91,2.85,22.74,1227
17,3135-2570,3135,81.59,7.14,4.29,13.97,630
17,3145-2582,3145,96.64,0.0,2.24,32.46,268
17,3145-2585,3145,96.94,0.47,1.41,25.88,425
17,3145-2586,3145,94.79,0.58,3.09,34.75,518
17,3160-2611,3160,94.72,0.0,2.9,18.21,379
17,3160-2613,3160,94.85,0.0,1.63,12.2,369
17,3180-2621,3180,94.6,0.23,2.58,55.4,426
17,3180-2625,3180,94.83,0.53,1.96,44.39,561
17,3180-2629,3180,96.4,0.29,2.02,37.18,694
17,3180-2633,3180,94.29,0.52,1.9,46.71,578
17,3190-2640,3190,90.36,0.7,2.09,36.17,716
17,3190-2643,3190,87.09,0.6,5.71,47.15,333
17,3190-2645,3190,87.94,0.32,3.97,52.54,630
17,3190-2649,3190,88.32,1.46,0.0,43.07,137
17,3190-2653,3190,91.21,0.0,2.75,70.88,182
17,3190-2663,3190,88.51,0.23,4.6,43.45,435
17,3190-2667,3190,97.14,0.0,0.95,50.16,315
17,3190-2670,3190,95.43,0.27,1.34,37.9,372
17,3295-2682,3295,95.13,0.46,1.62,19.26,431
17,3295-2684,3295,94.77,1.74,1.05,14.98,287
17,3295-2685,3295,97.1,0.0,0.83,26.97,241
17,3295-2725,3295,92.46,1.64,2.3,15.41,305
17,3295-2731,3295,94.24,1.6,2.24,14.4,625
17,3305-2706,3305,79.33,8.42,5.21,24.81,653
17,3305-2707,3305,75.71,8.1,6.07,12.96,247
17,3305-2709,3305,77.51,11.49,4.5,21.88,2646
17,3305-2711,3305,69.03,16.94,5.14,21.94,720
17,3305-2713,3305,77.42,8.74,6.56,23.52,961
17,3305-2714,3305,73.06,10.3,5.39,22.66,631
17,3305-2718,3305,73.31,13.03,5.34,25.43,637
17,3305-2720,3305,72.81,14.5,4.1,23.85,1048
17,3305-2723,3305,71.84,14.4,5.12,22.4,625
17,3305-2727,3305,84.36,2.64,7.03,29.0,569
17,3315-2726,3315,75.89,8.16,8.29,26.4,784
17,3315-2728,3315,71.23,9.77,7.87,27.68,737
17,3315-2729,3315,67.04,13.21,9.18,29.62,719
17,3315-2730,3315,70.48,11.18,8.54,29.52,796
17,3315-2733,3315,61.09,14.01,10.12,34.24,257
17,3315-2734,3315,76.94,6.94,8.06,35.56,360
17,3315-2735,3315,62.96,16.19,7.09,26.72,494
17,3315-2736,3315,67.24,13.45,9.72,27.43,751
17,3315-2737,3315,69.52,12.9,7.98,23.12,2907
17,3315-2738,3315,67.09,10.6,12.13,28.87,717
17,3315-2739,3315,65.71,14.86,10.0,35.71,350
17,3315-2740,3315,66.15,13.27,7.12,24.62,520
17,3325-2721,3325,90.47,1.62,3.06,28.96,556
17,3325-2741,3325,92.81,1.26,1.51,21.31,793
17,3325-2743,3325,91.23,2.02,1.21,26.72,741
17,3325-2745,3325,91.15,1.34,2.68,30.29,373
17,3330-2748,3330,81.02,4.42,5.59,27.24,859
17,3330-2749,3330,87.48,2.92,3.53,22.31,1645
17,3330-2750,3330,84.18,3.09,5.3,24.92,1264
17,3330-2751,3330,88.07,1.93,2.98,23.68,570
17,3330-2753,3330,89.13,5.07,1.45,17.39,138
17,3330-2761,3330,87.12,1.89,4.92,33.52,528
17,3330-2763,3330,82.03,4.55,6.93,30.95,462
17,3335-2675,3335,91.22,1.22,0.73,29.76,410
17,3335-2677,3335,97.32,0.33,0.67,31.77,299
17,3335-2687,3335,94.2,1.38,0.83,28.18,362
17,3335-2692,3335,94.75,0.0,1.09,22.76,457
17,3405-2801,3405,98.21,0.36,0.36,41.07,280
17,3405-2803,3405,96.36,0.26,0.78,40.52,385
17,3415-2773,3415,96.59,0.0,0.98,39.27,410
17,3415-2777,3415,93.69,0.0,3.64,50.0,412
17,3435-2815,3435,95.89,0.17,2.4,41.61,584
17,3435-2817,3435,95.93,0.0,1.58,28.73,442
17,3435-2819,3435,92.99,0.27,2.16,36.93,371
17,3445-2825,3445,91.11,1.07,3.42,44.43,1024
17,3445-2829,3445,91.95,0.96,3.45,52.68,522
17,3445-2832,3445,90.38,0.96,4.17,79.49,312
17,3445-2847,3445,85.32,2.06,3.44,69.72,436
17,3445-2849,3445,89.37,1.18,3.54,42.91,254
17,3445-2853,3445,85.37,1.22,5.49,64.02,164
17,3445-2861,3445,90.91,0.83,3.72,32.64,242
17,3445-2865,3445,87.64,2.87,4.02,76.15,348
17,3455-2869,3455,97.38,0.26,0.0,36.48,381
17,3455-2870,3455,95.59,0.0,0.7,49.65,431
17,3455-2887,3455,94.54,0.0,2.01,52.3,348
17,3460-2894,3460,77.72,6.54,5.08,42.86,413
17,3460-2895,3460,74.47,7.36,5.07,55.81,611
17,3460-2896,3460,75.0,6.44,6.06,59.47,264
17,3470-2897,3470,90.39,1.78,3.91,16.9,562
17,3470-2904,3470,89.47,1.48,2.67,19.29,674
17,3470-2905,3470,87.36,2.6,5.2,43.87,269
17,3470-2907,3470,88.78,1.7,4.42,29.93,294
17,3480-2909,3480,91.92,0.95,3.33,35.82,631
17,3480-2914,3480,91.25,0.53,2.92,34.22,377
17,3480-2919,3480,91.89,0.81,2.03,25.56,493
17,3490-2921,3490,88.1,4.2,2.57,21.59,857
17,3490-2922,3490,84.68,5.0,2.42,30.81,620
17,3490-2923,3490,85.94,4.69,2.97,37.5,640
17,3490-2935,3490,83.65,6.26,3.48,37.22,575
17,3500-2943,3500,50.64,22.39,6.61,77.25,545
17,3500-2945,3500,64.62,16.08,8.48,91.81,342
17,3500-2947,3500,67.12,8.7,7.07,64.67,368
17,3500-2951,3500,66.33,15.0,7.67,90.0,300
17,3500-2955,3500,64.36,13.86,7.72,60.2,505
17,3500-2961,3500,56.54,24.25,5.31,90.33,734
17,3500-2963,3500,68.54,17.37,5.63,74.41,426
17,3500-2969,3500,72.87,9.5,5.23,65.5,516
17,3500-2993,3500,70.35,15.77,5.36,92.11,317
17,3500-3005,3500,69.57,7.25,9.57,46.09,345
17,3500-3013,3500,63.64,17.25,6.6,54.79,1774
17,3625-3021,3625,91.28,0.0,5.9,51.54,390
17,3625-3025,3625,93.41,0.16,3.61,44.9,637
17,3625-3029,3625,93.26,0.29,3.23,25.22,341
17,3625-3035,3625,89.34,0.51,2.03,45.18,197
17,3625-3037,3625,92.16,0.0,4.9,46.08,306
17,3625-3061,3625,90.85,0.35,3.7,43.49,568
17,3625-3065,3625,93.97,0.76,2.6,35.3,1575
17,3625-3075,3625,94.92,0.0,1.36,31.86,295
17,3625-3077,3625,91.11,0.72,3.61,55.77,416
17,3625-3078,3625,95.79,0.0,2.11,30.53,95
17,3625-3081,3625,92.36,0.0,3.82,73.93,445
17,3640-3093,3640,99.03,0.0,0.0,72.82,103
17,3640-3095,3640,97.06,0.0,0.98,84.31,102
17,3675-3105,3675,96.03,0.0,0.0,30.16,126
17,3675-3133,3675,75.7,0.8,18.16,41.12,1498
17,3675-3135,3675,43.34,0.75,50.09,51.59,533
17,3675-3138,3675,70.46,0.62,23.38,55.69,975
17,3675-3141,3675,89.58,0.6,6.85,34.82,336
17,3675-3153,3675,49.78,0.3,42.05,72.51,673
17,3675-3157,3675,76.55,0.71,16.16,58.44,563
17,3695-3107,3695,96.18,0.59,2.94,35.59,340
17,3695-3108,3695,0.0,100.0,0.0,0.0,1
17,3695-3126,3695,95.84,0.17,1.39,28.6,577
17,3695-3129,3695,95.18,0.15,2.71,42.47,664
17,3710-3121,3710,91.39,0.0,3.35,52.15,209
17,3710-3122,3710,91.52,0.71,3.89,59.01,283
17,3785-3181,3785,88.09,0.65,9.33,32.96,1083
17,3785-3183,3785,86.69,0.37,10.99,39.68,819
17,3785-3184,3785,84.4,0.15,13.61,38.07,654
17,3785-3197,3785,91.42,0.3,5.62,42.01,338
17,3785-3198,3785,88.28,0.19,10.59,34.03,529
17,3815-3201,3815,91.53,0.38,6.4,38.04,531
17,3815-3205,3815,82.32,0.0,14.49,53.04,345
17,3815-3213,3815,86.83,0.0,10.73,44.88,410
17,3815-3221,3815,86.51,0.51,10.69,45.29,393
17,3945-3239,3945,92.92,0.19,4.19,48.65,1073
17,3945-3241,3945,95.58,0.4,2.81,40.56,249
17,3945-3247,3945,96.51,0.0,1.16,50.58,172
17,3945-3257,3945,96.05,0.0,2.63,68.42,76
17,3945-3265,3945,89.34,0.0,7.17,50.97,516
17,3945-3273,3945,91.43,0.0,6.35,54.92,315
17,3945-3277,3945,76.92,0.0,13.57,73.3,221
17,3945-3285,3945,96.73,0.41,0.0,66.12,245
17,3945-3287,3945,90.3,0.0,4.01,55.85,299
17,3945-3289,3945,95.71,0.0,0.48,65.71,210
17,3995-3301,3995,97.52,0.0,0.0,52.07,121
17,3995-3309,3995,89.54,1.97,4.14,43.27,966
17,3995-3313,3995,89.69,1.05,4.33,50.37,669
17,3995-3321,3995,90.67,2.22,1.78,60.0,225
17,3995-3327,3995,94.94,1.27,0.0,3.8,79
17,3995-3329,3995,90.2,1.44,2.59,43.8,347
17,3995-3333,3995,83.75,1.25,7.5,62.5,480
17,4000-3337,4000,95.26,0.28,2.79,45.96,359
17,4000-3341,4000,89.86,1.4,6.08,61.0,641
17,4000-3343,4000,91.94,0.6,3.58,56.72,335
17,4015-3345,4015,93.54,0.53,3.6,48.57,1332
17,4015-3349,4015,83.68,0.47,13.29,79.72,429
17,4015-3357,4015,94.14,0.0,4.32,64.51,324
17,4015-3361,4015,94.59,0.64,2.55,58.6,314
17,4015-3385,4015,93.75,0.69,4.86,49.31,288
17,4015-3389,4015,91.99,0.28,4.14,65.47,362
17,4015-3393,4015,91.65,0.0,5.72,58.27,647
17,4015-3397,4015,87.07,0.57,8.1,65.91,704
17,4145-3401,4145,62.82,3.27,5.16,49.05,581
17,4145-3421,4145,83.33,2.54,4.87,40.69,1848
17,4145-3422,4145,73.65,4.33,6.21,44.15,854
17,4145-3423,4145,86.73,1.02,4.08,20.41,98
17,4145-3425,4145,92.15,0.22,4.48,44.17,446
17,4145-3427,4145,79.56,3.46,5.16,46.44,1531
17,4145-3429,4145,89.29,0.45,4.46,50.22,448
17,4145-3430,4145,82.09,2.88,5.75,52.16,765
17,4205-3434,4205,84.53,3.07,5.12,20.72,782
17,4205-3435,4205,85.83,0.93,3.37,10.57,861
17,4205-3437,4205,88.28,1.84,3.84,16.68,2500
17,4205-3439,4205,88.0,1.68,4.39,20.13,775
17,4205-3440,4205,84.19,1.32,5.86,38.8,683
17,4205-3441,4205,85.56,2.35,4.81,16.55,852
17,4205-3443,4205,88.24,0.87,4.15,22.18,1037
17,4205-3444,4205,88.99,1.88,2.46,16.96,690
17,4215-3447,4215,91.45,0.0,4.46,53.53,269
17,4215-3449,4215,90.24,0.0,3.9,67.32,205
17,4215-3452,4215,83.98,0.0,10.76,68.42,437
17,4225-3413,4225,87.41,2.72,4.44,46.91,405
17,4225-3433,4225,92.31,0.0,3.85,33.33,156
17,4225-3445,4225,89.04,1.83,4.7,34.7,1533
17,4225-3457,4225,87.93,1.28,4.88,41.98,779
17,4225-3458,4225,86.85,2.68,4.6,41.51,783
17,4225-3461,4225,83.4,2.31,7.14,51.68,476
17,4225-3465,4225,84.0,0.33,9.33,58.33,300
17,4225-3467,4225,86.19,2.45,3.85,37.41,572
17,4245-3473,4245,81.86,2.64,7.75,35.2,1213
17,4245-3475,4245,79.13,3.24,9.93,45.65,896
17,4245-3477,4245,74.93,5.01,10.82,73.35,379
17,4245-3479,4245,84.83,2.99,4.91,27.99,468
17,4245-3481,4245,76.18,2.59,10.38,66.51,424
17,4245-3483,4245,75.86,4.6,9.77,42.72,522
17,4255-3409,4255,95.44,0.76,1.52,31.9,395
17,4255-3411,4255,95.49,0.27,2.39,30.5,377
17,4255-3418,4255,96.24,0.94,2.12,32.0,425
17,4255-3419,4255,95.56,0.32,1.58,25.04,631
17,4315-3521,4315,93.71,0.66,4.3,50.99,302
17,4315-3537,4315,96.13,1.01,2.18,54.45,595
17,4315-3545,4315,96.49,0.0,2.58,56.67,427
17,4325-3489,4325,97.28,0.29,1.0,32.66,698
17,4325-3490,4325,96.87,0.18,1.84,26.7,543
17,4335-3509,4335,90.02,1.43,1.02,48.68,491
17,4335-3553,4335,88.27,1.68,3.77,47.49,716
17,4335-3557,4335,88.59,2.09,4.02,61.25,622
17,4335-3573,4335,92.93,1.09,3.26,78.8,184
17,4335-3577,4335,90.61,1.62,3.88,81.55,309
17,4335-3581,4335,88.49,1.64,3.29,69.59,365
17,4345-3625,4345,90.55,1.03,5.54,48.05,487
17,4345-3630,4345,89.94,0.39,6.51,42.6,507
17,4345-3635,4345,76.26,0.18,20.5,44.96,556
17,4345-3637,4345,85.27,0.18,11.45,49.64,550
17,4345-3639,4345,85.5,0.21,11.22,33.12,945
17,4415-3589,4415,78.98,0.85,18.47,60.23,352
17,4415-3607,4415,63.87,1.64,29.01,58.03,548
17,4415-3608,4415,79.04,3.61,11.81,31.33,415
17,4415-3610,4415,59.17,1.98,31.9,60.0,605
17,4415-3613,4415,59.71,0.74,36.36,62.65,407
17,4415-3647,4415,75.69,2.25,19.26,39.98,2176
17,4415-3653,4415,79.67,2.38,13.55,38.83,546
17,4415-3661,4415,75.0,1.81,20.97,50.81,496
17,4415-3665,4415,76.07,2.14,15.81,55.77,468
17,4415-3673,4415,76.71,1.48,17.38,46.4,541
17,4415-3677,4415,76.17,2.77,15.74,38.09,470
17,4445-2139,4445,74.93,0.28,21.97,52.11,355
17,4445-3602,4445,82.02,0.34,11.6,49.08,595
17,4445-3603,4445,84.89,0.0,9.11,59.11,450
17,4445-3619,4445,84.55,0.23,10.23,57.05,440
17,4455-3642,4455,91.92,0.9,4.79,57.78,334
17,4455-3644,4455,92.88,0.85,3.99,43.59,351
17,4455-9173,4455,95.77,1.41,1.06,41.55,284
17,4455-9191,4455,91.56,1.65,4.94,33.33,486
17,4515-3686,4515,92.02,0.44,3.77,53.44,451
17,4515-3688,4515,91.32,0.74,4.47,41.94,403
17,4515-3690,4515,89.64,0.72,3.61,31.33,415
17,4525-3697,4525,92.96,1.13,3.52,29.56,795
17,4525-3698,4525,96.89,0.0,1.55,42.24,322
17,4525-3702,4525,96.22,0.5,1.51,32.24,397
17,4525-3704,4525,96.57,0.98,0.74,25.74,408
17,4525-3714,4525,94.96,0.59,2.67,32.64,337
17,4535-3730,4535,75.43,1.56,19.2,45.5,578
17,4535-3731,4535,77.36,0.63,18.24,46.75,477
17,4535-3741,4535,90.65,0.0,6.07,55.61,214
17,4535-3743,4535,73.64,0.87,21.13,52.07,459
17,4535-3745,4535,70.82,0.78,22.96,57.98,257
17,4580-3781,4580,81.2,0.2,13.6,33.2,500
17,4580-3782,4580,76.01,3.43,16.53,8.47,496
17,4580-3784,4580,81.52,2.67,10.48,20.19,525
17,4580-3785,4580,83.09,1.32,11.32,18.09,680
17,4590-3791,4590,42.6,8.43,43.28,76.99,439
17,4590-3797,4590,38.69,7.36,49.05,88.01,367
17,4590-3801,4590,46.93,9.33,37.07,81.07,375
17,4590-3805,4590,40.22,6.89,46.28,76.86,363
17,4600-3809,4600,11.38,66.32,16.84,55.53,2215
17,4600-3811,4600,11.05,63.9,19.05,62.1,1050
17,4600-3813,4600,12.98,62.05,19.52,65.98,917
17,4600-3821,4600,10.24,67.1,16.56,75.16,459
17,4600-3822,4600,14.29,53.25,23.19,60.11,539
17,4600-3826,4600,8.65,65.95,18.11,73.24,370
17,4600-3827,4600,32.92,32.6,26.65,48.9,319
17,4600-3829,4600,19.6,52.57,20.84,59.72,643
17,4615-3831,4615,68.89,8.41,15.72,21.94,916
17,4615-3833,4615,73.49,6.62,12.9,17.99,3263
17,4615-3837,4615,80.48,2.09,13.86,8.49,671
17,4615-3838,4615,76.58,5.26,14.56,17.81,1140
17,4615-3839,4615,74.51,2.64,17.8,17.58,455
17,4615-3840,4615,71.82,3.9,16.47,19.02,589
17,4615-3841,4615,70.69,4.75,17.34,18.78,969
17,4615-3843,4615,66.03,4.83,21.38,25.33,683
17,4615-4349,4615,66.54,5.51,21.32,29.04,544
17,4615-4351,4615,68.54,4.93,21.36,25.82,426
17,4645-3753,4645,85.04,1.84,10.66,27.46,488
17,4645-3845,4645,84.96,1.06,11.08,30.08,379
17,4645-3848,4645,87.47,0.0,9.55,29.72,471
17,4645-3851,4645,86.71,0.39,10.26,27.24,760
17,4645-3865,4645,86.66,1.08,9.76,20.35,1199
17,4650-3869,4650,34.14,38.5,23.16,83.46,665
17,4650-3885,4650,51.98,10.19,29.94,88.98,481
17,4650-3889,4650,27.21,46.89,18.36,91.8,305
17,4650-3893,4650,37.91,30.57,24.41,87.68,422
17,4660-3761,4660,77.98,1.94,12.51,18.82,1031
17,4660-3769,4660,84.91,0.43,10.13,38.58,464
17,4660-3773,4660,80.88,2.59,12.64,9.56,617
17,4660-3854,4660,74.04,3.25,16.02,16.63,493
17,4660-3901,4660,80.06,2.63,12.02,19.37,2778
17,4660-3903,4660,81.59,0.95,11.01,16.51,527
17,4660-3905,4660,77.86,2.29,12.6,24.24,524
17,4660-3907,4660,76.76,4.0,15.05,14.29,525
17,4660-3913,4660,78.56,2.66,13.47,27.89,527
17,4660-3915,4660,80.29,3.32,13.07,20.6,903
17,4670-3924,4670,1.54,48.14,49.11,84.39,1236
17,4670-3937,4670,1.9,75.48,20.48,91.9,420
17,4670-3941,4670,1.08,24.73,72.92,77.26,554
17,4670-3945,4670,1.01,77.39,19.85,89.45,398
17,4670-3953,4670,2.18,24.26,71.07,83.2,643
17,4670-3961,4670,0.44,58.92,38.3,81.43,684
17,4670-3963,4670,1.54,49.91,47.01,91.45,585
17,4680-3965,4680,51.49,6.3,36.95,76.36,571
17,4680-3973,4680,40.79,9.65,48.25,79.39,228
17,4680-3975,4680,47.77,8.01,40.06,78.04,337
17,4680-3985,4680,49.67,5.88,39.22,78.43,153
17,4690-4053,4690,0.2,96.55,1.62,63.89,493
17,4690-4057,4690,0.37,97.44,1.83,41.32,547
17,4690-4061,4690,2.5,94.5,1.25,82.75,400
17,4690-4081,4690,1.4,89.51,2.1,81.12,143
17,4690-4086,4690,1.14,93.62,2.05,84.97,439
17,4690-4104,4690,1.45,92.15,1.74,85.47,344
17,4690-4105,4690,1.57,90.79,3.82,81.8,445
17,4690-4113,4690,1.6,92.51,2.67,82.89,187
17,4690-4121,4690,2.76,86.72,4.01,75.44,399
17,4690-4155,4690,1.17,93.46,2.35,80.87,596
17,4690-4163,4690,0.98,91.87,2.81,85.69,713
17,4690-4168,4690,0.46,93.17,2.05,76.99,439
17,4690-4169,4690,0.44,92.33,2.51,87.76,678
17,4700-4171,4700,63.47,5.01,24.43,35.49,479
17,4700-4173,4700,48.88,21.38,25.25,48.88,800
17,4700-4177,4700,47.9,25.19,22.22,52.35,405
17,4700-4185,4700,28.88,42.96,23.87,70.41,419
17,4700-4189,4700,53.77,14.81,27.27,52.99,385
17,4710-4411,4710,15.89,9.94,70.97,83.89,1378
17,4710-4413,4710,19.16,37.71,39.31,78.19,1623
17,4710-4415,4710,4.46,47.59,45.78,85.54,830
17,4710-4417,4710,19.29,37.46,39.54,73.96,1348
17,4710-4422,4710,21.69,35.85,37.85,63.38,650
17,4710-4425,4710,3.01,53.56,40.68,91.23,730
17,4710-4433,4710,19.55,33.06,42.65,79.86,844
17,4710-4447,4710,9.49,25.18,58.39,81.02,274
17,4710-4449,4710,16.2,27.74,50.51,70.8,685
17,4710-4451,4710,30.13,6.62,61.26,59.93,302
17,4710-4453,4710,21.14,26.15,46.48,63.01,738
17,4710-4455,4710,7.03,12.69,74.79,75.3,583
17,4710-4457,4710,24.32,30.4,38.16,55.97,477
17,4710-4459,4710,11.11,54.29,27.62,55.24,315
17,4710-4461,4710,3.57,52.78,37.7,89.09,504
17,4710-4463,4710,13.0,9.91,71.05,70.59,646
17,4710-4465,4710,3.63,71.67,19.85,80.63,413
17,4710-4469,4710,19.77,24.48,50.09,62.9,531
17,4710-4479,4710,4.07,43.44,48.19,73.08,442
17,4710-4484,4710,18.02,47.75,29.91,81.44,555
17,4720-4281,4720,62.22,6.36,26.23,32.23,1117
17,4720-4283,4720,60.08,5.45,29.7,33.92,734
17,4720-4285,4720,57.7,4.23,35.95,47.73,331
17,4720-4290,4720,60.34,6.44,29.83,36.27,295
17,4720-4301,4720,63.12,2.72,30.45,32.43,404
17,4720-4303,4720,53.22,11.86,27.46,38.98,295
17,4730-4305,4730,65.93,7.67,23.0,40.32,1265
17,4730-4309,4730,62.1,6.96,26.66,48.72,934
17,4730-4311,4730,73.7,6.42,14.98,47.09,327
17,4730-4317,4730,62.87,8.88,23.23,42.37,439
17,4730-4325,4730,63.9,7.67,23.0,54.95,313
17,4730-4327,4730,70.25,5.51,20.66,37.33,726
17,4740-4332,4740,60.69,7.98,22.16,16.69,1516
17,4740-4333,4740,56.44,7.22,23.22,17.44,900
17,4740-4337,4740,52.6,8.74,25.46,22.86,538
17,4740-4341,4740,66.03,4.51,21.85,20.43,421
17,4740-4343,4740,55.82,7.5,19.94,13.24,627
17,4760-4353,4760,31.57,1.61,63.59,54.15,434
17,4760-4356,4760,25.19,3.38,65.04,64.29,266
17,4760-4361,4760,21.1,4.67,72.41,63.69,493
17,4805-4679,4805,85.21,0.0,8.36,39.23,311
17,4805-4689,4805,88.42,0.5,8.16,31.42,993
17,4805-4693,4805,75.31,1.05,20.29,49.58,478
17,4805-7345,4805,85.85,0.42,9.52,36.41,714
17,4805-7349,4805,89.84,0.0,4.78,26.69,502
17,4860-4699,4860,89.98,2.23,3.56,34.3,449
17,4860-4701,4860,85.84,3.88,5.94,32.65,438
17,4915-4692,4915,94.92,0.0,3.39,30.51,118
17,4915-4696,4915,93.1,0.0,4.6,42.15,261
17,4925-4373,4925,49.68,33.86,7.91,62.97,316
17,4925-4713,4925,64.03,19.9,8.67,70.92,392
17,4925-4788,4925,40.98,40.16,10.66,80.05,366
17,4925-4789,4925,43.11,34.44,10.97,69.64,392
17,4925-4795,4925,48.61,34.37,7.09,64.55,1763
17,4925-4805,4925,34.3,43.04,11.33,69.9,309
17,4925-4811,4925,22.75,52.1,8.98,74.45,501
17,4925-4821,4925,49.04,31.34,8.61,75.84,418
17,4925-4825,4925,45.21,28.77,12.88,76.71,365
17,4925-4829,4925,56.25,25.0,12.5,52.08,48
17,4925-4833,4925,35.69,37.94,15.76,82.32,311
17,4925-6829,4925,40.24,35.71,11.67,80.71,420
17,4940-4734,4940,88.71,0.62,7.39,34.09,487
17,4940-4737,4940,92.27,0.0,4.51,25.11,466
17,4945-4707,4945,77.78,0.54,14.09,50.41,369
17,4945-4717,4945,75.54,3.09,16.4,59.27,744
17,4945-4721,4945,76.42,3.3,8.02,74.06,212
17,4945-4727,4945,83.53,4.41,6.5,45.48,431
17,4945-4741,4945,76.73,3.65,14.45,46.35,2166
17,4945-4745,4945,76.43,3.9,14.71,53.45,666
17,4945-4749,4945,62.0,2.92,28.6,73.9,479
17,4945-4753,4945,86.05,2.33,5.72,22.54,559
17,4945-4757,4945,61.4,6.32,24.56,76.14,285
17,4945-4767,4945,74.7,4.38,12.65,58.64,411
17,4945-4773,4945,71.19,1.13,20.06,72.88,354
17,5075-4857,5075,95.15,0.0,3.03,48.48,165
17,5075-4865,5075,94.0,0.67,4.67,58.0,150
17,5075-4869,5075,93.94,0.87,0.87,47.19,231
17,5075-4873,5075,98.88,0.0,0.0,59.55,89
17,5075-4878,5075,96.96,0.0,1.1,43.65,362
17,5075-4885,5075,91.94,0.0,3.32,53.08,211
17,5075-4889,5075,96.99,0.0,2.26,43.23,266
17,5075-4891,5075,95.48,0.45,1.36,38.91,221
17,5075-4905,5075,92.28,0.37,4.23,54.96,544
17,5075-4909,5075,92.1,0.61,2.43,64.74,329
17,5075-4911,5075,92.85,0.32,2.94,36.85,1566
17,5075-4917,5075,89.27,0.77,6.13,64.75,261
17,5075-4921,5075,90.08,0.0,4.37,75.79,252
17,5075-4932,5075,88.26,0.0,4.98,63.7,281
17,5085-4861,5085,92.44,0.0,3.36,60.78,357
17,5085-4863,5085,93.86,0.25,2.95,58.23,407
17,5085-4924,5085,93.3,0.28,2.51,52.23,358
17,5085-4925,5085,95.93,0.41,1.22,38.9,491
17,5245-5005,5245,89.97,1.24,3.98,40.93,728
17,5245-5009,5245,91.0,0.67,3.56,44.78,900
17,5245-5011,5245,95.11,1.28,0.64,24.89,470
17,5245-5012,5245,93.0,1.17,1.75,25.36,343
17,5245-5025,5245,95.08,0.7,1.27,26.44,711
17,5255-4935,5255,94.44,1.03,1.68,32.43,774
17,5255-5053,5255,91.27,1.55,2.04,24.84,1421
17,5255-5057,5255,91.53,3.09,2.02,28.23,744
17,5255-5061,5255,92.28,1.05,2.22,28.42,855
17,5255-5064,5255,88.5,2.62,4.08,31.0,687
17,5265-5041,5265,90.07,0.13,7.52,47.65,745
17,5265-5065,5265,86.93,0.44,9.37,55.56,459
17,5265-5069,5265,84.87,0.28,10.64,52.38,357
17,5275-4945,5275,57.37,25.09,10.45,74.03,1933
17,5275-4953,5275,41.7,33.57,6.71,86.22,283
17,5275-4977,5275,60.97,19.06,7.72,89.26,661
17,5275-5023,5275,66.46,12.62,13.54,0.0,325
17,5275-5033,5275,61.34,17.62,10.44,89.4,613
17,5275-5076,5275,56.74,22.74,11.9,82.18,1403
17,5275-5102,5275,66.61,13.32,9.47,79.29,623
17,5275-5142,5275,24.96,26.25,40.1,96.3,621
17,5275-5146,5275,60.54,19.49,8.15,85.62,626
17,5280-5149,5280,89.68,0.76,6.37,62.22,659
17,5280-5151,5280,87.88,0.22,7.14,65.58,462
17,5280-5157,5280,86.57,0.19,8.02,64.18,536
17,5300-5177,5300,72.21,11.43,10.98,60.89,1767
17,5300-5178,5300,73.47,10.37,8.84,72.62,588
17,5300-5179,5300,65.45,14.1,12.04,69.73,631
17,5300-5181,5300,72.24,11.68,11.36,69.77,933
17,5300-5185,5300,66.67,13.98,12.45,76.82,522
17,5300-5187,5300,82.22,3.89,9.26,67.59,540
17,5300-5188,5300,80.63,6.76,9.46,68.92,222
17,5300-5189,5300,68.44,13.12,11.72,64.22,640
17,5300-5192,5300,69.46,11.66,10.67,63.22,609
17,5310-5193,5310,76.73,6.78,7.08,33.61,2669
17,5310-5194,5310,83.33,2.48,5.63,11.71,444
17,5310-5195,5310,73.06,9.99,8.47,38.37,1251
17,5310-5197,5310,78.71,2.73,6.0,38.97,916
17,5310-5198,5310,73.83,4.36,6.21,31.88,596
17,5310-5200,5310,79.59,2.23,5.38,30.61,539
17,5310-5201,5310,85.48,2.62,5.0,30.71,420
17,5310-5202,5310,77.17,3.89,9.56,56.64,565
17,5310-5203,5310,63.78,14.73,9.19,50.26,1154
17,5310-5205,5310,68.01,4.19,6.7,31.32,597
17,5330-5275,5330,23.63,52.35,16.45,60.98,2340
17,5330-5276,5330,27.74,46.58,17.46,54.48,2469
17,5330-5277,5330,21.09,51.34,19.79,68.02,1157
17,5330-5281,5330,11.66,63.61,17.88,83.2,643
17,5330-5283,5330,34.14,29.43,25.71,58.0,700
17,5330-5284,5330,25.83,41.11,23.69,56.68,1355
17,5330-5285,5330,23.48,51.94,16.45,70.06,541
17,5330-5287,5330,57.0,26.78,5.65,24.94,814
17,5330-5289,5330,15.97,40.4,35.44,88.05,745
17,5330-5291,5330,26.98,43.7,21.65,60.99,1238
17,5330-5293,5330,18.55,48.55,26.09,80.14,690
17,5330-5294,5330,29.37,14.61,47.56,46.7,698
17,5330-5295,5330,7.41,74.37,12.59,84.74,675
17,5330-5296,5330,34.33,40.46,14.76,60.53,603
17,5330-5298,5330,16.98,68.1,8.96,75.56,536
17,5330-5299,5330,10.66,24.73,57.24,82.65,732
17,5340-5307,5340,57.63,6.32,12.13,49.24,2358
17,5340-5309,5340,54.63,6.02,14.7,58.97,2191
17,5340-5310,5340,51.39,4.99,17.56,69.87,541
17,5340-5312,5340,53.63,7.96,14.71,60.03,578
17,5340-5315,5340,50.22,5.39,19.64,66.03,1151
17,5340-5319,5340,55.99,6.16,11.81,59.15,1202
17,5340-5321,5340,35.25,4.69,14.07,72.31,661
17,5340-5322,5340,46.36,4.37,8.96,61.25,893
17,5340-5325,5340,44.42,13.43,31.12,78.67,797
17,5340-5333,5340,53.14,5.87,5.87,60.79,732
17,5340-5337,5340,42.35,7.14,17.14,77.04,980
17,5340-5338,5340,45.9,2.83,6.06,62.58,743
17,5340-5345,5340,51.48,6.07,22.79,77.87,610
17,5340-5347,5340,31.7,1.04,6.99,81.1,672
17,5340-5351,5340,17.6,13.02,28.4,87.72,676
17,5340-5366,5340,69.56,2.89,10.71,52.55,588
17,5340-5372,5340,62.91,2.65,6.62,34.04,755
17,5350-5349,5350,28.1,46.53,11.68,43.8,548
17,5350-5352,5350,3.06,46.86,44.56,84.84,653
17,5350-5353,5350,8.8,61.68,21.05,63.91,3306
17,5350-5354,5350,7.57,53.17,31.7,78.73,489
17,5350-5355,5350,6.44,59.89,26.32,78.51,870
17,5350-5356,5350,5.27,55.64,34.67,80.61,949
17,5350-5357,5350,5.54,64.68,20.78,83.24,722
17,5350-5358,5350,21.26,54.33,14.37,60.83,508
17,5350-5359,5350,4.07,55.72,35.39,79.82,664
17,5350-5360,5350,7.23,55.12,30.42,70.8,733
17,5350-5363,5350,3.89,67.06,24.32,77.03,592
17,5350-5378,5350,4.73,78.3,10.26,69.43,507
17,5350-5380,5350,15.82,60.99,12.2,53.14,828
17,5360-5361,5360,25.67,54.12,13.3,67.93,3736
17,5360-5364,5360,23.69,55.39,9.97,73.69,612
17,5360-5367,5360,11.84,68.53,12.01,79.19,591
17,5360-5368,5360,42.93,33.39,16.12,67.93,608
17,5360-5369,5360,29.72,49.02,11.28,79.39,461
17,5360-5370,5360,38.39,36.44,16.05,79.83,461
17,5360-5373,5360,32.37,48.04,9.9,59.38,485
17,5360-5375,5360,13.74,60.88,16.22,82.82,524
17,5360-5377,5360,54.16,22.18,15.16,63.77,541
17,5360-5386,5360,18.7,49.26,25.37,84.81,540
17,5360-5389,5360,7.22,66.19,16.91,83.51,485
17,5360-5391,5360,17.23,64.19,8.95,79.05,592
17,5360-5395,5360,29.66,37.31,16.51,68.5,327
17,5360-5397,5360,31.49,41.41,16.41,69.27,524
17,5360-5399,5360,20.95,55.81,12.85,77.46,568
17,5360-5401,5360,11.8,64.25,16.53,84.82,593
17,5360-5402,5360,37.9,36.21,16.95,72.27,649
17,5370-5403,5370,59.27,18.94,14.75,37.35,739
17,5370-5406,5370,29.12,45.99,11.43,47.76,735
17,5370-5418,5370,11.82,47.04,31.28,80.67,812
17,5370-5424,5370,35.02,45.17,10.14,45.32,631
17,5370-5427,5370,10.37,31.84,42.07,78.24,694
17,5370-5430,5370,34.24,35.81,19.54,61.91,701
17,5370-5434,5370,36.59,32.93,28.05,0.0,82
17,5370-5436,5370,14.45,55.77,24.46,73.76,789
17,5370-5442,5370,49.13,29.1,11.57,42.91,804
17,5370-5445,5370,17.43,41.6,28.24,73.03,786
17,5370-5448,5370,20.7,47.71,20.92,55.5,937
17,5370-5451,5370,32.69,41.76,14.85,46.31,3772
17,5375-5213,5375,34.91,34.78,23.78,67.84,3137
17,5375-5219,5375,33.31,34.12,26.04,78.12,1225
17,5375-5221,5375,25.36,44.49,22.8,75.75,1171
17,5375-5222,5375,39.36,21.12,31.93,79.21,1212
17,5375-5223,5375,50.48,6.42,37.77,77.85,826
17,5375-5227,5375,35.71,36.72,20.2,80.94,787
17,5375-5241,5375,23.62,25.18,47.96,90.53,834
17,5375-5257,5375,31.56,26.11,32.7,78.83,789
17,5375-5261,5375,32.8,25.0,33.17,87.5,808
17,5375-5265,5375,56.25,27.17,8.67,46.17,784
17,5375-5267,5375,5.95,55.41,32.82,68.73,841
17,5375-5270,5375,63.22,8.38,22.51,83.12,764
17,5375-5271,5375,49.48,36.08,6.19,59.79,97
17,5375-5273,5375,21.62,36.16,35.78,75.93,777
17,5375-5274,5375,18.88,50.39,22.14,78.12,768
17,5375-5288,5375,73.08,14.84,9.89,4.4,182
17,5375-5446,5375,34.44,38.06,17.08,65.14,720
17,5375-5447,5375,38.05,31.36,22.11,68.89,389
17,5380-5449,5380,75.55,9.38,8.32,57.11,949
17,5380-5453,5380,75.31,9.34,6.64,69.29,482
17,5380-5457,5380,75.73,6.07,7.95,70.71,478
17,5380-5461,5380,71.73,9.85,10.41,70.46,711
17,5380-5463,5380,74.54,6.78,7.39,65.09,487
17,5385-5465,5385,3.37,88.34,5.7,61.14,386
17,5385-5466,5385,3.66,83.88,9.89,71.06,273
17,5385-5469,5385,13.06,51.12,31.53,64.18,1960
17,5385-5473,5385,6.58,60.94,29.4,62.82,745
17,5385-5477,5385,9.45,63.94,21.26,60.47,635
17,5385-5483,5385,5.37,60.03,29.52,58.76,708
17,5385-5487,5385,30.46,41.78,19.41,53.64,371
17,5385-5494,5385,7.09,72.27,18.22,65.59,494
17,5385-5498,5385,9.69,71.28,12.8,59.52,289
17,5385-5509,5385,9.09,59.31,24.68,66.23,231
17,5385-5512,5385,5.57,52.32,39.01,67.8,323
17,5385-5513,5385,25.76,32.58,32.95,73.11,264
17,5385-5514,5385,26.54,55.26,10.96,74.78,456
17,5385-5515,5385,12.84,39.37,42.95,85.47,475
17,5385-5516,5385,4.84,63.44,26.88,73.12,413
17,5385-5517,5385,6.78,63.39,24.07,75.25,295
17,5385-5531,5385,51.75,16.7,22.89,74.64,485
17,5385-5534,5385,60.7,12.96,16.87,72.84,486
17,5385-5538,5385,47.93,36.41,8.29,40.09,217
17,5385-5539,5385,57.25,18.12,18.3,76.45,552
17,5385-5542,5385,4.99,79.42,10.81,83.16,481
17,5385-5543,5385,6.94,86.75,1.26,78.55,317
17,5385-5544,5385,6.2,61.24,29.84,67.83,258
17,5385-5546,5385,47.84,15.81,28.34,78.64,487
17,5385-5548,5385,3.39,92.69,1.83,74.67,383
17,5385-5549,5385,33.0,12.9,50.92,77.22,597
17,5385-5551,5385,6.08,54.05,38.29,70.5,444
17,5385-5554,5385,17.45,59.9,14.43,76.34,596
17,5385-5555,5385,27.33,56.98,10.47,53.49,172
17,5385-5556,5385,11.99,70.55,11.64,71.23,292
17,5385-5557,5385,35.33,20.0,41.33,64.67,150
17,5385-5558,5385,29.06,45.55,18.06,84.03,382
17,5385-5560,5385,61.98,24.38,6.82,28.31,484
17,5385-5563,5385,7.56,57.11,33.11,71.56,450
17,5385-5565,5385,47.01,17.93,23.51,79.28,251
17,5385-5567,5385,15.18,25.31,54.28,76.61,573
17,5385-5569,5385,2.44,85.85,11.22,70.73,205
17,5385-5570,5385,11.28,65.39,17.21,69.22,523
17,5385-5574,5385,10.07,15.97,71.88,74.31,288
17,5385-5577,5385,48.95,24.35,14.66,35.86,382
17,5385-5579,5385,6.15,30.9,56.65,82.26,699
17,5385-5582,5385,59.54,13.56,21.38,82.07,435
17,5385-5583,5385,3.34,62.88,30.77,80.27,299
17,5385-5587,5385,13.65,34.42,47.77,78.93,337
17,5385-5588,5385,14.77,68.0,12.92,82.46,325
17,5385-5590,5385,9.57,40.69,45.48,75.53,376
17,5385-5591,5385,48.9,29.14,12.77,37.52,501
17,5385-5593,5385,7.37,76.58,11.58,75.53,380
17,5385-5596,5385,2.64,24.28,71.63,90.87,416
17,5385-5597,5385,33.47,40.17,18.83,100.0,239
17,5385-5601,5385,11.64,28.91,54.0,81.45,550
17,5385-5602,5385,12.2,71.54,14.63,66.67,123
17,5385-5603,5385,2.9,78.79,12.28,40.85,448
17,5385-5605,5385,4.72,73.11,19.58,83.25,424
17,5385-5606,5385,2.59,82.71,7.2,75.79,347
17,5385-5607,5385,6.72,46.03,41.34,70.88,491
17,5385-5609,5385,4.12,53.56,40.45,77.15,267
17,5385-5614,5385,35.14,45.5,13.74,75.23,444
17,5385-5619,5385,6.79,59.5,31.0,75.34,442
17,5385-5623,5385,8.73,76.28,10.63,81.4,527
17,5385-5635,5385,67.91,11.69,10.7,21.89,402
17,5385-5643,5385,27.0,33.26,34.77,62.85,463
17,5385-5659,5385,82.65,5.78,2.65,4.58,415
17,5385-5662,5385,4.61,48.56,44.09,72.48,694
17,5385-5668,5385,39.28,40.86,14.67,39.05,443
17,5385-5674,5385,25.05,26.04,43.0,77.91,507
17,5400-5889,5400,49.45,25.09,13.28,56.09,271
17,5400-5891,5400,54.2,23.47,13.36,53.05,524
17,5400-5893,5400,32.47,43.83,14.94,63.96,308
17,5400-5897,5400,70.81,8.07,7.45,40.99,161
17,5400-5901,5400,60.22,29.28,4.42,48.07,181
17,5400-5905,5400,33.05,29.91,23.93,67.52,351
17,5455-5245,5455,88.86,1.81,6.48,57.25,386
17,5455-5928,5455,83.21,0.76,11.2,64.63,393
17,5470-5936,5470,93.88,0.0,4.59,50.15,327
17,5470-5937,5470,92.46,0.66,4.59,33.11,305
17,5480-5941,5480,72.64,1.01,23.34,28.37,497
17,5480-5943,5480,71.34,0.5,26.54,46.72,991
17,5485-5933,5485,80.89,0.79,15.45,52.62,382
17,5485-5945,5485,71.98,0.78,24.54,53.26,1149
17,5485-5949,5485,69.12,0.18,27.29,57.09,557
17,5485-5956,5485,72.06,1.84,23.16,61.03,544
17,5485-5961,5485,67.38,1.22,28.35,68.6,328
17,5485-5965,5485,63.17,1.13,32.29,60.91,353
17,5485-5969,5485,71.12,0.82,23.43,58.31,367
17,5495-5922,5495,92.53,0.0,4.77,46.47,482
17,5495-5923,5495,88.83,0.5,6.95,41.69,403
17,5520-5985,5520,97.74,0.0,1.13,56.39,266
17,5520-5989,5520,93.48,0.31,2.17,67.39,322
17,5525-5997,5525,96.24,0.38,1.5,44.36,266
17,5525-6001,5525,96.54,0.38,1.54,43.85,260
17,5525-6003,5525,96.09,0.0,0.71,40.21,281
17,5615-6012,5615,79.94,2.87,5.16,68.77,349
17,5615-6032,5615,86.79,1.95,4.65,46.85,666
17,5615-6033,5615,84.19,3.02,4.8,59.5,563
17,5615-6035,5615,83.83,2.56,3.64,61.59,742
17,5620-6049,5620,93.29,0.89,3.36,34.23,447
17,5620-6051,5620,93.15,1.17,3.52,39.92,511
17,5625-2305,5625,86.39,1.36,8.16,31.97,294
17,5625-2306,5625,86.52,1.12,6.74,40.45,267
17,5625-6069,5625,91.78,0.98,5.09,28.77,511
17,5625-6073,5625,91.38,1.31,3.92,34.2,383
17,5625-6081,5625,86.99,0.74,8.18,35.69,269
17,5635-6085,5635,88.76,1.95,2.4,49.93,667
17,5635-6089,5635,89.64,2.07,3.55,50.3,338
17,5635-6093,5635,85.03,4.28,5.1,57.4,608
17,5635-6097,5635,88.27,2.39,2.19,57.06,503
17,5705-6117,5705,89.26,0.0,6.04,33.56,149
17,5705-6144,5705,91.3,2.17,5.43,28.26,92
17,5705-6146,5705,91.55,0.73,2.94,33.05,817
17,5705-6147,5705,93.3,0.65,2.12,36.11,612
17,5705-6151,5705,88.72,0.87,3.99,40.1,576
17,5705-6153,5705,89.5,0.53,3.2,39.32,562
17,5740-6123,5740,94.55,0.45,0.91,27.27,220
17,5740-6134,5740,93.6,0.0,2.0,29.6,500
17,5740-6157,5740,82.58,3.17,7.69,56.56,442
17,5740-6162,5740,79.03,6.45,5.11,52.96,372
17,5740-6164,5740,71.64,9.76,8.29,49.54,543
17,5740-6166,5740,82.33,3.67,4.02,21.92,1715
17,5740-6168,5740,77.36,5.21,5.57,31.11,1652
17,5740-6170,5740,75.65,6.13,3.9,34.01,538
17,5740-6172,5740,76.33,6.11,8.48,43.79,507
17,5740-6173,5740,73.13,3.17,5.22,15.11,536
17,5740-6181,5740,76.58,9.81,3.16,59.18,316
17,5740-6187,5740,78.5,2.37,3.35,6.9,507
17,5740-6189,5740,86.62,2.35,4.23,41.78,426
17,5740-6197,5740,59.57,14.89,10.33,86.02,329
17,5740-6202,5740,80.73,3.67,8.26,36.7,109
17,5740-6213,5740,94.06,0.91,3.2,28.77,219
17,5740-6217,5740,70.98,3.43,4.49,16.09,379
17,5740-6220,5740,74.58,13.56,3.39,61.02,59
17,5740-6223,5740,78.43,3.92,4.99,24.42,561
17,5740-6225,5740,66.54,11.65,9.4,59.21,532
17,5740-6226,5740,61.52,5.61,4.24,32.42,660
17,5835-6240,5835,93.4,0.0,3.96,35.97,303
17,5835-6243,5835,85.12,0.35,11.07,47.75,289
17,5835-6244,5835,92.84,0.0,2.96,43.46,405
17,5835-6246,5835,90.91,0.7,5.24,37.76,286
17,5835-6271,5835,94.35,0.65,3.06,31.61,620
17,5845-6233,5845,87.67,0.46,2.28,51.6,219
17,5845-6257,5845,96.18,0.36,1.45,30.55,550
17,5845-6258,5845,95.73,0.0,2.44,46.34,164
17,5845-6261,5845,91.43,0.41,3.67,36.33,245
17,5845-6269,5845,92.23,0.2,3.78,36.25,502
17,5855-6277,5855,79.06,1.42,15.24,51.57,702
17,5855-6281,5855,75.09,2.58,16.05,64.39,542
17,5855-6289,5855,78.02,1.37,14.56,62.91,364
17,5855-6293,5855,78.96,4.26,15.37,62.88,423
17,5855-6301,5855,74.62,2.28,20.56,65.99,394
17,5855-6305,5855,70.92,0.71,26.95,60.99,141
17,5900-6315,5900,92.11,1.69,3.38,38.31,355
17,5900-6321,5900,95.26,0.57,1.33,27.89,527
17,5900-6323,5900,94.1,0.76,2.57,44.78,661
17,5910-6325,5910,97.73,0.0,0.91,40.91,220
17,5910-6327,5910,96.15,0.64,2.56,47.44,156
17,5925-6309,5925,97.33,0.44,1.33,24.44,225
17,5925-6329,5925,95.18,0.59,1.25,41.91,1515
17,5925-6332,5925,92.98,0.81,2.43,45.88,741
17,5925-6334,5925,94.49,1.16,0.87,51.59,345
17,5925-6337,5925,94.66,0.49,2.43,54.37,206
17,5925-6341,5925,95.43,1.83,1.37,32.42,219
17,5925-6344,5925,91.96,1.34,4.29,49.87,373
17,5925-6349,5925,94.93,0.8,2.13,64.53,375
17,5925-6357,5925,95.97,0.4,0.4,63.31,248
17,5925-6361,5925,96.98,0.5,0.0,60.55,398
17,5930-6369,5930,92.58,0.43,2.5,31.53,1402
17,5930-6373,5930,92.42,0.57,2.0,39.91,699
17,5930-6375,5930,95.16,0.37,1.49,51.96,537
17,5930-6381,5930,91.32,0.6,2.99,57.19,334
17,5930-6385,5930,91.43,1.4,4.05,45.79,642
17,5930-6387,5930,95.21,0.0,0.0,41.38,522
17,5930-6393,5930,95.57,0.63,1.58,35.76,316
17,5945-6397,5945,91.95,0.0,5.75,59.2,174
17,5945-6405,5945,91.24,0.0,5.53,49.31,217
17,5945-6409,5945,86.92,0.29,12.5,61.92,344
17,5945-6411,5945,92.18,0.0,4.75,43.4,652
17,5995-6417,5995,85.91,1.36,11.36,49.55,220
17,5995-6431,5995,84.53,0.23,13.16,66.05,433
17,5995-6433,5995,86.93,1.51,9.55,57.79,199
17,6055-6442,6055,93.23,0.4,2.39,45.02,251
17,6055-6453,6055,95.22,0.3,1.79,37.31,670
17,6055-6454,6055,93.31,0.33,2.34,42.81,299
17,6060-6457,6060,94.19,0.47,3.72,38.14,430
17,6060-6458,6060,90.36,0.71,6.17,34.7,1265
17,6060-6461,6060,90.34,0.54,7.16,47.23,559
17,6060-6465,6060,96.66,0.0,2.43,63.22,329
17,6060-6477,6060,91.04,0.0,5.6,56.3,357
17,6060-6478,6060,84.45,0.46,12.3,64.04,431
17,6060-6485,6060,93.16,0.98,2.28,34.2,307
17,6065-6489,6065,49.32,0.55,49.32,54.52,730
17,6065-6491,6065,49.74,0.51,48.46,60.77,390
17,6065-6509,6065,46.16,0.14,52.56,62.07,704
17,6065-6510,6065,48.1,0.17,50.52,63.84,578
17,6080-6511,6080,96.85,0.0,0.57,39.26,349
17,6080-6512,6080,94.68,0.53,2.66,37.23,188
17,6080-6513,6080,95.71,0.86,1.29,26.18,233
17,6145-6573,6145,99.42,0.0,0.29,41.33,346
17,6145-6577,6145,97.89,0.21,0.21,54.55,473
17,6155-6581,6155,95.04,0.44,1.75,45.11,685
17,6155-6587,6155,94.74,0.79,1.97,54.34,760
17,6160-6589,6160,84.73,4.73,4.95,43.87,465
17,6160-6591,6160,88.08,1.3,2.85,50.0,386
17,6195-6597,6195,95.25,0.53,0.79,49.6,379
17,6195-6601,6195,96.02,0.0,0.57,71.59,176
17,6195-6605,6195,94.41,0.0,1.12,64.8,179
17,6195-6613,6195,96.06,0.49,0.37,40.84,813
17,6195-6617,6195,94.45,0.73,1.61,51.39,685
17,6195-6619,6195,93.5,0.56,2.54,50.0,354
17,6260-6621,6260,95.81,1.29,0.97,55.81,310
17,6260-6627,6260,95.37,0.63,2.74,52.42,475
17,6260-6629,6260,90.09,0.43,9.48,72.84,232
17,6325-6705,6325,97.15,0.0,0.71,38.94,701
17,6325-6708,6325,95.93,0.18,1.24,35.4,565
17,6340-6733,6340,93.44,1.93,1.93,77.61,259
17,6350-6741,6350,92.06,0.16,2.34,37.23,642
17,6350-6745,6350,92.24,0.61,2.42,50.3,825
17,6375-6637,6375,95.11,0.0,1.72,50.0,348
17,6375-6645,6375,93.12,0.79,2.91,58.73,378
17,6375-6647,6375,96.36,0.0,1.45,54.18,275
17,6375-6649,6375,94.59,0.0,1.35,53.15,222
17,6445-6763,6445,94.77,0.51,2.36,34.06,593
17,6445-6768,6445,95.96,0.95,1.19,42.99,421
17,6445-6808,6445,94.57,0.0,1.71,48.0,350
17,6445-6809,6445,96.24,0.4,0.79,42.57,505
17,6460-6813,6460,83.24,1.35,12.16,31.35,370
17,6460-6814,6460,82.95,2.27,11.36,35.23,264
17,6460-6815,6460,82.29,3.24,11.24,37.14,525
17,6470-6817,6470,88.61,0.36,10.32,16.37,281
17,6470-6819,6470,80.48,2.7,10.51,29.73,333
17,6470-6821,6470,83.94,0.0,11.83,26.2,355
17,6470-6823,6470,79.16,2.0,12.63,32.26,499
17,6470-6925,6470,83.34,2.36,9.15,22.77,2077
17,6470-6927,6470,76.02,2.6,15.99,34.01,538
17,6470-6928,6470,76.85,2.86,14.8,38.19,419
17,6470-6930,6470,83.23,1.83,10.26,26.83,984
17,6470-6941,6470,78.37,1.4,13.2,31.74,356
17,6510-6825,6510,90.28,1.42,5.45,11.85,422
17,6510-6828,6510,88.47,1.15,7.78,14.99,347
17,6510-6833,6510,91.96,0.0,5.57,25.15,485
17,6510-6835,6510,90.08,1.07,6.97,22.52,373
17,6510-6849,6510,84.54,0.21,11.96,20.41,485
17,6510-6852,6510,85.6,2.17,8.7,22.28,368
17,6520-6837,6520,79.69,2.08,16.67,21.88,192
17,6520-6838,6520,82.9,2.39,12.92,27.83,503
17,6520-6839,6520,83.33,1.26,13.52,19.81,318
17,6520-6840,6520,79.25,2.59,17.29,19.31,347
17,6530-6841,6530,81.92,1.27,12.84,16.09,553
17,6530-6843,6530,82.6,2.06,11.21,23.01,339
17,6530-6845,6530,83.14,3.2,11.05,17.73,344
17,6530-6846,6530,81.28,3.65,12.33,42.47,219
17,6550-6853,6550,61.71,11.42,21.37,49.43,2531
17,6550-6857,6550,56.94,13.04,23.81,63.77,483
17,6550-6859,6550,58.12,12.9,23.04,57.54,690
17,6550-6861,6550,60.31,11.88,23.77,56.05,446
17,6550-6865,6550,52.8,12.38,26.5,63.83,517
17,6550-6869,6550,55.73,11.45,28.5,51.15,393
17,6550-6871,6550,57.39,11.5,24.64,53.83,1096
17,6550-6874,6550,51.09,15.0,28.7,48.48,460
17,6550-6876,6550,58.77,10.23,23.39,70.47,342
17,6550-6877,6550,57.62,8.79,25.32,56.33,387
17,6550-6879,6550,69.89,7.53,18.28,54.84,372
17,6560-6881,6560,82.56,3.27,8.17,22.19,2082
17,6560-6885,6560,83.54,2.33,7.82,16.87,729
17,6560-6887,6560,75.84,5.92,11.04,35.04,625
17,6560-6888,6560,66.12,6.25,21.05,50.0,304
17,6560-6891,6560,69.25,4.43,17.45,36.57,361
17,6560-6893,6560,69.04,8.36,13.35,41.81,562
17,6560-6897,6560,83.63,0.71,8.19,20.64,281
17,6560-6909,6560,86.27,1.4,8.4,12.04,357
17,6560-6913,6560,82.51,2.04,10.79,19.53,343
17,6560-6917,6560,81.55,3.27,7.74,14.88,336
17,6560-6921,6560,75.09,2.14,16.73,40.57,281
17,6590-6949,6590,90.76,1.67,2.42,30.0,660
17,6590-6953,6590,91.4,1.08,2.15,35.7,465
17,6590-6961,6590,81.5,4.29,6.7,61.13,373
17,6590-6965,6590,95.99,0.73,0.73,27.01,274
17,6590-6969,6590,93.65,0.32,1.59,35.87,315
17,6600-6973,6600,96.14,0.0,0.97,32.85,207
17,6600-6975,6600,95.38,0.6,1.81,26.71,498
17,6600-6985,6600,93.68,0.23,2.26,41.99,443
17,6600-6989,6600,96.19,0.0,0.59,24.34,341
17,6620-6994,6620,93.75,0.82,3.78,45.72,608
17,6620-6996,6620,92.57,0.74,4.09,44.98,269
17,6620-6997,6620,92.31,0.27,4.24,37.14,377
17,6630-7025,6630,91.96,0.0,5.94,39.86,286
17,6630-7027,6630,94.57,0.0,4.57,62.29,350
17,6630-7031,6630,93.09,0.0,4.26,54.79,188
17,6705-7055,6705,94.62,0.0,1.7,46.74,353
17,6705-7056,6705,95.76,0.0,1.77,42.76,283
17,6705-7057,6705,88.97,0.0,8.82,45.59,136
17,6705-7071,6705,95.04,0.0,2.48,34.44,363
17,6715-7041,6715,97.18,0.71,0.71,44.0,425
17,6715-7045,6715,96.8,0.0,0.91,51.14,219
17,6715-7049,6715,96.32,0.57,0.85,41.36,353
17,6715-7061,6715,96.05,0.66,1.54,36.4,456
17,6750-7077,6750,92.43,1.04,1.31,40.73,383
17,6750-7082,6750,94.85,0.41,1.24,60.41,485
17,6750-7085,6750,94.37,0.0,1.97,56.34,355
17,6755-7089,6755,92.45,1.08,2.88,38.67,556
17,6755-7093,6755,91.48,0.73,2.92,44.04,411
17,6755-7102,6755,89.69,1.35,2.02,44.84,446
17,6755-7105,6755,90.53,1.05,1.05,41.05,190
17,6755-7107,6755,94.14,0.62,1.23,42.59,324
17,6795-7117,6795,96.0,0.0,2.4,61.6,125
17,6795-7119,6795,92.37,0.0,4.58,58.02,131
17,6805-7113,6805,87.73,0.37,6.32,58.74,269
17,6805-7121,6805,95.31,0.0,2.34,41.8,256
17,6820-7151,6820,92.44,0.74,1.66,43.54,542
17,6820-7152,6820,94.15,0.19,1.7,44.15,530
17,6825-7125,6825,95.07,1.12,2.02,49.55,446
17,6825-7129,6825,92.97,0.61,3.36,58.1,327
17,6825-7133,6825,90.46,0.0,3.62,50.99,304
17,6825-7145,6825,91.25,0.38,5.32,57.03,263
17,6825-7146,6825,93.17,0.0,2.44,51.71,205
17,6835-7161,6835,77.51,2.63,16.51,57.66,418
17,6835-7164,6835,67.02,0.42,28.36,70.17,476
17,6865-7174,6865,98.51,0.0,0.99,52.97,202
17,6865-7178,6865,95.73,0.85,0.51,55.9,585
17,6865-7182,6865,96.34,0.0,1.69,45.92,355
17,6895-7217,6895,94.42,0.0,3.27,19.59,735
17,6895-7218,6895,89.31,0.42,4.19,31.24,477
17,6895-7219,6895,91.04,0.43,5.12,28.78,469
17,6895-7229,6895,91.44,0.42,5.01,30.06,479
17,6900-7193,6900,97.32,0.49,0.73,37.47,411
17,6900-7203,6900,97.25,0.46,0.23,38.99,436
17,6910-7205,6910,98.06,0.24,0.73,32.52,412
17,6910-7207,6910,97.4,0.43,0.87,40.69,231
17,6910-7209,6910,97.24,0.0,0.59,47.34,507
17,6995-7233,6995,95.09,0.61,2.45,54.6,163
17,6995-7253,6995,94.15,0.98,3.41,51.71,205
17,6995-7271,6995,91.15,2.62,0.66,60.98,305
17,6995-7272,6995,91.28,1.56,1.87,61.99,321
17,6995-7285,6995,93.83,0.8,2.28,41.69,746
17,6995-7290,6995,95.96,1.08,1.08,53.1,371
17,7150-5916,7150,89.37,0.33,6.64,39.53,301
17,7150-7453,7150,92.1,0.0,3.95,33.33,582
17,7150-7456,7150,90.41,0.92,3.87,37.27,542
17,7150-7457,7150,89.83,1.15,4.41,45.11,521
17,7175-7323,7175,51.21,23.48,9.51,55.26,494
17,7175-7324,7175,78.8,3.6,7.2,9.6,500
17,7175-7329,7175,80.53,2.88,4.81,17.79,416
17,7175-7334,7175,78.24,6.05,5.84,28.13,942
17,7175-7336,7175,78.62,8.22,6.58,42.27,608
17,7175-7341,7175,91.13,0.81,1.61,24.19,124
17,7175-7353,7175,77.36,6.48,5.13,19.63,3551
17,7175-7361,7175,82.39,3.67,6.42,36.15,545
17,7175-7365,7175,71.91,4.21,13.2,40.73,356
17,7175-7372,7175,82.16,1.82,2.73,11.14,880
17,7175-7377,7175,85.91,2.31,5.08,34.41,433
17,7175-7379,7175,86.82,2.52,3.88,23.45,516
17,7175-7383,7175,83.13,1.98,5.78,11.4,658
17,7175-7386,7175,69.21,10.53,7.89,48.16,380
17,7175-7390,7175,69.54,2.37,3.38,5.58,591
17,7200-7459,7200,80.94,4.7,5.8,47.24,362
17,7200-7461,7200,80.08,6.62,6.75,56.79,1481
17,7200-7465,7200,77.46,7.47,6.95,66.19,763
17,7200-7467,7200,62.5,18.06,12.5,98.61,72
17,7200-7469,7200,69.68,7.22,8.66,76.53,277
17,7200-7473,7200,79.05,6.19,7.46,52.54,630
17,7200-7478,7200,63.2,16.2,9.0,76.4,500
17,7200-7481,7200,60.34,16.3,10.95,86.37,411
17,7200-7485,7200,65.05,11.11,10.1,83.03,495
17,7200-7499,7200,73.59,5.64,13.06,55.79,337
17,7205-7313,7205,36.95,32.82,19.64,65.89,387
17,7205-7321,7205,18.14,44.12,27.45,83.82,204
17,7205-7417,7205,37.22,23.97,30.28,73.5,317
17,7205-7421,7205,45.06,33.33,10.06,68.59,1143
17,7205-7425,7205,43.38,33.58,12.25,71.81,408
17,7205-7435,7205,56.76,19.33,8.94,71.31,481
17,7205-7441,7205,47.81,23.36,13.14,58.39,274
17,7205-7505,7205,39.19,27.09,20.57,58.03,1794
17,7205-7510,7205,26.67,42.44,16.44,75.56,450
17,7205-7512,7205,47.07,21.86,17.68,47.67,837
17,7205-7513,7205,35.31,32.75,20.5,68.78,1249
17,7205-7517,7205,9.71,51.43,30.02,79.58,906
17,7205-7521,7205,18.06,43.75,27.55,84.95,432
17,7205-7533,7205,13.9,50.34,25.74,84.74,439
17,7205-7534,7205,22.63,59.47,14.74,67.37,190
17,7205-7537,7205,29.17,44.36,14.46,77.94,408
17,7205-7545,7205,8.53,31.4,54.43,86.63,621
17,7205-7546,7205,61.33,17.52,8.46,47.13,331
17,7205-7549,7205,38.36,34.51,12.52,67.42,623
17,7205-7555,7205,39.37,25.83,25.67,50.55,635
17,7205-7557,7205,0.0,67.74,12.9,45.16,31
17,7205-7559,7205,20.26,41.35,30.31,85.01,607
17,7205-7561,7205,18.2,41.2,27.4,88.0,500
17,7205-7569,7205,21.73,47.41,20.0,78.77,405
17,7205-7573,7205,10.58,59.88,20.96,87.62,501
17,7205-7577,7205,34.66,46.58,8.17,61.59,453
17,7205-7581,7205,28.23,41.16,14.51,81.27,379
17,7205-7585,7205,29.46,42.86,13.39,85.71,336
17,7205-7588,7205,18.38,28.92,44.61,84.31,408
17,7205-7593,7205,16.29,49.1,25.34,81.0,442
17,7205-7597,7205,5.24,34.9,52.62,91.86,553
17,7205-7601,7205,38.3,36.5,8.74,70.44,389
17,7205-7605,7205,60.51,17.83,16.56,21.66,157
17,7205-7613,7205,27.59,50.25,9.85,76.85,203
17,7205-7617,7205,23.23,46.46,22.44,27.17,254
17,7205-7621,7205,59.76,25.74,4.73,39.64,338
17,7205-7632,7205,44.0,36.0,16.0,40.0,25
17,7215-7399,7215,91.17,0.9,5.23,45.23,555
17,7215-7400,7215,89.83,0.34,6.9,54.14,580
17,7230-7629,7230,95.43,0.25,1.27,57.61,394
17,7230-7630,7230,91.94,0.59,2.75,68.57,509
17,7230-7631,7230,97.3,0.0,1.16,65.64,259
17,7255-7633,7255,93.45,0.36,5.09,64.73,275
17,7255-7637,7255,96.19,0.0,1.9,60.0,210
17,7255-7641,7255,94.97,0.25,1.84,46.5,815
17,7255-7645,7255,93.13,0.0,3.67,57.03,626
17,7255-7649,7255,93.78,0.89,2.67,64.67,450
17,7255-7653,7255,95.87,0.0,2.06,43.95,339
17,7285-7661,7285,95.44,0.0,3.42,30.2,351
17,7285-7663,7285,94.46,1.11,2.58,34.69,271
17,7285-7665,7285,94.86,0.0,3.08,31.85,292
17,7285-7667,7285,96.72,0.36,1.82,43.43,274
17,7350-7689,7350,92.75,1.92,1.28,29.21,469
17,7350-7691,7350,94.3,1.85,2.01,40.27,596
17,7350-7697,7350,93.18,1.88,3.53,42.12,425
17,7360-7701,7360,94.38,0.62,2.81,27.19,320
17,7360-7703,7360,95.67,0.0,3.97,38.27,277
17,7365-7671,7365,56.76,27.03,13.51,97.3,37
17,7365-7717,7365,83.39,2.42,9.78,38.93,1156
17,7365-7721,7365,78.66,1.41,13.22,45.4,923
17,7365-7725,7365,66.34,1.32,26.57,54.62,606
17,7365-7729,7365,82.0,0.15,11.61,49.06,689
17,7365-7733,7365,81.46,1.37,11.25,44.98,658
17,7385-7751,7385,93.67,0.0,3.17,47.51,221
17,7385-7753,7385,72.67,0.93,23.29,49.69,322
17,7385-7755,7385,95.83,0.0,2.08,16.25,240
17,7385-7759,7385,91.76,0.32,6.95,24.07,619
17,7385-7761,7385,91.0,0.35,6.23,31.83,289
17,7385-7767,7385,96.03,0.28,1.7,17.28,353
17,7445-7789,7445,95.8,0.0,0.42,36.13,238
17,7445-7795,7445,91.89,0.49,2.95,36.36,407
17,7445-7797,7445,90.3,0.67,4.01,48.16,299
17,7445-7803,7445,86.12,1.42,5.34,48.4,281
17,7495-7818,7495,92.79,0.31,4.08,54.86,319
17,7495-7831,7495,90.15,0.38,7.2,49.62,264
17,7515-7849,7515,91.92,0.58,5.96,50.96,520
17,7515-7851,7515,92.29,0.0,5.14,55.93,506
17,7525-7833,7525,93.3,0.34,4.69,49.92,597
17,7525-7837,7525,91.59,0.0,6.25,53.02,464
17,7525-7845,7525,92.42,0.69,5.17,57.41,871
17,7605-7877,7605,92.08,0.33,2.64,34.32,303
17,7605-7881,7605,95.93,0.0,1.74,40.41,344
17,7605-7884,7605,95.02,0.77,2.3,41.0,261
17,7610-7885,7610,93.04,0.63,2.53,29.11,158
17,7610-7889,7610,97.65,0.0,1.18,36.47,170
17,7615-7893,7615,84.87,0.68,9.56,35.04,879
17,7615-7895,7615,84.39,1.18,10.31,46.24,679
17,7615-7897,7615,75.0,0.35,19.72,63.38,284
17,7615-7899,7615,93.79,0.0,2.53,32.18,435
17,7615-7901,7615,82.58,0.84,11.24,61.52,356
17,7615-7905,7615,96.51,0.0,2.91,45.93,172
17,7645-7911,7645,95.61,0.98,0.98,57.56,205
17,7645-7917,7645,95.41,0.35,1.41,45.23,283
17,7645-7921,7645,97.29,0.0,1.94,60.47,258
17,7645-7941,7645,97.83,0.72,1.45,53.62,138
17,7715-7953,7715,95.4,0.57,2.3,62.64,174
17,7715-7954,7715,89.74,0.0,8.97,75.64,78
17,7715-7957,7715,96.11,0.0,1.69,39.36,592
17,7715-7961,7715,94.1,0.69,1.74,43.75,288
17,7715-7965,7715,95.7,0.5,1.32,45.7,604
17,7775-7985,7775,94.57,0.52,2.84,49.35,387
17,7775-7987,7775,97.36,0.0,0.44,50.22,227
17,7775-7993,7775,98.02,0.0,0.99,44.31,404
17,7775-7994,7775,93.87,0.79,1.58,55.73,506
17,7855-8015,7855,63.64,10.91,21.82,70.91,55
17,7855-8069,7855,54.26,13.34,25.95,58.15,2031
17,7855-8073,7855,46.03,17.16,29.06,72.79,1084
17,7855-8077,7855,48.78,14.96,29.52,69.99,1023
17,7855-8089,7855,58.06,7.97,25.62,58.82,527
17,7855-8091,7855,36.11,16.47,38.49,73.41,504
17,7855-8103,7855,33.13,31.08,28.22,82.41,489
17,7855-8104,7855,35.59,33.53,19.71,84.12,340
17,7855-8105,7855,44.33,22.7,24.82,82.62,282
17,7855-8108,7855,61.6,12.66,17.3,68.78,237
17,7855-8117,7855,51.51,9.91,31.68,79.09,464
17,7855-8119,7855,53.77,16.83,21.86,60.55,398
17,7855-8125,7855,68.85,10.38,14.23,0.0,260
17,7865-8003,7865,76.37,4.47,14.98,31.37,1769
17,7865-8005,7865,65.15,18.64,9.24,52.51,617
17,7865-8006,7865,73.11,2.94,15.55,25.42,476
17,7865-8007,7865,89.48,0.18,5.17,20.14,561
17,7865-8009,7865,90.87,0.23,6.85,25.34,438
17,7865-8017,7865,73.22,5.45,14.45,41.0,422
17,7865-8019,7865,63.66,6.67,14.38,31.63,765
17,7865-8021,7865,69.84,7.38,15.9,38.52,610
17,7865-8024,7865,86.53,2.06,7.77,35.5,631
17,7865-8025,7865,77.95,4.21,10.94,30.81,594
17,7865-8026,7865,77.29,4.03,14.65,38.46,273
17,7865-8029,7865,79.53,3.31,10.5,24.99,1905
17,7865-8033,7865,86.86,1.96,8.04,21.37,510
17,7865-8035,7865,91.4,0.0,5.73,34.77,279
17,7865-8041,7865,63.15,7.11,18.75,38.36,464
17,7865-8042,7865,64.04,6.15,15.47,41.6,976
17,7865-8045,7865,78.63,5.95,10.35,37.44,454
17,7865-8049,7865,64.92,6.77,22.31,42.15,650
17,7865-8111,7865,54.07,5.42,33.01,51.67,627
17,7875-8129,7875,60.61,5.91,5.28,12.98,1117
17,7875-8135,7875,59.55,6.86,5.19,17.63,539
17,7875-8138,7875,53.84,6.8,7.67,20.69,691
17,7935-8154,7935,86.88,0.29,7.0,40.82,343
17,7935-8155,7935,90.89,0.0,5.78,38.22,450
17,7945-8163,7945,89.25,0.71,5.09,46.53,707
17,7945-8167,7945,91.46,0.75,3.77,37.19,398
17,7945-8177,7945,93.51,0.95,2.86,31.11,524
17,7950-8193,7950,96.17,0.23,0.45,40.99,444
17,7950-8206,7950,96.29,0.57,1.14,44.57,350
17,7950-8209,7950,95.94,0.0,1.45,51.3,345
17,7950-8213,7950,94.64,1.15,1.15,42.15,261
17,7995-8225,7995,91.0,1.15,2.3,36.21,522
17,7995-8229,7995,88.98,1.73,1.22,14.18,980
17,7995-8230,7995,78.2,6.63,2.81,41.91,890
17,7995-8231,7995,85.82,2.42,1.32,18.9,910
17,7995-8237,7995,42.86,35.29,5.46,72.83,714
17,7995-8241,7995,77.95,9.49,2.79,51.16,1075
17,7995-8245,7995,87.06,4.47,1.39,37.67,1298
17,7995-8251,7995,20.68,55.27,9.28,93.67,237
17,7995-8253,7995,79.04,8.21,3.09,37.39,1522
17,7995-8261,7995,30.75,37.36,12.3,91.12,439
17,7995-8265,7995,63.03,13.86,7.76,95.93,541
17,7995-8270,7995,54.05,29.08,1.65,75.45,729
17,7995-8285,7995,58.3,20.55,6.52,93.48,506
17,7995-8289,7995,42.18,33.95,9.81,84.88,377
17,7995-8293,7995,56.68,21.66,6.42,81.82,374
17,7995-8301,7995,30.56,44.25,7.82,90.22,409
17,7995-8309,7995,59.11,17.29,5.61,75.47,428
17,7995-8311,7995,58.01,21.49,5.37,60.16,1117
17,7995-8317,7995,60.31,17.27,6.71,52.64,834
17,7995-8318,7995,83.39,4.87,2.71,55.42,554
17,7995-8321,7995,53.42,17.03,10.02,66.94,599
17,7995-8323,7995,86.26,3.4,3.68,44.62,706
17,7995-8325,7995,87.39,2.43,2.77,44.69,904
17,7995-8326,7995,86.21,3.45,2.19,36.05,319
17,7995-8327,7995,69.31,15.45,6.5,51.42,492
17,7995-8329,7995,26.63,41.3,19.57,93.21,368
17,7995-8339,7995,39.6,30.35,8.67,87.86,346
17,7995-8345,7995,86.46,5.24,2.18,35.37,458
17,7995-8349,7995,62.02,18.07,5.36,54.82,653
17,7995-8353,7995,54.84,19.35,6.45,90.86,558
17,7995-8357,7995,84.21,5.95,2.52,64.53,437
17,7995-8361,7995,78.71,7.23,3.82,76.31,498
17,7995-8365,7995,80.43,3.32,3.65,62.02,603
17,7995-8369,7995,51.17,24.28,3.92,73.89,383
17,7995-8376,7995,83.75,3.92,2.52,71.15,357
17,7995-8381,7995,90.66,4.52,0.9,27.11,664
17,8010-8394,8010,95.59,0.83,1.1,42.98,363
17,8010-8403,8010,95.03,0.0,1.83,53.4,382
17,8020-8409,8020,93.81,0.0,3.91,64.5,307
17,8020-8431,8020,94.74,0.0,3.51,63.16,228
17,8020-8432,8020,95.42,0.18,1.65,40.66,546
17,8020-8434,8020,94.72,0.23,2.29,52.06,436
17,8020-8435,8020,97.03,0.0,0.42,44.49,236
17,8030-8441,8030,82.09,5.88,3.67,43.15,1854
17,8030-8445,8030,83.1,1.68,2.97,29.16,775
17,8030-8453,8030,97.05,0.0,0.87,46.62,577
17,8030-8457,8030,79.02,6.58,2.98,39.76,1778
17,8030-8461,8030,95.12,0.0,0.98,50.49,410
17,8030-8477,8030,87.88,2.42,2.89,55.2,866
17,8030-8481,8030,66.82,14.62,4.87,83.76,431
17,8030-8485,8030,76.69,8.59,4.69,57.68,768
17,8030-8497,8030,93.85,0.0,2.27,49.51,309
17,8030-8505,8030,64.27,13.54,5.19,88.47,347
17,8030-8509,8030,76.81,9.89,3.8,93.16,263
17,8030-8510,8030,73.07,7.28,3.97,50.77,453
17,8030-8511,8030,77.73,2.33,2.62,32.9,687
17,8030-8517,8030,70.07,10.44,6.26,82.13,431
17,8030-8521,8030,97.94,0.0,0.0,42.78,194
17,8030-8525,8030,92.59,0.19,1.56,38.4,513
17,8030-8533,8030,66.67,10.89,8.25,92.08,303
17,8030-8537,8030,75.65,6.38,6.38,84.64,345
17,8030-8543,8030,89.61,1.48,3.56,47.77,337
17,8030-8549,8030,89.52,0.97,3.87,39.19,620
17,8030-8561,8030,73.46,12.62,5.5,82.52,309
17,8030-8575,8030,76.18,5.02,5.96,70.22,319
17,8030-8593,8030,95.86,0.0,1.78,28.4,338
17,8030-8605,8030,69.19,13.45,3.91,62.84,409
17,8030-8607,8030,88.47,1.82,2.43,74.2,659
17,8030-8609,8030,94.22,0.0,4.44,87.56,225
17,8030-8611,8030,85.11,2.13,2.13,61.7,47
17,8030-8612,8030,77.05,10.66,2.46,78.69,122
17,8045-8625,8045,91.08,0.55,4.12,42.8,729
17,8045-8633,8045,87.03,0.88,7.25,49.67,455
17,8045-8645,8045,83.25,1.8,8.25,56.7,388
17,8050-8651,8050,96.11,0.43,0.43,33.48,463
17,8050-8655,8050,95.45,0.23,1.82,32.05,440
17,8050-8656,8050,96.11,0.0,1.3,40.82,463
17,8050-8657,8050,96.14,0.0,1.29,41.2,233
17,8050-8673,8050,80.11,10.23,3.98,76.14,176
17,8050-8677,8050,95.86,0.69,1.03,47.93,290
17,8060-8693,8060,94.15,0.94,2.58,45.9,427
17,8060-8694,8060,93.74,0.86,2.81,58.32,463
17,8060-8706,8060,92.06,0.81,2.27,61.26,617
17,8115-8729,8115,93.9,0.0,3.29,53.05,213
17,8115-8733,8115,88.0,0.0,11.2,48.0,125
17,8115-8737,8115,95.51,0.0,2.69,33.21,557
17,8115-8744,8115,97.88,0.3,0.91,43.33,330
17,8130-8760,8130,84.26,3.0,2.85,27.14,667
17,8130-8761,8130,90.0,0.62,0.94,29.38,320
17,8130-8764,8130,82.72,1.23,4.32,10.08,972
17,8130-8769,8130,94.37,0.0,2.82,25.82,213
17,8130-8771,8130,97.14,0.0,0.48,28.1,210
17,8130-8772,8130,97.41,0.0,0.97,28.16,309
17,8130-8773,8130,97.1,0.0,0.97,38.16,207
17,8130-8775,8130,85.27,1.98,2.48,16.83,808
17,8130-8777,8130,96.64,0.22,0.9,43.27,446
17,8130-8779,8130,83.87,3.23,0.0,0.0,62
17,8130-8785,8130,95.89,0.0,1.37,53.42,73
17,8130-8789,8130,94.09,0.22,1.2,38.95,914
17,8130-8793,8130,93.16,0.28,2.28,49.72,702
17,8130-8801,8130,93.35,0.18,3.88,46.4,541
17,8130-8809,8130,87.99,1.85,2.77,16.79,1948
17,8130-8813,8130,88.02,0.59,2.75,45.58,509
17,8130-8817,8130,83.83,2.02,4.51,26.91,643
17,8130-8819,8130,79.81,4.53,3.85,36.54,728
17,8205-8857,8205,97.21,0.35,1.4,45.2,573
17,8205-8861,8205,94.83,0.83,1.45,49.17,484
17,8205-8864,8205,94.32,0.46,2.32,55.8,862
17,8215-8904,8215,92.28,0.94,3.2,51.04,531
17,8215-8905,8215,93.66,1.06,2.33,38.69,473
17,8215-8906,8215,94.01,0.46,2.76,47.24,434
17,8220-8869,8220,95.88,0.0,2.58,43.81,388
17,8220-8894,8220,95.57,0.25,1.48,55.42,406
17,8305-8985,8305,95.21,0.19,1.15,31.61,522
17,8305-8989,8305,91.91,0.17,3.04,43.0,593
17,8355-8961,8355,95.17,0.0,2.11,47.73,331
17,8355-8965,8355,96.3,0.0,2.31,62.04,216
17,8355-8971,8355,96.9,0.21,1.65,49.38,484
17,8360-8981,8360,92.9,0.86,1.29,35.05,465
17,8360-8982,8360,92.75,0.0,2.17,36.96,276
17,8360-8983,8360,90.57,1.51,0.94,40.19,530
17,8360-8984,8360,90.81,0.45,0.67,41.26,446
17,8375-8927,8375,93.56,0.48,1.43,36.75,419
17,8375-8928,8375,93.47,1.14,0.98,48.45,613
17,8375-8929,8375,93.15,1.03,2.05,41.78,292
17,8385-8993,8385,67.44,11.1,7.53,70.34,1342
17,8385-8997,8385,64.15,9.93,9.63,75.56,675
17,8385-9001,8385,70.98,5.71,9.77,76.69,665
17,8385-9013,8385,68.25,6.94,5.56,65.67,504
17,8385-9014,8385,72.77,6.44,8.17,69.55,404
17,8385-9017,8385,67.33,8.25,10.89,93.73,303
17,8385-9038,8385,56.55,8.63,17.26,93.75,336
17,8385-9045,8385,54.75,17.09,13.61,94.3,316
17,8385-9053,8385,73.51,5.14,5.68,80.0,370
17,8385-9056,8385,61.45,22.89,4.82,80.72,83
17,8425-9057,8425,95.44,0.46,2.96,33.49,439
17,8425-9058,8425,96.5,0.0,2.0,33.5,400
17,8435-9081,8435,91.34,1.08,4.33,32.67,554
17,8435-9085,8435,89.26,0.56,5.56,30.93,540
17,8435-9087,8435,92.46,0.91,2.34,23.8,769
17,8435-9088,8435,91.89,0.84,3.55,27.87,592
17,8445-9089,8445,88.04,1.13,7.22,42.21,443
17,8445-9093,8445,88.51,2.57,6.73,54.46,505
17,8445-9098,8445,91.84,1.76,4.32,49.12,625
17,8515-9119,8515,56.23,0.73,38.88,77.02,409
17,8515-9122,8515,63.69,0.0,31.28,67.6,179
17,8515-9135,8515,60.0,0.75,33.96,62.26,265
17,8525-9113,8525,95.66,0.0,2.98,27.64,369
17,8525-9137,8525,95.56,0.0,2.86,18.1,315
17,8535-3170,8535,93.79,1.13,3.39,42.94,177
17,8535-9141,8535,93.6,1.16,3.49,34.3,344
17,8535-9143,8535,92.63,0.46,4.15,40.09,217
17,8565-9129,8565,90.05,0.45,2.71,38.46,221
17,8565-9149,8565,82.28,0.39,12.16,38.42,773
17,8565-9153,8565,81.95,1.29,11.42,48.43,543
17,8565-9157,8565,82.71,0.0,10.85,57.63,295
17,8565-9163,8565,77.5,0.18,16.25,54.11,560
17,8625-9193,8625,95.02,0.0,1.24,22.55,643
17,8625-9197,8625,95.32,0.0,2.34,27.39,555
17,8665-9178,8665,90.04,1.13,3.2,33.08,532
17,8665-9179,8665,91.95,0.67,1.68,24.83,298
17,8665-9180,8665,92.62,0.51,2.93,25.45,786
17,8665-9186,8665,91.88,0.4,3.56,26.14,505
17,8665-9187,8665,92.63,0.47,3.49,21.15,1059
17,8665-9196,8665,90.83,0.29,6.88,40.11,349
17,8810-5639,8810,29.02,54.9,9.61,100.0,541
17,8815-5481,8815,48.71,24.71,16.24,100.0,696
17,8820-4033,8820,0.17,96.84,0.5,92.01,601
17,8825-5572,8825,43.37,37.76,10.97,100.0,392
17,9100-732,9100,54.7,25.64,10.26,100.0,117
17,9100-4846,9100,59.65,31.58,5.26,100.0,57
17,9100-5055,9100,38.82,44.12,8.24,100.0,170
17,9100-5452,9100,59.57,17.02,12.77,100.0,47
17,9115-1118,9115,2.4,88.02,8.38,96.41,167
17,9120-2528,9120,77.98,9.5,7.09,55.2,663
17,9305-9012,9305,84.69,8.16,2.72,82.65,294
17,9310-1535,9310,4.1,84.67,5.18,87.47,463
17,9315-8295,9315,68.7,2.77,4.71,10.25,361
17,9320-1536,9320,88.38,1.29,2.4,23.62,542
17,9325-2524,9325,70.45,13.64,4.55,17.05,176
17,9330-1537,9330,68.0,12.78,9.17,62.93,1025
17,9335-5912,9335,6.02,43.72,44.5,92.41,382
17,9340-1538,9340,75.84,6.71,8.72,54.36,149
17,9345-8094,9345,60.5,20.69,13.48,77.43,319
17,9350-1539,9350,1.9,69.62,8.54,100.0,316
17,9355-2976,9355,71.87,16.71,6.41,83.29,359
17,9360-1540,9360,11.11,61.11,4.44,67.78,90
17,9365-5667,9365,1.91,22.13,73.22,92.9,366
17,9375-5671,9375,23.04,51.83,12.57,36.65,191
17,9380-5874,9380,28.55,15.6,46.8,84.82,718
17,9385-5532,9385,7.55,35.85,27.55,28.68,265
17,9395-5871,9395,10.19,39.62,44.91,95.47,265
17,9400-5860,9400,2.3,90.46,3.95,90.46,304
17,9410-5741,9410,1.97,92.13,1.97,94.43,305
17,9425-5621,9425,1.39,86.57,5.56,81.48,216
17,9430-5629,9430,2.63,90.13,3.29,77.63,304
17,9440-5873,9440,12.5,25.52,56.25,30.21,192
17,9445-6208,9445,1.83,94.51,0.73,47.99,273
17,9460-4022,9460,0.0,96.83,1.92,79.73,1199
17,9465-7951,9465,89.88,0.0,4.76,59.52,168
17,9485-5868,9485,52.04,10.74,23.89,85.74,540
17,9490-5441,9490,1.54,93.08,1.92,35.77,260
17,9495-8203,9495,9.09,71.52,1.21,88.48,165
17,9535-4130,9535,0.79,89.64,7.52,99.93,1515
17,9545-4164,9545,0.34,96.85,1.24,86.15,888
17,9555-3935,9555,0.46,42.23,51.51,82.6,431
17,9575-5523,9575,12.2,71.73,11.09,100.0,902
17,9595-3971,9595,0.91,41.14,56.59,100.0,440
17,9605-C460,9605,62.32,21.01,8.7,92.03,138
17,9610-C695,9610,63.64,13.09,14.18,90.91,275
17,9615-5488,9615,1.52,54.55,39.85,96.52,660
17,9620-1441,9620,77.33,5.9,2.95,25.47,644
17,9625-1443,9625,73.03,4.24,5.15,20.0,330
17,9630-5978,9630,4.48,83.58,7.46,70.15,67
17,9640-2551,9640,74.51,8.33,5.39,24.51,204
17,9645-5716,9645,1.77,94.03,1.11,65.93,452
17,9650-5724,9650,64.21,20.31,5.56,32.16,827
17,9655-5292,9655,96.0,0.0,0.0,36.0,25
17,9665-2572,9665,76.6,6.65,4.26,7.45,376
17,9670-5664,9670,8.3,76.6,9.81,80.38,265
17,9680-5508,9680,25.87,46.59,16.27,87.48,719
17,9685-4043,9685,0.43,93.81,3.88,93.09,695
17,9690-4711,9690,77.73,10.53,4.45,14.57,247
17,9705-4486,9705,18.76,18.94,58.11,45.72,549
17,9710-5977,9710,8.44,59.74,26.62,61.69,154
17,9725-3312,9725,89.89,0.0,7.87,56.18,89
17,9730-6864,9730,46.91,21.4,23.05,55.56,243
17,9735-1518,9735,59.2,21.26,5.75,74.71,174
17,9740-138,9740,0.0,89.87,3.16,100.0,158
17,9745-5336,9745,0.53,95.24,1.59,70.9,189
17,9750-4904,9750,48.73,23.89,21.02,88.22,314
17,9755-5979,9755,16.06,77.37,2.92,72.26,137
17,9760-242,9760,27.78,56.94,0.0,83.33,72
17,9770-5524,9770,4.46,87.36,5.58,100.0,269
17,9780-5761,9780,2.13,86.17,7.45,96.81,94
17,9785-5837,9785,2.56,57.58,35.78,23.85,587
17,9790-5092,9790,62.68,16.13,13.67,55.91,812
17,9795-2411,9795,36.67,34.17,9.17,30.0,120
17,9805-2527,9805,68.02,25.91,2.83,42.91,247
17,9835-6215,9835,77.34,1.08,7.91,30.94,278
17,9840-5749,9840,44.62,19.23,12.56,81.03,390
17,9845-7571,9845,14.02,59.35,16.82,64.95,214
17,9855-5748,9855,57.07,14.65,20.71,68.18,198
17,9865-5290,9865,76.93,10.86,6.58,55.15,3342
17,9870-6824,9870,74.9,5.79,11.58,22.59,518
17,9875-771,9875,77.51,11.44,2.76,20.12,507
17,9880-7567,9880,55.64,19.92,11.28,55.64,266
17,9885-4027,9885,2.11,90.3,4.22,97.47,237
17,9890-2488,9890,65.73,15.34,12.25,84.73,2947
17,9895-5444,9895,5.23,71.17,16.58,27.93,555
17,9900-7566,9900,30.0,41.94,22.22,62.22,360
17,9905-7944,9905,81.05,5.98,6.45,43.55,4032
17,9910-5669,9910,13.9,67.08,14.09,93.53,1036
17,9915-5903,9915,26.47,54.12,9.41,21.76,170
17,9920-5191,9920,65.85,25.0,1.83,76.83,164
17,9925-5496,9925,2.26,90.97,1.61,50.97,310
17,9930-5302,9930,28.46,53.85,9.23,62.31,130
17,9935-5899,9935,1.14,85.19,6.83,78.36,439
17,9940-5914,9940,0.0,94.05,1.12,66.17,269
17,9945-5926,9945,0.55,94.67,1.65,57.17,544
17,9950-7952,9950,95.42,0.33,2.94,56.86,306
17,9955-7231,9955,95.56,0.0,1.11,66.67,180
17,9960-7562,9960,37.68,43.16,11.16,80.0,475
17,9965-7563,9965,49.87,30.58,9.77,62.66,399
17,9970-1111,9970,16.67,63.89,11.11,80.56,36
17,9975-1112,9975,12.27,57.99,24.91,71.38,269
17,9980-1113,9980,1.97,93.42,1.97,100.0,152
17,9985-1114,9985,85.71,1.24,2.48,31.06,161
17,9990-1116,9990,4.58,81.05,9.15,81.05,153
17,9995-1117,9995,89.29,3.57,4.76,55.95,84
