year,mergecode,schoolcode,districtcode,droprate,black,white,hispanic,totalenroll
17,10-187,187,10,3.3,1.89,22.98,70.58,792
17,10-212,212,10,2.1,1.79,22.5,70.0,280
17,10-263,263,10,0.7,1.11,8.86,88.56,271
17,10-309,309,10,2.3,3.62,12.95,77.14,525
17,10-501,501,10,0.0,0.84,11.76,84.87,119
17,10-502,502,10,0.0,2.48,16.53,76.03,121
17,10-503,503,10,0.2,0.71,14.59,79.53,425
17,10-505,505,10,0.0,0.71,14.18,81.56,141
17,10-509,509,10,0.0,0.0,19.05,73.02,126
17,10-695,695,10,0.0,0.0,19.81,71.7,106
17,10-1796,1796,10,4.1,3.4,66.02,21.53,2587
17,10-3590,3590,10,0.8,0.83,8.26,90.91,121
17,10-6315,6315,10,22.5,0.0,18.63,78.43,102
17,10-9036,9036,10,0.0,0.72,10.87,84.06,138
17,20-57,57,20,0.2,1.22,71.3,18.97,986
17,20-210,210,20,7.8,2.15,37.37,56.85,744
17,20-1480,1480,20,0.0,3.39,59.6,29.74,797
17,20-1519,1519,20,0.0,0.93,62.27,11.81,432
17,20-3439,3439,20,1.3,3.31,34.44,54.97,151
17,20-4108,4108,20,0.7,1.66,62.77,27.07,2224
17,20-4172,4172,20,0.0,1.15,66.67,13.22,174
17,20-4187,4187,20,0.1,2.89,41.22,47.0,866
17,20-5043,5043,20,0.9,1.29,69.25,19.76,2550
17,20-5814,5814,20,0.1,4.42,12.63,78.54,792
17,20-5816,5816,20,3.8,3.91,23.83,65.24,2123
17,20-6060,6060,20,1.2,2.55,56.41,34.04,2315
17,20-6342,6342,20,0.0,2.15,50.6,39.6,745
17,20-6398,6398,20,0.0,3.41,28.93,61.87,674
17,20-6402,6402,20,2.2,2.76,27.93,63.62,2463
17,20-6802,6802,20,0.0,0.48,79.23,9.9,626
17,20-6845,6845,20,0.0,0.0,34.38,56.25,32
17,20-6956,6956,20,17.7,2.81,44.53,48.12,640
17,20-8275,8275,20,0.0,1.67,70.83,21.67,120
17,20-8310,8310,20,0.0,1.09,18.8,76.57,367
17,20-9431,9431,20,0.0,0.0,75.85,17.39,207
17,20-9444,9444,20,0.0,0.7,65.35,25.0,860
17,30-20,20,30,2.0,2.67,13.36,80.03,636
17,30-22,22,30,34.7,3.23,8.87,86.02,372
17,30-24,24,30,6.0,2.68,11.31,84.03,2167
17,30-4516,4516,30,3.2,3.49,11.23,84.37,659
17,40-700,700,40,0.0,3.7,39.51,50.62,162
17,40-1021,1021,40,19.8,1.59,37.57,57.41,378
17,40-1022,1022,40,2.4,0.97,42.55,51.87,2167
17,40-1052,1052,40,0.0,0.0,60.5,36.3,281
17,40-1560,1560,40,6.6,2.83,53.77,41.51,106
17,40-2399,2399,40,0.4,1.77,55.14,38.12,564
17,40-2945,2945,40,0.6,1.1,70.17,25.41,181
17,40-4950,4950,40,3.4,4.47,58.66,30.17,179
17,40-6638,6638,40,0.2,1.39,39.36,54.87,503
17,40-6702,6702,40,0.0,3.85,45.15,41.47,598
17,40-7129,7129,40,1.7,3.2,45.0,43.77,2440
17,40-7131,7131,40,0.0,1.63,46.91,41.53,614
17,40-9230,9230,40,0.0,1.06,31.85,64.97,471
17,50-774,774,50,0.0,1.08,73.12,20.97,186
17,50-775,775,50,1.0,0.78,75.0,21.35,384
17,60-7133,7133,60,13.3,0.0,86.67,13.33,15
17,60-8332,8332,60,0.0,0.67,79.19,18.79,149
17,60-8334,8334,60,1.4,0.85,83.24,13.35,352
17,70-3931,3931,70,17.0,0.88,14.69,81.24,565
17,70-4334,4334,70,0.0,1.69,47.46,43.22,118
17,70-5388,5388,70,0.2,2.85,8.33,82.68,456
17,70-7305,7305,70,0.3,1.63,9.64,82.84,612
17,70-7812,7812,70,0.0,2.55,21.53,65.69,548
17,70-9466,9466,70,2.0,1.17,15.89,76.18,3090
17,100-114,114,100,0.3,1.04,31.95,61.3,385
17,100-118,118,100,0.5,1.51,33.53,60.57,662
17,100-368,368,100,13.6,2.91,24.27,66.99,103
17,110-7630,7630,110,0.0,3.64,65.45,24.85,165
17,120-206,206,120,16.8,1.79,57.27,35.35,447
17,120-2746,2746,120,4.2,5.04,46.11,42.65,694
17,120-2750,2750,120,0.0,0.0,77.19,14.04,57
17,120-2752,2752,120,1.5,2.54,45.18,47.46,394
17,123-7837,7837,123,0.0,3.96,14.98,75.33,227
17,123-7842,7842,123,1.7,6.05,13.8,75.79,413
17,123-8123,8123,123,20.7,3.57,15.0,76.43,140
17,130-18,18,130,0.8,10.23,55.65,14.74,841
17,130-141,141,130,0.3,13.34,51.4,20.92,607
17,130-1510,1510,130,0.0,9.27,42.38,11.26,151
17,130-1551,1551,130,0.9,10.76,57.58,16.32,3272
17,130-1566,1566,130,1.1,3.24,62.98,12.79,1048
17,130-1568,1568,130,0.0,2.02,72.05,13.69,891
17,130-1570,1570,130,0.5,3.15,66.65,12.44,3874
17,130-1571,1571,130,0.8,7.58,59.09,3.79,132
17,130-2357,2357,130,1.0,14.56,51.21,20.74,2884
17,130-2653,2653,130,15.9,18.18,42.89,29.37,429
17,130-2897,2897,130,0.4,7.95,57.66,18.93,692
17,130-3030,3030,130,0.4,6.7,66.22,13.3,1045
17,130-3589,3589,130,1.0,9.03,56.96,17.51,2867
17,130-4100,4100,130,0.8,17.5,41.05,28.8,743
17,130-4975,4975,130,0.8,16.99,46.6,21.97,824
17,130-6367,6367,130,0.0,2.33,78.99,9.34,257
17,130-6625,6625,130,3.0,29.5,23.14,34.9,2688
17,130-7158,7158,130,1.7,26.07,22.23,39.63,1408
17,130-8020,8020,130,1.5,19.0,43.34,23.52,2321
17,130-8848,8848,130,1.8,9.74,58.12,18.32,955
17,140-298,298,140,0.5,1.09,81.47,9.08,2391
17,140-2804,2804,140,0.0,0.99,72.19,20.51,507
17,140-3472,3472,140,0.0,1.54,55.75,34.65,583
17,140-3930,3930,140,1.3,0.89,76.75,14.76,1802
17,140-4316,4316,140,0.0,2.76,76.09,12.41,435
17,140-4447,4447,140,0.0,1.46,81.08,9.75,687
17,140-5224,5224,140,2.6,2.3,58.33,30.82,1392
17,140-5229,5229,140,0.0,2.61,78.26,7.83,115
17,140-5233,5233,140,0.0,1.6,64.8,28.8,125
17,170-2140,2140,170,1.9,0.0,69.52,28.57,105
17,180-213,213,180,0.0,26.09,19.13,45.22,115
17,180-219,219,180,14.3,16.72,22.69,53.43,335
17,180-458,458,180,0.0,22.73,29.09,41.82,110
17,180-464,464,180,0.3,21.35,12.24,57.03,768
17,180-465,465,180,0.0,19.58,31.75,25.4,189
17,180-914,914,180,0.0,15.15,2.02,60.61,99
17,180-1458,1458,180,4.8,18.03,4.66,64.48,2900
17,180-1720,1720,180,1.3,16.56,17.2,56.05,157
17,180-1800,1800,180,0.6,15.64,29.7,44.08,633
17,180-2384,2384,180,0.5,15.48,6.87,68.45,859
17,180-2673,2673,180,0.0,13.81,17.62,56.67,210
17,180-3354,3354,180,3.9,26.04,13.65,51.47,2285
17,180-3471,3471,180,0.5,19.12,10.29,65.2,204
17,180-4024,4024,180,4.3,15.91,8.43,68.07,2634
17,180-5298,5298,180,0.4,37.35,18.27,39.16,498
17,180-6160,6160,180,0.4,23.55,20.5,45.15,722
17,180-6189,6189,180,0.0,19.55,27.37,38.55,179
17,180-6310,6310,180,0.3,14.33,7.96,71.2,691
17,180-6546,6546,180,0.0,2.29,81.68,10.69,393
17,180-7232,7232,180,0.0,9.09,45.45,22.99,187
17,180-7250,7250,180,2.1,23.39,25.7,38.86,2728
17,180-8078,8078,180,0.7,20.55,7.5,63.46,613
17,180-8356,8356,180,1.2,12.39,21.33,58.5,347
17,180-9056,9056,180,0.0,19.35,16.13,60.48,124
17,180-9083,9083,180,0.0,11.76,27.45,50.98,255
17,180-9125,9125,180,1.2,17.16,25.35,45.13,1562
17,180-9189,9189,180,0.3,28.36,24.18,41.79,335
17,180-9396,9396,180,0.3,11.09,5.33,69.73,1163
17,190-1176,1176,190,0.4,0.4,81.53,13.25,249
17,190-1752,1752,190,0.3,2.56,84.46,11.06,624
17,190-2356,2356,190,0.0,6.72,41.34,48.74,595
17,190-3362,3362,190,0.0,6.9,80.69,9.66,145
17,190-6263,6263,190,0.0,5.43,78.62,12.68,276
17,220-6657,6657,220,0.0,0.34,75.42,10.77,297
17,220-6658,6658,220,2.7,0.42,68.63,16.84,475
17,230-9226,9226,230,0.0,0.0,83.33,16.67,60
17,240-7176,7176,240,0.0,0.0,75.0,25.0,4
17,240-7180,7180,240,0.0,0.0,85.71,14.29,14
17,250-8168,8168,250,0.8,0.79,76.19,18.25,126
17,260-9100,9100,260,0.0,0.0,73.91,26.09,23
17,270-1252,1252,270,0.0,0.0,94.74,0.0,19
17,290-443,443,290,5.5,1.87,34.41,62.69,587
17,290-4279,4279,290,0.0,4.31,81.9,9.48,116
17,290-4986,4986,290,0.0,0.93,67.29,30.84,107
17,290-4990,4990,290,2.5,0.0,42.94,53.99,163
17,310-5670,5670,310,0.0,0.0,61.11,0.0,108
17,470-71,71,470,0.0,7.69,53.85,30.77,13
17,470-120,120,470,0.0,0.36,85.41,9.25,281
17,470-226,226,470,0.0,1.7,74.79,11.41,587
17,470-1221,1221,470,0.0,0.0,24.0,72.0,50
17,470-1284,1284,470,0.0,3.33,56.67,36.67,30
17,470-2760,2760,470,0.0,0.7,82.75,11.22,713
17,470-2761,2761,470,0.6,0.98,79.96,14.1,1128
17,470-2964,2964,470,0.0,0.0,84.69,6.63,196
17,470-3192,3192,470,0.0,0.0,43.37,53.01,249
17,470-3194,3194,470,0.0,1.05,69.35,26.27,571
17,470-3196,3196,470,1.3,0.61,64.55,32.32,1148
17,470-4333,4333,470,0.0,1.01,76.77,19.19,99
17,470-5282,5282,470,1.9,1.45,58.75,35.47,1452
17,470-5286,5286,470,0.2,0.47,52.48,41.61,423
17,470-5288,5288,470,1.1,2.88,34.89,59.35,278
17,470-5368,5368,470,0.0,0.26,84.39,8.73,378
17,470-5722,5722,470,1.1,0.42,75.44,20.08,1185
17,470-5730,5730,470,0.0,0.53,79.63,16.93,378
17,470-6010,6010,470,0.3,1.04,12.46,83.04,289
17,470-6276,6276,470,0.8,1.43,59.11,26.8,1399
17,470-6498,6498,470,18.6,0.93,40.47,56.28,215
17,470-7565,7565,470,0.0,0.0,100.0,0.0,16
17,470-7789,7789,470,1.1,1.34,74.0,17.78,1423
17,470-7839,7839,470,11.4,0.0,71.29,23.76,202
17,470-7954,7954,470,3.1,0.96,37.76,57.27,1568
17,470-8903,8903,470,0.0,0.57,38.31,55.75,522
17,470-8927,8927,470,0.8,1.87,45.99,42.78,374
17,470-9430,9430,470,0.0,1.31,68.97,23.93,535
17,480-125,125,480,8.0,1.01,33.17,60.3,199
17,480-441,441,480,0.0,2.24,76.28,11.22,312
17,480-866,866,480,0.0,0.0,0.0,50.0,2
17,480-924,924,480,0.6,0.89,68.05,21.69,2144
17,480-930,930,480,0.0,0.97,80.58,10.68,103
17,480-934,934,480,10.3,0.57,68.39,22.99,174
17,480-1066,1066,480,0.0,1.05,64.74,25.26,380
17,480-1070,1070,480,0.7,0.71,72.01,19.41,1690
17,480-1136,1136,480,0.0,1.53,65.64,21.78,326
17,480-1352,1352,480,0.0,1.09,55.02,37.34,458
17,480-1380,1380,480,0.7,1.16,59.57,32.1,1212
17,480-1390,1390,480,0.2,0.45,67.04,20.71,449
17,480-2589,2589,480,0.3,0.91,76.97,6.36,330
17,480-2892,2892,480,0.1,0.79,71.04,12.24,2279
17,480-3499,3499,480,6.9,0.0,68.97,27.59,29
17,480-4496,4496,480,8.6,5.17,31.9,56.9,116
17,480-4878,4878,480,0.0,1.33,52.56,39.09,527
17,480-5306,5306,480,0.0,1.39,77.83,12.7,433
17,480-5999,5999,480,0.6,0.66,78.44,10.01,1809
17,480-6000,6000,480,0.0,1.52,78.48,7.58,330
17,480-6195,6195,480,0.9,0.31,73.58,17.61,318
17,480-6212,6212,480,1.1,0.76,87.12,4.55,264
17,480-6224,6224,480,0.0,0.48,77.86,10.71,420
17,480-6642,6642,480,0.0,1.25,86.25,5.0,80
17,480-6816,6816,480,0.0,0.58,69.26,9.63,862
17,480-8135,8135,480,0.0,0.49,76.66,8.85,407
17,480-8387,8387,480,0.0,0.0,64.68,6.38,235
17,490-1130,1130,490,0.0,0.98,82.41,12.38,307
17,490-1132,1132,490,0.0,1.67,85.56,11.11,180
17,490-1508,1508,490,17.8,0.0,75.56,17.78,45
17,500-1554,1554,500,0.0,0.0,83.33,8.33,12
17,500-4085,4085,500,24.1,1.72,75.86,18.97,58
17,500-4680,4680,500,0.0,0.0,80.75,12.83,187
17,500-7568,7568,500,0.5,0.26,82.64,12.95,386
17,510-4742,4742,510,0.0,1.67,86.67,10.0,60
17,520-1612,1612,520,1.1,0.0,81.61,17.24,87
17,540-1660,1660,540,1.4,1.41,78.87,11.97,142
17,540-4216,4216,540,3.3,0.37,77.94,12.5,272
17,550-1276,1276,550,0.0,1.31,43.79,53.59,153
17,550-1378,1378,550,0.6,1.58,41.46,56.01,316
17,550-6339,6339,550,6.2,3.08,24.62,72.31,65
17,560-7616,7616,560,0.0,0.0,67.44,30.23,172
17,580-250,250,580,0.0,0.0,5.26,89.47,38
17,580-252,252,580,3.1,0.0,6.15,92.31,65
17,640-1398,1398,640,2.0,0.0,10.89,87.13,101
17,740-7880,7880,740,0.0,0.83,19.17,77.5,120
17,770-2058,2058,770,0.0,1.33,62.22,33.78,225
17,860-2091,2091,860,0.0,3.12,93.75,0.0,64
17,860-2092,2092,860,2.1,1.37,91.78,3.42,146
17,870-93,93,870,0.0,0.0,90.91,9.09,11
17,870-1372,1372,870,0.0,0.0,86.33,9.33,300
17,870-1375,1375,870,0.0,0.0,80.59,14.12,170
17,870-2152,2152,870,0.0,0.0,63.64,27.27,11
17,870-2155,2155,870,14.2,0.65,66.45,32.9,155
17,870-2160,2160,870,0.3,0.0,62.57,32.98,382
17,870-2164,2164,870,0.1,0.0,68.75,24.71,688
17,870-2166,2166,870,2.2,1.82,86.13,9.49,274
17,870-4124,4124,870,0.0,0.81,82.11,16.26,123
17,870-4128,4128,870,0.5,0.47,78.3,16.51,212
17,870-6708,6708,870,0.0,0.78,82.17,14.34,258
17,880-10,10,880,5.4,2.94,2.76,88.23,1597
17,880-40,40,880,23.4,19.6,30.49,45.37,551
17,880-67,67,880,36.8,7.36,3.68,84.05,163
17,880-1106,1106,880,1.8,0.0,2.63,97.37,114
17,880-1295,1295,880,4.2,28.15,6.15,56.0,650
17,880-1319,1319,880,1.4,2.51,5.03,89.75,517
17,880-1345,1345,880,1.0,0.97,3.88,94.17,103
17,880-1489,1489,880,6.6,23.56,18.36,50.96,365
17,880-1748,1748,880,9.9,18.76,11.41,64.22,517
17,880-1866,1866,880,13.6,6.0,2.8,88.4,250
17,880-1939,1939,880,0.0,1.43,1.43,93.57,140
17,880-2115,2115,880,0.3,27.08,22.02,36.9,336
17,880-2125,2125,880,0.7,27.59,35.86,27.59,145
17,880-2127,2127,880,0.0,15.0,32.5,42.5,40
17,880-2145,2145,880,1.0,22.64,6.78,55.7,605
17,880-2167,2167,880,0.6,4.44,25.56,62.78,180
17,880-2175,2175,880,3.3,19.65,9.27,67.11,453
17,880-2181,2181,880,0.0,24.61,6.54,55.14,321
17,880-2183,2183,880,1.0,4.08,24.75,57.95,711
17,880-2184,2184,880,0.1,5.12,69.31,14.29,1036
17,880-2185,2185,880,0.3,24.02,27.77,36.8,587
17,880-2186,2186,880,0.0,10.98,47.77,31.45,337
17,880-2188,2188,880,16.2,38.19,4.85,53.4,309
17,880-2209,2209,880,0.9,13.22,4.37,78.33,1029
17,880-2218,2218,880,0.0,27.76,17.61,43.28,335
17,880-2223,2223,880,1.1,14.78,5.54,75.99,379
17,880-2227,2227,880,0.7,19.61,53.92,17.65,306
17,880-2228,2228,880,0.0,10.84,53.01,24.7,166
17,880-2241,2241,880,1.8,12.78,40.09,33.92,227
17,880-2244,2244,880,0.6,0.9,4.82,87.35,332
17,880-2398,2398,880,0.9,20.08,45.09,24.69,2839
17,880-2641,2641,880,17.6,4.25,7.52,84.97,306
17,880-2726,2726,880,32.8,25.08,14.05,55.74,662
17,880-2755,2755,880,2.8,27.49,6.77,62.55,251
17,880-2757,2757,880,7.0,19.79,4.26,70.93,657
17,880-2789,2789,880,0.0,0.0,0.0,100.0,48
17,880-3000,3000,880,34.6,5.26,9.21,82.02,228
17,880-3378,3378,880,2.0,26.75,26.37,34.64,1585
17,880-3540,3540,880,0.5,10.64,31.38,46.81,188
17,880-3600,3600,880,0.0,5.85,14.76,73.26,359
17,880-3605,3605,880,0.0,2.79,29.77,55.81,215
17,880-3639,3639,880,0.9,8.88,44.39,40.19,214
17,880-3647,3647,880,0.0,11.36,0.76,79.55,132
17,880-3746,3746,880,0.7,17.04,34.6,38.4,763
17,880-3987,3987,880,0.0,16.43,57.86,18.57,140
17,880-3990,3990,880,0.8,19.63,37.58,32.55,596
17,880-4140,4140,880,0.0,16.06,0.46,81.19,218
17,880-4381,4381,880,0.0,1.18,5.88,85.59,340
17,880-4444,4444,880,3.4,2.87,12.43,74.66,1464
17,880-4494,4494,880,22.7,24.43,7.95,61.36,176
17,880-4507,4507,880,0.0,22.79,4.08,69.05,294
17,880-4509,4509,880,0.8,20.9,5.56,67.46,378
17,880-4656,4656,880,1.2,1.73,2.02,90.49,347
17,880-4730,4730,880,2.2,1.8,1.2,95.6,500
17,880-4732,4732,880,0.4,1.72,2.59,93.53,232
17,880-4795,4795,880,0.3,2.19,10.82,81.97,638
17,880-5044,5044,880,12.9,34.65,2.97,54.46,101
17,880-5255,5255,880,1.5,6.62,8.09,79.04,272
17,880-5448,5448,880,4.3,37.38,6.43,50.71,420
17,880-5605,5605,880,2.8,21.75,5.14,65.01,1246
17,880-5826,5826,880,0.9,13.66,42.82,35.42,432
17,880-5844,5844,880,18.1,34.96,9.73,48.67,226
17,880-5897,5897,880,0.3,11.45,59.43,16.67,594
17,880-6088,6088,880,0.0,25.0,22.5,37.5,80
17,880-6098,6098,880,0.5,27.23,34.16,28.22,202
17,880-6239,6239,880,3.6,26.33,6.62,61.58,695
17,880-6308,6308,880,15.9,11.59,7.97,73.91,138
17,880-6314,6314,880,1.5,8.08,10.7,76.52,1299
17,880-6350,6350,880,2.3,9.63,1.2,87.24,831
17,880-6368,6368,880,0.8,26.3,26.93,38.83,479
17,880-6479,6479,880,0.0,15.38,46.15,23.08,52
17,880-6508,6508,880,0.9,37.67,9.3,40.47,215
17,880-6509,6509,880,12.4,9.93,45.16,36.48,403
17,880-6957,6957,880,0.0,0.0,0.0,100.0,3
17,880-6970,6970,880,0.4,31.14,7.46,46.49,228
17,880-7045,7045,880,0.4,30.43,8.7,38.26,230
17,880-7163,7163,880,6.8,26.89,10.98,57.2,264
17,880-7188,7188,880,23.0,17.82,2.87,74.71,174
17,880-7246,7246,880,22.8,1.49,6.93,87.13,202
17,880-7361,7361,880,26.8,9.5,5.03,78.77,179
17,880-7942,7942,880,0.2,5.91,28.9,58.44,474
17,880-7972,7972,880,0.0,3.03,76.97,8.48,165
17,880-7973,7973,880,0.0,11.8,4.97,73.29,161
17,880-8054,8054,880,0.6,3.4,11.46,77.07,471
17,880-8085,8085,880,0.7,1.4,2.11,94.74,285
17,880-8086,8086,880,2.0,21.38,28.23,35.86,1927
17,880-8132,8132,880,3.4,0.56,3.91,91.62,179
17,880-8145,8145,880,9.9,2.94,6.25,87.5,272
17,880-8347,8347,880,2.2,2.82,3.69,88.94,461
17,880-8822,8822,880,1.0,18.71,38.32,32.16,1331
17,880-8995,8995,880,4.7,25.52,5.34,65.58,337
17,880-9336,9336,880,0.4,5.12,3.15,90.55,254
17,880-9348,9348,880,35.0,10.68,16.5,66.02,103
17,880-9389,9389,880,0.7,0.73,1.1,96.34,273
17,880-9390,9390,880,0.3,5.24,3.15,88.81,286
17,880-9548,9548,880,1.5,41.54,1.54,44.62,65
17,880-9623,9623,880,0.0,25.18,52.52,14.39,139
17,880-9639,9639,880,1.6,0.18,1.08,97.12,556
17,880-9693,9693,880,3.5,8.62,4.94,82.38,789
17,880-9702,9702,880,2.1,5.5,4.19,88.07,763
17,880-9730,9730,880,0.0,22.07,7.93,63.45,290
17,880-9735,9735,880,1.9,17.14,3.81,70.79,315
17,880-9739,9739,880,0.7,18.98,1.46,75.91,137
17,890-2216,2216,890,0.8,0.0,85.83,7.09,127
17,900-11,11,900,0.0,0.0,82.21,12.88,163
17,900-135,135,900,0.0,0.0,81.62,10.27,185
17,900-201,201,900,9.6,0.46,75.23,16.06,218
17,900-215,215,900,0.0,0.85,75.42,8.76,354
17,900-264,264,900,0.0,1.03,81.5,10.05,1065
17,900-267,267,900,0.0,1.96,77.75,13.73,1020
17,900-1367,1367,900,0.4,1.56,77.5,14.17,2244
17,900-1503,1503,900,0.3,1.99,74.89,14.4,2417
17,900-1512,1512,900,0.0,1.02,80.61,5.1,98
17,900-1555,1555,900,0.0,0.0,82.73,7.27,110
17,900-1579,1579,900,0.0,2.26,74.44,13.53,133
17,900-1873,1873,900,0.0,0.0,78.34,6.37,157
17,900-2012,2012,900,0.1,1.89,70.35,16.12,1005
17,900-2226,2226,900,0.0,1.25,76.47,15.14,1037
17,900-2230,2230,900,0.6,1.17,75.76,15.83,2141
17,900-2338,2338,900,16.4,1.37,77.17,15.98,219
17,900-3847,3847,900,3.3,7.52,18.17,71.01,545
17,900-3980,3980,900,0.3,2.86,70.65,15.39,1956
17,900-3995,3995,900,11.6,5.61,23.07,66.33,802
17,900-4271,4271,900,0.3,1.17,79.52,11.95,2217
17,900-5259,5259,900,0.0,0.35,73.4,10.59,1143
17,900-5405,5405,900,2.9,0.96,79.87,10.54,313
17,900-5997,5997,900,0.0,0.0,79.22,11.69,77
17,900-6019,6019,900,0.0,1.07,82.35,10.7,187
17,900-6164,6164,900,0.0,0.78,79.27,10.25,1288
17,900-6165,6165,900,0.2,0.71,78.53,11.03,2403
17,900-6365,6365,900,0.2,1.52,73.52,12.02,657
17,900-6719,6719,900,0.0,2.04,72.79,18.37,147
17,900-6772,6772,900,0.0,0.53,75.87,14.8,750
17,900-6773,6773,900,0.0,1.65,75.99,14.02,1091
17,900-7047,7047,900,0.0,0.0,75.0,10.0,180
17,900-7118,7118,900,0.2,0.8,78.43,12.99,1493
17,900-7245,7245,900,0.0,0.81,81.5,10.11,989
17,900-7435,7435,900,0.1,0.73,78.56,8.47,2313
17,900-7448,7448,900,0.0,0.84,81.7,7.47,1071
17,900-8847,8847,900,0.1,0.84,77.72,11.8,2271
17,910-39,39,910,0.7,0.0,30.07,67.48,286
17,910-205,205,910,22.8,0.39,23.23,73.23,254
17,910-604,604,910,1.2,0.61,42.11,54.05,988
17,910-793,793,910,0.4,1.12,25.09,71.16,267
17,910-2340,2340,910,0.0,0.0,89.74,1.28,78
17,910-2350,2350,910,1.7,0.11,44.02,52.49,945
17,910-2355,2355,910,1.2,0.39,64.09,30.89,259
17,910-5742,5742,910,0.0,2.49,38.81,52.74,201
17,910-9061,9061,910,1.2,0.0,93.37,2.41,166
17,910-9701,9701,910,11.1,1.23,58.02,34.57,81
17,920-2572,2572,920,0.0,0.0,91.11,5.19,135
17,920-2604,2604,920,0.0,0.0,85.06,11.28,328
17,920-2608,2608,920,0.9,0.37,86.23,9.43,806
17,920-3236,3236,920,10.0,0.0,84.29,10.0,70
17,930-4726,4726,930,0.0,3.77,81.13,11.32,53
17,930-4728,4728,930,0.0,0.0,84.85,14.14,99
17,940-7918,7918,940,0.0,0.0,79.63,12.96,54
17,940-7922,7922,940,1.9,0.0,85.71,7.62,105
17,950-2574,2574,950,0.0,0.0,87.79,5.34,131
17,970-1215,1215,970,0.0,12.5,78.12,7.29,96
17,970-1218,1218,970,1.7,6.67,82.78,9.44,180
17,980-369,369,980,0.0,11.18,10.54,72.2,313
17,980-469,469,980,0.8,15.45,14.84,65.85,492
17,980-1306,1306,980,0.6,16.25,20.39,55.92,363
17,980-3522,3522,980,0.0,16.29,30.35,38.49,491
17,980-3806,3806,980,1.7,18.9,23.93,47.64,1291
17,980-3870,3870,980,6.2,15.46,22.68,54.64,97
17,980-4378,4378,980,0.0,9.33,39.76,39.96,493
17,980-4379,4379,980,0.0,11.15,35.29,41.8,323
17,980-5763,5763,980,0.0,0.76,71.76,22.14,131
17,980-6162,6162,980,1.0,13.93,19.4,57.71,201
17,980-6686,6686,980,1.0,24.09,23.11,39.66,411
17,980-7882,7882,980,1.5,25.25,18.59,44.59,1081
17,990-4394,4394,990,0.2,11.91,47.63,27.73,613
17,990-5841,5841,990,2.6,13.42,46.77,27.73,1565
17,990-8178,8178,990,0.7,8.86,41.96,34.97,429
17,990-9294,9294,990,0.8,7.21,50.17,27.35,596
17,990-9560,9560,990,26.9,9.7,50.75,27.61,134
17,990-9566,9566,990,1.4,10.31,47.88,28.36,1629
17,1000-203,203,1000,10.8,8.02,50.47,29.25,212
17,1000-1332,1332,1000,0.2,17.15,43.2,25.73,618
17,1000-3106,3106,1000,0.1,9.13,50.95,26.57,734
17,1000-3110,3110,1000,0.5,13.47,46.8,27.23,2376
17,1010-269,269,1010,4.9,6.28,55.46,28.96,366
17,1010-517,517,1010,0.0,0.0,81.54,6.15,65
17,1010-871,871,1010,7.5,8.66,53.54,24.02,254
17,1010-1616,1616,1010,2.2,4.33,71.43,15.58,231
17,1010-1870,1870,1010,2.9,4.89,60.26,26.03,1963
17,1010-1885,1885,1010,14.7,7.26,47.17,35.6,441
17,1010-2202,2202,1010,1.7,7.37,56.11,25.49,2495
17,1010-2400,2400,1010,3.2,6.33,49.77,33.03,221
17,1010-2528,2528,1010,13.6,7.63,44.63,37.01,354
17,1010-3360,3360,1010,0.2,13.43,45.8,30.94,417
17,1010-4070,4070,1010,0.2,4.42,65.56,20.26,543
17,1010-4090,4090,1010,0.3,8.42,51.02,30.1,392
17,1010-4424,4424,1010,0.3,5.86,63.65,19.44,751
17,1010-5146,5146,1010,9.7,14.76,37.28,39.81,515
17,1010-5948,5948,1010,4.2,14.32,36.96,38.04,1948
17,1010-6306,6306,1010,0.2,10.83,41.7,37.36,554
17,1010-6680,6680,1010,2.0,8.63,48.03,33.06,2178
17,1010-7523,7523,1010,0.2,7.08,52.33,28.12,537
17,1010-7556,7556,1010,0.5,10.0,45.16,33.44,640
17,1010-8457,8457,1010,0.4,10.49,26.54,51.85,486
17,1010-9404,9404,1010,0.0,5.26,55.7,32.02,228
17,1020-1588,1588,1020,0.0,1.8,75.35,13.16,722
17,1020-1590,1590,1020,0.7,2.8,75.34,12.54,1395
17,1020-9051,9051,1020,0.0,4.58,59.58,22.5,240
17,1020-9057,9057,1020,0.0,4.49,61.52,21.63,356
17,1030-5464,5464,1030,0.4,1.44,84.17,6.83,278
17,1030-5468,5468,1030,0.9,1.56,84.43,7.96,578
17,1040-74,74,1040,0.0,2.33,73.6,10.71,644
17,1040-76,76,1040,0.3,3.43,73.12,12.95,1514
17,1040-110,110,1040,1.5,4.38,83.21,10.22,137
17,1040-209,209,1040,3.5,2.97,72.28,16.34,202
17,1040-1629,1629,1040,0.0,0.82,80.86,9.47,486
17,1040-1630,1630,1040,0.2,1.51,84.16,8.6,663
17,1040-1901,1901,1040,1.4,2.82,63.38,22.54,71
17,1040-1921,1921,1040,0.1,3.27,71.66,12.22,794
17,1040-2195,2195,1040,0.3,2.87,74.79,12.38,1325
17,1040-2358,2358,1040,0.0,3.55,72.4,14.21,732
17,1040-5126,5126,1040,0.3,4.4,71.86,13.38,1727
17,1040-6140,6140,1040,0.1,4.16,64.67,17.73,818
17,1040-6937,6937,1040,0.3,3.11,72.98,13.01,1706
17,1040-7240,7240,1040,0.6,4.1,65.01,17.74,1855
17,1040-8779,8779,1040,0.0,2.21,80.81,8.12,542
17,1040-8851,8851,1040,0.0,4.6,69.25,16.95,891
17,1050-2640,2640,1050,0.0,4.55,58.59,32.83,198
17,1050-2642,2642,1050,4.0,4.33,63.33,27.33,300
17,1060-1346,1346,1060,20.5,12.05,46.99,32.53,83
17,1060-6626,6626,1060,5.3,0.0,84.21,15.79,19
17,1060-6900,6900,1060,0.0,0.81,81.45,11.29,124
17,1060-6902,6902,1060,0.4,0.38,85.23,9.47,264
17,1070-3758,3758,1070,0.0,0.69,59.31,34.48,145
17,1080-5093,5093,1080,0.0,0.42,81.01,10.13,237
17,1080-5098,5098,1080,0.0,0.96,81.85,9.24,942
17,1080-5100,5100,1080,0.4,1.15,81.67,9.07,1135
17,1080-6678,6678,1080,0.1,0.95,81.95,9.34,1263
17,1110-555,555,1110,1.6,5.85,63.3,19.15,188
17,1110-2877,2877,1110,1.0,4.92,78.76,9.07,386
17,1110-2906,2906,1110,0.3,3.88,72.95,14.56,721
17,1110-2908,2908,1110,1.2,4.59,68.1,18.36,1329
17,1110-3475,3475,1110,23.3,3.22,39.59,52.1,4347
17,1110-4102,4102,1110,0.2,8.85,49.5,29.78,497
17,1110-4251,4251,1110,0.0,8.16,46.94,28.57,98
17,1110-6653,6653,1110,0.0,1.77,68.14,19.47,113
17,1110-6810,6810,1110,15.0,4.19,64.07,23.35,167
17,1110-6821,6821,1110,2.6,0.0,69.74,19.74,76
17,1110-6935,6935,1110,0.0,3.49,75.58,13.95,86
17,1110-7463,7463,1110,6.3,2.89,70.26,17.63,380
17,1110-7613,7613,1110,2.0,11.88,46.42,26.14,1381
17,1110-7960,7960,1110,0.1,7.92,57.74,21.61,833
17,1110-8791,8791,1110,1.4,8.6,55.51,23.1,1697
17,1120-2504,2504,1120,0.0,0.0,50.0,50.0,2
17,1120-2523,2523,1120,0.9,3.57,85.71,7.14,112
17,1120-2526,2526,1120,0.0,0.0,89.23,7.69,65
17,1130-5854,5854,1130,3.6,0.61,73.33,23.03,165
17,1140-419,419,1140,15.7,0.0,86.27,9.8,51
17,1140-1262,1262,1140,0.3,0.99,74.67,19.74,304
17,1140-1266,1266,1140,5.0,0.49,83.05,11.84,1233
17,1140-3802,3802,1140,0.0,0.0,77.46,19.01,284
17,1140-6752,6752,1140,0.0,0.0,83.87,11.29,62
17,1140-7950,7950,1140,0.0,1.96,82.35,11.76,51
17,1150-3002,3002,1150,4.8,0.66,79.04,17.03,458
17,1150-3226,3226,1150,1.7,0.42,80.67,16.39,238
17,1160-3228,3228,1160,0.8,0.0,88.14,6.78,118
17,1180-429,429,1180,0.0,0.0,84.38,15.62,32
17,1180-561,561,1180,0.0,0.0,45.8,50.7,286
17,1180-570,570,1180,3.4,0.38,33.78,63.38,527
17,1180-1006,1006,1180,22.3,0.89,33.04,62.5,112
17,1180-1296,1296,1180,0.0,0.0,29.7,68.32,202
17,1180-3464,3464,1180,0.9,0.0,46.84,51.52,427
17,1180-3468,3468,1180,1.1,0.39,50.2,44.99,1018
17,1180-7422,7422,1180,2.2,0.25,39.56,57.99,407
17,1195-65,65,1195,2.1,0.49,53.61,43.61,610
17,1195-7356,7356,1195,1.1,0.23,46.73,48.31,443
17,1195-7360,7360,1195,2.5,0.45,47.57,49.6,883
17,1195-7388,7388,1195,0.3,0.53,52.79,43.24,377
17,1220-3586,3586,1220,1.9,0.8,61.7,30.59,376
17,1220-8274,8274,1220,0.0,0.47,60.38,33.02,212
17,1330-1634,1634,1330,0.0,0.99,76.35,16.75,203
17,1340-9420,9420,1340,1.2,0.0,66.27,32.53,166
17,1340-9422,9422,1340,1.2,1.18,62.35,32.94,85
17,1350-2376,2376,1350,0.0,1.39,81.94,14.35,216
17,1350-5864,5864,1350,1.7,0.95,85.34,10.4,423
17,1360-2006,2006,1360,0.3,0.31,93.58,3.06,327
17,1360-3694,3694,1360,1.4,1.19,77.86,19.29,420
17,1360-3697,3697,1360,0.0,0.97,74.88,20.77,207
17,1360-5577,5577,1360,0.0,0.0,92.31,0.0,13
17,1380-4899,4899,1380,3.4,0.0,87.93,3.45,58
17,1390-63,63,1390,0.0,2.15,32.26,60.22,93
17,1390-3306,3306,1390,0.0,0.0,26.09,73.91,23
17,1390-9212,9212,1390,1.1,0.55,41.21,51.65,182
17,1400-4864,4864,1400,2.6,0.0,70.43,29.57,115
17,1410-6358,6358,1410,0.0,0.0,78.31,21.69,83
17,1420-33,33,1420,12.5,1.15,65.38,27.88,520
17,1420-34,34,1420,53.0,1.27,56.36,34.75,236
17,1420-108,108,1420,0.6,1.22,14.33,76.36,1472
17,1420-109,109,1420,0.9,3.2,38.37,51.16,344
17,1420-370,370,1420,4.8,2.64,45.21,44.81,1022
17,1420-378,378,1420,0.9,1.0,73.55,18.76,1898
17,1420-660,660,1420,0.0,1.98,46.25,39.53,253
17,1420-664,664,1420,0.8,1.41,50.51,37.23,1778
17,1420-694,694,1420,0.0,0.58,76.01,15.9,692
17,1420-952,952,1420,0.0,0.0,87.5,8.33,48
17,1420-965,965,1420,12.4,2.33,34.11,57.75,516
17,1420-1318,1318,1420,0.0,1.29,52.34,37.32,619
17,1420-1451,1451,1420,0.4,0.44,66.52,29.07,227
17,1420-1522,1522,1420,0.8,0.9,80.99,12.83,1894
17,1420-1730,1730,1420,0.0,0.0,81.08,16.22,37
17,1420-1864,1864,1420,0.8,1.2,70.37,18.97,1829
17,1420-1880,1880,1420,0.4,0.4,77.47,11.46,253
17,1420-1886,1886,1420,0.4,0.33,86.94,8.01,911
17,1420-1976,1976,1420,0.0,4.13,44.96,43.15,774
17,1420-2093,2093,1420,0.9,0.85,73.87,17.95,1638
17,1420-2120,2120,1420,0.0,0.67,77.18,10.74,1043
17,1420-2130,2130,1420,0.0,0.18,81.31,11.99,567
17,1420-2189,2189,1420,0.0,0.0,60.0,33.33,15
17,1420-2288,2288,1420,0.0,0.54,75.41,18.11,740
17,1420-2300,2300,1420,0.0,1.89,70.54,19.16,689
17,1420-2799,2799,1420,0.0,0.0,74.34,18.58,113
17,1420-2820,2820,1420,0.0,1.79,43.65,48.66,559
17,1420-2832,2832,1420,0.0,0.18,87.25,6.28,557
17,1420-2836,2836,1420,0.7,0.17,89.97,5.36,1157
17,1420-2963,2963,1420,0.2,0.2,78.38,15.56,495
17,1420-3201,3201,1420,0.0,0.0,72.41,20.69,29
17,1420-3393,3393,1420,0.5,0.0,77.32,14.95,194
17,1420-3502,3502,1420,1.4,0.43,78.8,13.85,1401
17,1420-3628,3628,1420,0.6,1.85,72.68,17.16,1241
17,1420-4404,4404,1420,0.6,0.65,75.81,13.64,616
17,1420-4408,4408,1420,8.8,0.6,70.08,23.29,498
17,1420-4410,4410,1420,0.0,0.88,75.0,13.05,452
17,1420-4422,4422,1420,2.0,3.52,12.86,79.78,910
17,1420-4548,4548,1420,0.0,1.36,76.39,15.47,737
17,1420-4798,4798,1420,0.0,4.6,48.28,41.38,87
17,1420-4942,4942,1420,0.8,1.99,55.5,31.95,2263
17,1420-5145,5145,1420,0.0,0.79,60.63,23.62,127
17,1420-5415,5415,1420,2.8,8.33,44.44,41.67,36
17,1420-5454,5454,1420,0.0,2.18,62.23,21.18,458
17,1420-5472,5472,1420,0.0,0.44,82.31,10.04,458
17,1420-5623,5623,1420,4.1,0.0,70.27,21.62,74
17,1420-5892,5892,1420,0.0,2.44,56.1,34.15,41
17,1420-5994,5994,1420,0.0,0.0,100.0,0.0,10
17,1420-6090,6090,1420,0.0,1.59,53.41,37.5,440
17,1420-6139,6139,1420,0.0,1.11,83.33,11.11,90
17,1420-6237,6237,1420,28.6,1.51,8.04,85.68,398
17,1420-6330,6330,1420,0.0,0.93,52.23,38.66,538
17,1420-6470,6470,1420,0.2,0.33,78.28,15.92,603
17,1420-6541,6541,1420,0.6,1.11,78.12,15.24,361
17,1420-7114,7114,1420,1.1,1.65,58.99,33.15,1641
17,1420-7239,7239,1420,0.3,0.16,82.29,11.35,1903
17,1420-7462,7462,1420,0.0,1.19,84.52,8.33,84
17,1420-7701,7701,1420,1.2,0.0,75.9,17.47,166
17,1420-8036,8036,1420,1.8,0.0,70.8,20.35,113
17,1420-8209,8209,1420,1.5,1.23,65.53,22.12,1465
17,1420-8381,8381,1420,0.0,1.03,72.31,16.41,780
17,1420-8793,8793,1420,0.0,1.32,78.89,12.93,379
17,1420-9234,9234,1420,0.0,0.0,98.08,1.92,52
17,1420-9245,9245,1420,0.0,0.0,83.33,16.67,12
17,1420-9299,9299,1420,0.0,0.43,75.11,17.23,470
17,1420-9427,9427,1420,0.0,0.97,78.64,13.59,103
17,1420-9428,9428,1420,0.0,0.25,85.5,6.39,407
17,1420-9510,9510,1420,2.3,1.49,53.83,38.51,1410
17,1430-2332,2332,1430,0.0,6.06,84.85,9.09,33
17,1430-2336,2336,1430,0.0,0.0,92.16,7.84,51
17,1440-7009,7009,1440,0.0,3.33,90.0,0.0,30
17,1450-2960,2960,1450,0.0,0.0,92.41,6.33,79
17,1480-8351,8351,1480,0.0,0.0,73.91,21.74,23
17,1480-8354,8354,1480,0.0,0.0,77.27,22.73,44
17,1490-842,842,1490,1.4,0.0,68.57,24.29,70
17,1500-1150,1150,1500,0.0,2.48,57.85,33.88,121
17,1500-1152,1152,1500,3.5,0.78,58.04,36.08,255
17,1510-4904,4904,1510,4.0,0.2,26.31,71.08,498
17,1520-1526,1526,1520,7.2,2.93,68.4,20.85,307
17,1520-2318,2318,1520,1.9,0.69,73.23,16.44,1296
17,1520-3571,3571,1520,11.6,0.0,66.96,18.75,112
17,1520-5888,5888,1520,0.0,0.55,71.07,19.83,363
17,1520-7994,7994,1520,0.0,0.0,63.01,25.75,365
17,1530-636,636,1530,0.0,0.0,80.95,12.3,252
17,1530-640,640,1530,0.5,0.0,81.46,14.15,410
17,1540-4254,4254,1540,0.0,0.0,29.34,37.13,167
17,1540-4258,4258,1540,1.3,0.65,29.74,37.58,306
17,1550-146,146,1550,0.0,0.5,75.5,12.87,404
17,1550-892,892,1550,0.2,2.69,68.39,21.97,446
17,1550-898,898,1550,0.0,1.88,66.67,24.41,426
17,1550-1190,1190,1550,0.0,1.29,81.47,13.36,232
17,1550-3046,3046,1550,2.4,2.25,65.41,24.21,1908
17,1550-3105,3105,1550,0.8,1.36,81.08,7.76,2125
17,1550-3760,3760,1550,24.1,1.72,69.4,25.86,232
17,1550-4698,4698,1550,0.0,1.42,79.54,6.23,562
17,1550-5068,5068,1550,0.2,0.87,62.24,28.85,572
17,1550-5120,5120,1550,0.0,0.18,83.71,6.83,571
17,1550-5168,5168,1550,0.2,1.23,43.35,50.0,406
17,1550-5917,5917,1550,0.0,3.33,86.67,3.33,30
17,1550-7043,7043,1550,0.0,0.0,90.48,2.38,42
17,1550-7104,7104,1550,0.7,0.37,82.77,6.74,267
17,1550-7124,7124,1550,1.3,1.25,67.25,25.47,2006
17,1550-7127,7127,1550,5.1,2.25,51.12,42.13,178
17,1550-7161,7161,1550,0.0,0.95,80.95,9.64,840
17,1550-7198,7198,1550,0.0,0.0,85.48,8.87,124
17,1550-7470,7470,1550,1.3,1.14,75.6,15.29,2184
17,1550-9330,9330,1550,0.2,1.4,77.27,13.46,572
17,1550-9374,9374,1550,0.0,1.44,78.67,17.58,347
17,1560-510,510,1560,0.6,3.05,67.68,24.59,492
17,1560-812,812,1560,0.9,0.51,84.27,11.25,782
17,1560-3945,3945,1560,0.0,2.5,76.25,11.25,80
17,1560-5121,5121,1560,0.0,1.39,87.5,6.94,72
17,1560-5235,5235,1560,0.0,0.0,78.49,17.13,251
17,1560-5312,5312,1560,0.7,1.68,71.64,22.2,536
17,1560-5316,5316,1560,2.8,1.55,71.58,21.61,1805
17,1560-5335,5335,1560,0.4,1.17,71.55,22.58,682
17,1560-6163,6163,1560,3.1,2.28,67.74,25.64,1404
17,1560-6220,6220,1560,0.0,0.0,77.5,15.83,120
17,1560-8824,8824,1560,2.3,0.91,75.4,19.92,1325
17,1560-8925,8925,1560,0.0,0.63,86.16,8.81,318
17,1560-9228,9228,1560,0.3,0.79,76.9,18.9,381
17,1560-9260,9260,1560,8.4,0.56,66.85,24.72,178
17,1570-2788,2788,1570,0.0,0.0,93.75,6.25,16
17,1570-2792,2792,1570,0.5,0.0,73.5,20.5,200
17,1570-2794,2794,1570,2.2,0.54,72.21,20.44,367
17,1580-1386,1386,1580,0.0,1.08,32.43,63.78,185
17,1580-8906,8906,1580,1.1,0.79,25.13,70.63,378
17,1590-7164,7164,1590,0.0,0.0,60.0,36.67,90
17,1600-4048,4048,1600,0.0,0.0,52.15,45.16,186
17,1620-66,66,1620,0.0,0.0,45.31,54.69,64
17,1750-948,948,1750,1.2,4.45,74.48,18.69,337
17,1750-978,978,1750,0.0,7.89,44.74,39.47,38
17,1760-4694,4694,1760,0.0,9.09,78.79,12.12,33
17,1780-4162,4162,1780,0.0,0.0,96.05,3.95,76
17,1790-5136,5136,1790,1.2,1.2,76.8,16.0,250
17,1810-4506,4506,1810,0.0,0.0,100.0,0.0,13
17,1828-1224,1224,1828,0.0,1.45,74.64,23.19,138
17,1828-8256,8256,1828,1.2,1.21,69.18,25.68,331
17,1828-8260,8260,1828,2.8,0.49,69.74,24.27,618
17,1850-2988,2988,1850,1.1,0.0,84.95,11.83,93
17,1860-5806,5806,1860,0.0,3.12,88.12,7.5,160
17,1870-6838,6838,1870,0.0,0.0,93.1,5.75,87
17,1980-2126,2126,1980,0.0,0.0,93.42,6.58,76
17,1990-3582,3582,1990,18.2,11.23,50.18,30.88,285
17,1990-7028,7028,1990,0.0,0.0,92.86,3.57,56
17,1990-7032,7032,1990,2.7,0.0,86.61,11.61,112
17,2000-361,361,2000,0.3,0.33,79.78,14.0,900
17,2000-900,900,2000,0.0,0.67,54.77,40.13,451
17,2000-1450,1450,2000,2.3,1.02,64.86,28.37,1861
17,2000-2128,2128,2000,1.3,0.0,73.75,16.25,80
17,2000-2392,2392,2000,0.0,1.35,67.57,22.7,370
17,2000-3244,3244,2000,0.0,0.6,77.01,17.91,335
17,2000-3350,3350,2000,0.0,0.0,100.0,0.0,16
17,2000-3570,3570,2000,2.0,0.55,69.51,23.9,2004
17,2000-3584,3584,2000,0.4,0.64,61.03,34.05,467
17,2000-3604,3604,2000,0.3,0.28,77.29,14.96,361
17,2000-4439,4439,2000,0.0,2.99,79.1,13.43,67
17,2000-5828,5828,2000,0.5,0.53,83.16,13.68,190
17,2000-6070,6070,2000,2.4,0.29,82.25,13.17,1397
17,2000-6166,6166,2000,0.2,0.85,61.15,33.97,471
17,2000-6562,6562,2000,0.3,0.78,66.93,27.39,387
17,2000-6666,6666,2000,2.1,0.53,67.84,26.64,1141
17,2000-7236,7236,2000,19.7,0.38,59.73,34.73,524
17,2000-7281,7281,2000,0.0,0.0,79.62,12.56,422
17,2000-9406,9406,2000,0.0,0.33,67.33,21.78,303
17,2010-1966,1966,2010,0.0,0.0,87.04,11.11,54
17,2020-1938,1938,2020,0.3,0.0,69.61,26.52,362
17,2020-5962,5962,2020,2.8,1.02,74.09,21.25,687
17,2035-1888,1888,2035,1.9,0.47,48.84,17.91,430
17,2035-2036,2036,2035,0.0,0.0,73.33,13.33,15
17,2035-6026,6026,2035,3.9,0.5,55.03,17.21,796
17,2035-8133,8133,2035,22.7,0.57,53.41,15.34,176
17,2055-2206,2206,2055,0.0,0.0,83.19,11.5,113
17,2055-2208,2208,2055,1.5,0.52,79.38,13.4,194
17,2070-5450,5450,2070,0.0,1.32,68.42,19.74,76
17,2070-5452,5452,2070,0.8,0.0,75.38,13.85,130
17,2180-1392,1392,2180,0.7,0.48,51.92,43.27,416
17,2180-6054,6054,2180,0.0,0.8,65.24,29.41,374
17,2180-6058,6058,2180,2.2,0.59,60.16,34.94,1531
17,2180-6262,6262,2180,1.1,1.07,80.75,13.37,187
17,2180-6490,6490,2180,0.0,0.0,48.03,48.68,152
17,2180-6494,6494,2180,0.5,0.27,49.32,48.22,365
17,2180-6807,6807,2180,28.6,0.0,28.57,67.86,28
17,2180-9149,9149,2180,15.6,0.38,62.36,33.84,263
17,2190-6196,6196,2190,0.0,2.22,88.89,4.44,45
17,2190-6436,6436,2190,4.3,0.0,89.86,5.8,69
17,2190-6718,6718,2190,0.0,15.0,75.0,10.0,20
17,2395-1094,1094,2395,0.0,0.88,51.32,46.49,228
17,2395-1096,1096,2395,0.8,0.59,48.82,48.63,510
17,2405-3074,3074,2405,0.0,5.99,32.23,58.47,484
17,2405-3078,3078,2405,3.3,5.97,31.64,59.65,1021
17,2405-5180,5180,2405,32.3,0.0,44.62,52.31,65
17,2505-9360,9360,2505,0.0,0.0,83.93,15.18,112
17,2515-9263,9263,2515,0.0,1.03,67.01,26.8,97
17,2515-9582,9582,2515,0.0,0.0,71.43,21.43,182
17,2520-5015,5015,2520,1.2,0.77,31.44,63.8,652
17,2530-7442,7442,2530,2.9,0.48,26.43,71.9,420
17,2535-5506,5506,2535,2.4,1.22,34.15,62.2,82
17,2540-3130,3130,2540,0.0,0.0,79.73,20.27,74
17,2540-3134,3134,2540,0.0,0.0,77.46,21.83,142
17,2560-1546,1546,2560,0.0,1.12,76.4,21.35,89
17,2570-8456,8456,2570,0.5,2.59,64.77,25.39,193
17,2580-6598,6598,2580,0.0,0.0,96.77,3.23,31
17,2580-6600,6600,2580,0.0,0.0,87.14,8.57,70
17,2590-7344,7344,2590,0.0,0.0,78.95,17.54,57
17,2590-7346,7346,2590,0.0,0.0,87.6,6.61,121
17,2600-7046,7046,2600,1.7,0.56,79.78,14.04,356
17,2600-7048,7048,2600,0.0,0.0,79.03,13.44,186
17,2610-3681,3681,2610,0.0,0.0,100.0,0.0,7
17,2610-4908,4908,2610,0.0,0.0,75.0,25.0,16
17,2610-7891,7891,2610,0.0,2.22,75.56,18.89,90
17,2610-8118,8118,2610,1.3,1.99,85.43,9.27,151
17,2620-2686,2686,2620,0.0,0.0,61.9,33.33,21
17,2620-4080,4080,2620,0.4,1.12,53.16,44.24,269
17,2630-3846,3846,2630,0.0,2.04,83.67,14.29,49
17,2630-3850,3850,2630,0.0,0.0,86.59,12.2,82
17,2640-42,42,2640,0.0,0.0,100.0,0.0,28
17,2640-430,430,2640,0.0,1.62,85.83,9.72,247
17,2640-432,432,2640,0.0,0.8,85.58,11.06,624
17,2650-3546,3546,2650,2.3,0.0,29.55,70.45,88
17,2660-4956,4956,2660,0.0,0.39,41.63,55.64,257
17,2660-4960,4960,2660,1.4,0.21,46.38,50.1,483
17,2670-4058,4058,2670,2.1,0.0,46.88,50.0,96
17,2670-4069,4069,2670,0.0,0.0,35.29,62.75,51
17,2680-9608,9608,2680,0.8,0.0,76.56,18.75,128
17,2690-1402,1402,2690,2.6,2.18,33.31,60.07,1465
17,2690-1454,1454,2690,3.6,2.16,20.79,74.88,1063
17,2690-1488,1488,2690,0.6,0.85,12.26,84.78,473
17,2690-1504,1504,2690,0.0,3.61,42.17,53.01,83
17,2690-2096,2096,2690,0.3,1.96,31.05,65.03,306
17,2690-2394,2394,2690,4.9,2.3,22.45,72.21,1479
17,2690-3206,3206,2690,0.0,3.98,28.29,62.55,251
17,2690-4376,4376,2690,0.9,3.16,20.57,74.37,316
17,2690-5048,5048,2690,0.4,2.39,27.62,65.75,543
17,2690-7209,7209,2690,0.0,0.0,25.0,69.64,112
17,2690-7481,7481,2690,0.9,2.92,22.51,72.22,342
17,2690-8082,8082,2690,2.2,2.09,31.96,62.6,1436
17,2690-9188,9188,2690,0.0,2.74,18.83,75.32,547
17,2700-25,25,2700,0.2,1.04,62.0,31.73,479
17,2700-856,856,2700,0.0,0.0,71.43,21.43,42
17,2700-5990,5990,2700,10.9,2.24,54.17,36.22,312
17,2700-7086,7086,2700,0.0,0.36,47.46,48.19,276
17,2700-7208,7208,2700,1.6,0.09,52.27,44.01,1102
17,2700-7212,7212,2700,0.3,1.32,49.47,40.79,380
17,2700-7214,7214,2700,0.7,0.91,59.51,32.75,1536
17,2700-7532,7532,2700,0.0,0.0,65.04,25.2,123
17,2700-7534,7534,2700,0.7,0.72,78.26,15.58,276
17,2700-7879,7879,2700,0.0,0.0,75.27,20.33,182
17,2700-8420,8420,2700,0.0,0.0,70.64,24.77,109
17,2700-8810,8810,2700,0.0,0.0,64.61,28.65,178
17,2700-9134,9134,2700,0.4,1.61,47.79,46.99,249
17,2710-5754,5754,2710,0.0,0.0,85.32,11.93,109
17,2710-5762,5762,2710,0.0,0.0,85.14,11.71,222
17,2720-7276,7276,2720,0.0,0.0,88.79,8.41,214
17,2730-2148,2148,2730,0.0,0.0,43.33,53.33,60
17,2730-2150,2150,2730,0.6,0.0,38.79,60.0,165
17,2740-6030,6030,2740,19.0,0.0,27.59,70.69,58
17,2740-6044,6044,2740,0.0,0.0,21.76,74.71,170
17,2740-6046,6046,2740,0.9,0.31,24.53,72.67,322
17,2740-6520,6520,2740,3.6,0.0,63.06,31.53,111
17,2750-7664,7664,2750,0.7,0.0,71.22,24.46,139
17,2750-7668,7668,2750,0.0,0.0,62.03,31.65,79
17,2760-3860,3860,2760,0.0,3.45,74.71,20.69,87
17,2760-3862,3862,2760,0.0,0.74,82.96,13.33,135
17,2770-6363,6363,2770,0.0,0.0,100.0,0.0,24
17,2770-8210,8210,2770,0.0,0.22,85.3,10.69,449
17,2770-8212,8212,2770,0.4,0.96,84.15,10.68,833
17,2770-9757,9757,2770,3.2,0.0,74.19,19.35,31
17,2780-8048,8048,2780,0.0,0.0,85.92,11.27,71
17,2780-8050,8050,2780,1.7,0.0,94.87,3.42,117
17,2790-6146,6146,2790,0.0,0.0,69.62,27.85,79
17,2800-2018,2018,2800,0.0,2.5,82.5,10.0,40
17,2800-5958,5958,2800,0.0,0.0,76.47,9.8,51
17,2810-51,51,2810,5.6,5.56,5.56,88.89,18
17,2810-1368,1368,2810,10.0,0.0,30.0,70.0,20
17,2810-1416,1416,2810,1.1,0.0,10.64,86.17,94
17,2810-1420,1420,2810,3.2,0.0,6.88,91.53,189
17,2820-7902,7902,2820,0.0,0.0,64.29,35.71,14
17,2820-7904,7904,2820,5.9,0.0,76.47,23.53,17
17,2830-8790,8790,2830,0.0,0.68,82.31,14.97,147
17,2830-8794,8794,2830,0.7,0.36,77.9,17.75,276
17,2840-6422,6422,2840,0.0,0.0,87.14,7.86,140
17,2862-4369,4369,2862,7.6,6.08,64.05,22.78,395
17,2862-4492,4492,2862,1.6,0.0,60.66,31.97,122
17,2865-7322,7322,2865,0.0,0.0,83.87,11.29,62
17,3000-8375,8375,3000,2.6,1.28,52.56,37.18,78
17,3000-8377,8377,3000,0.0,0.57,65.03,29.11,529
17,3000-8378,8378,3000,0.4,1.63,64.26,29.43,982
17,3010-2024,2024,3010,3.3,2.75,85.71,8.24,182
17,3020-9694,9694,3020,0.0,0.67,83.52,9.35,449
17,3020-9696,9696,3020,1.2,0.98,84.55,8.81,919
17,3030-86,86,3030,0.0,1.64,75.41,14.75,61
17,3030-90,90,3030,2.5,0.0,79.51,16.39,122
17,3040-308,308,3040,0.0,1.89,73.58,24.53,53
17,3050-6586,6586,3050,0.0,2.7,85.59,7.21,111
17,3060-5238,5238,3060,0.0,0.0,89.29,7.14,28
17,3060-5258,5258,3060,0.0,0.0,83.33,11.11,18
17,3070-9704,9704,3070,2.0,0.0,89.8,10.2,49
17,3080-4854,4854,3080,0.0,0.0,40.86,55.38,186
17,3080-7058,7058,3080,0.0,2.42,34.55,58.79,165
17,3080-9032,9032,3080,1.5,0.75,40.93,55.77,667
17,3085-2452,2452,3085,0.0,0.3,75.44,22.78,338
17,3085-2456,2456,3085,0.5,1.01,71.84,25.63,593
17,3090-1299,1299,3090,0.0,0.0,88.57,5.71,35
17,3090-1446,1446,3090,4.5,1.02,56.12,38.78,784
17,3090-9347,9347,3090,0.0,0.0,49.18,45.92,368
17,3100-7755,7755,3100,0.0,0.51,76.34,19.85,393
17,3100-9393,9393,3100,0.0,0.28,85.07,7.32,355
17,3100-9670,9670,3100,0.0,0.81,77.8,16.9,491
17,3100-9672,9672,3100,1.2,0.38,80.38,15.05,1595
17,3110-4785,4785,3110,0.0,0.0,66.67,22.22,90
17,3110-5902,5902,3110,0.0,0.96,64.82,32.89,523
17,3110-7490,7490,3110,1.9,0.55,64.38,32.23,1092
17,3120-53,53,3120,0.0,0.58,52.33,44.77,172
17,3120-54,54,3120,0.0,8.39,13.55,77.1,310
17,3120-988,988,3120,0.0,2.0,35.43,57.71,350
17,3120-1500,1500,3120,0.0,1.05,44.5,49.74,191
17,3120-1875,1875,3120,0.0,0.87,80.38,16.16,693
17,3120-2657,2657,3120,0.0,3.57,31.25,60.71,224
17,3120-2825,2825,3120,9.7,0.0,55.56,41.67,72
17,3120-2850,2850,3120,0.0,1.1,62.22,31.86,998
17,3120-3162,3162,3120,0.0,1.13,16.42,77.55,530
17,3120-3610,3610,3120,2.4,3.78,27.66,65.31,1721
17,3120-3614,3614,3120,3.2,3.55,27.42,63.41,2028
17,3120-3880,3880,3120,0.0,4.05,23.34,69.21,617
17,3120-4425,4425,3120,14.0,1.38,18.62,76.86,795
17,3120-4438,4438,3120,0.3,3.02,28.43,60.71,728
17,3120-6364,6364,3120,1.3,1.42,24.93,71.38,1408
17,3120-8467,8467,3120,0.0,0.0,1.5,98.5,133
17,3120-8965,8965,3120,0.0,0.64,54.82,39.19,467
17,3120-9611,9611,3120,0.0,3.17,50.79,41.27,63
17,3130-4670,4670,3130,1.0,0.0,66.99,31.3,409
17,3130-7054,7054,3130,0.0,0.0,62.69,36.82,201
17,3140-3066,3066,3140,0.0,0.0,20.82,76.44,365
17,3140-3070,3070,3140,1.8,0.7,22.72,75.18,713
17,3140-7219,7219,3140,0.0,0.0,45.24,50.0,42
17,3145-3961,3961,3145,0.6,0.0,65.52,33.33,174
17,3145-3962,3962,3145,1.4,0.36,66.43,31.43,280
17,3146-1012,1012,3146,1.0,0.0,85.57,11.34,97
17,3147-7156,7156,3147,0.0,0.0,96.63,1.12,89
17,3148-6812,6812,3148,0.0,0.0,90.24,9.76,41
17,3200-9791,9791,3200,0.0,0.68,48.3,51.02,147
17,3200-9799,9799,3200,2.6,0.0,42.79,55.9,229
17,3210-9729,9729,3210,0.0,1.8,66.67,28.83,111
17,3210-9733,9733,3210,3.7,0.0,69.75,27.78,162
17,3220-4231,4231,3220,0.0,0.0,67.78,25.56,90
17,3230-5123,5123,3230,0.0,0.0,88.24,8.82,34
17,8001-15,15,8001,0.6,0.86,55.42,32.01,931
17,8001-35,35,8001,0.0,7.69,84.62,7.69,13
17,8001-75,75,8001,1.3,0.66,83.28,11.15,305
17,8001-653,653,8001,0.0,0.0,64.38,31.51,73
17,8001-655,655,8001,1.3,36.25,21.88,37.5,160
17,8001-1279,1279,8001,0.0,1.59,79.37,12.3,252
17,8001-1791,1791,8001,0.0,5.56,61.81,25.0,144
17,8001-1795,1795,8001,2.6,6.11,63.36,20.49,737
17,8001-2035,2035,8001,0.0,1.8,27.93,64.86,111
17,8001-2067,2067,8001,0.7,1.99,84.11,9.05,906
17,8001-2196,2196,8001,0.2,1.91,78.82,10.11,524
17,8001-2837,2837,8001,0.3,0.76,35.26,54.41,397
17,8001-3326,3326,8001,7.8,15.69,29.41,33.33,51
17,8001-3399,3399,8001,0.0,0.0,86.67,13.33,15
17,8001-3439,3439,8001,0.0,6.45,32.26,55.91,93
17,8001-4277,4277,8001,0.0,0.0,100.0,0.0,8
17,8001-4699,4699,8001,39.3,0.4,7.74,90.87,504
17,8001-5147,5147,8001,3.5,0.0,75.44,15.79,57
17,8001-5453,5453,8001,0.8,0.0,92.91,7.09,127
17,8001-5851,5851,8001,0.0,0.0,75.0,19.23,52
17,8001-6219,6219,8001,33.4,13.08,4.66,69.92,665
17,8001-6266,6266,8001,24.5,19.42,7.19,66.91,139
17,8001-6913,6913,8001,0.5,0.53,17.2,77.51,378
17,8001-6914,6914,8001,0.8,0.65,16.61,76.94,620
17,8001-7278,7278,8001,0.0,0.0,2.35,97.65,85
17,8001-7512,7512,8001,2.3,0.0,74.42,20.93,43
17,8001-8061,8061,8001,0.0,0.0,89.47,5.26,19
17,8001-8821,8821,8001,0.0,1.82,67.27,27.27,55
17,8001-8929,8929,8001,1.2,20.93,51.74,25.0,172
17,8001-9785,9785,8001,7.9,1.97,26.11,70.44,203
17,9000-1924,1924,9000,0.0,8.15,42.22,37.78,135
17,9030-6134,6134,9030,2.5,3.68,57.06,37.42,163
17,9035-1607,1607,9035,29.2,0.0,43.87,52.83,212
17,9035-3997,3997,9035,18.2,0.0,45.45,52.27,44
17,9050-8121,8121,9050,9.3,0.0,66.67,22.22,54
17,9130-2840,2840,9130,0.0,1.87,74.77,14.49,214
17,9170-1550,1550,9170,6.8,5.7,71.5,15.44,965
17,9170-6971,6971,9170,15.3,4.53,75.53,9.37,662
17,9170-7449,7449,9170,5.5,1.23,68.1,23.01,326
17,9170-7484,7484,9170,26.0,3.26,67.44,20.93,215
