year,districtcode,schoolcode,black,lowincome,hispanic,white,mergecode
18,7,20,0.8,72.94,55.44,42.97,7-20
18,7,40,1.08,64.05,41.62,55.68,7-40
18,7,9100,0.0,0.0,0.0,100.0,7-9100
18,14,40,1.72,69.89,5.16,90.75,14-40
18,14,130,2.7,56.4,10.11,85.39,14-130
18,14,140,3.23,61.94,11.61,79.35,14-140
18,14,200,0.0,55.07,3.62,95.65,14-200
18,14,210,0.91,62.84,6.95,89.73,14-210
18,63,20,0.64,42.68,4.46,91.72,63-20
18,63,40,1.04,27.08,0.0,95.83,63-40
18,63,60,0.0,39.24,7.59,88.61,63-60
18,70,20,1.28,46.92,7.44,87.69,70-20
18,70,40,0.92,34.46,5.23,91.38,70-40
18,84,20,0.0,33.72,6.4,91.86,84-20
18,84,40,0.0,25.71,1.43,92.86,84-40
18,91,60,0.57,46.86,14.86,81.14,91-60
18,91,70,0.0,50.62,14.81,77.78,91-70
18,91,80,0.57,56.25,13.35,82.95,91-80
18,105,20,1.04,45.6,24.35,74.09,105-20
18,105,40,0.0,53.1,22.12,76.99,105-40
18,105,250,0.0,42.86,19.78,79.12,105-250
18,112,40,2.42,32.69,5.08,85.96,112-40
18,112,60,0.83,40.72,4.99,82.55,112-60
18,112,80,1.33,38.44,6.16,82.7,112-80
18,112,100,1.62,43.32,4.45,84.21,112-100
18,119,20,1.5,36.09,4.26,90.48,119-20
18,119,40,0.65,25.54,4.33,91.34,119-40
18,119,50,1.92,36.86,2.56,91.35,119-50
18,119,60,0.85,38.24,2.27,93.48,119-60
18,126,20,0.52,24.93,1.05,95.54,126-20
18,126,60,0.0,21.83,2.95,94.99,126-60
18,126,80,1.19,25.67,1.79,95.52,126-80
18,126,140,0.0,0.0,0.0,100.0,126-140
18,140,50,0.8,54.31,6.81,86.97,140-50
18,140,70,0.9,35.74,4.13,90.32,140-70
18,140,80,0.0,48.0,10.4,86.4,140-80
18,140,100,0.8,57.6,0.0,96.8,140-100
18,140,180,0.68,80.14,6.85,79.45,140-180
18,140,200,0.78,47.66,2.34,93.36,140-200
18,140,260,0.0,47.06,3.36,93.28,140-260
18,140,280,2.18,74.24,10.04,78.6,140-280
18,140,9100,0.0,28.13,12.5,81.25,140-9100
18,147,20,3.73,36.06,12.47,68.82,147-20
18,147,30,4.36,23.52,7.82,75.21,147-30
18,147,40,7.91,42.14,10.34,65.68,147-40
18,147,60,8.12,48.41,16.81,52.46,147-60
18,147,80,9.4,69.13,18.12,53.69,147-80
18,147,100,13.31,51.08,3.24,70.14,147-100
18,147,110,2.07,14.05,5.17,75.62,147-110
18,147,120,3.09,21.24,6.18,82.43,147-120
18,147,130,2.97,27.68,7.91,71.99,147-130
18,147,135,2.59,19.83,2.59,86.21,147-135
18,147,145,0.64,14.65,5.73,90.45,147-145
18,147,150,5.88,50.15,5.57,58.82,147-150
18,147,155,0.0,41.28,67.44,28.49,147-155
18,147,160,5.22,43.19,5.8,68.99,147-160
18,147,165,3.64,33.51,12.42,63.06,147-165
18,147,180,3.94,55.65,14.21,53.94,147-180
18,147,190,6.58,55.89,25.48,49.32,147-190
18,147,195,2.57,22.95,6.51,82.02,147-195
18,147,200,3.19,24.17,5.42,80.97,147-200
18,147,210,0.68,10.2,2.72,85.03,147-210
18,147,220,1.6,14.38,3.88,87.21,147-220
18,147,240,12.33,53.97,11.78,63.84,147-240
18,147,250,7.11,35.39,9.32,72.67,147-250
18,147,260,6.89,50.0,11.56,58.22,147-260
18,147,280,6.08,56.96,10.89,57.22,147-280
18,147,300,3.15,37.84,13.36,68.62,147-300
18,147,320,6.18,50.91,17.45,54.91,147-320
18,147,340,2.13,39.01,13.48,77.3,147-340
18,147,410,9.16,58.52,15.27,51.91,147-410
18,147,420,3.14,27.67,4.4,80.5,147-420
18,147,430,0.0,11.54,3.08,92.31,147-430
18,147,450,4.17,25.0,4.17,87.5,147-450
18,147,460,0.0,13.43,1.49,94.03,147-460
18,147,490,5.19,28.57,14.29,77.92,147-490
18,147,800,25.0,0.0,0.0,25.0,147-800
18,147,850,4.38,27.92,6.39,80.11,147-850
18,154,40,0.55,49.86,41.87,57.3,154-40
18,154,190,0.72,76.58,75.68,22.34,154-190
18,154,290,1.03,70.03,62.02,36.69,154-290
18,161,20,0.0,31.16,1.45,96.38,161-20
18,161,40,1.01,27.27,3.03,92.93,161-40
18,161,250,0.0,36.92,4.62,95.38,161-250
18,170,20,0.61,50.3,1.82,72.12,170-20
18,170,30,0.75,61.94,1.24,68.16,170-30
18,170,60,0.31,66.14,1.88,59.56,170-60
18,170,80,0.0,59.06,1.41,68.71,170-80
18,170,120,0.0,79.33,0.0,99.44,170-120
18,170,130,0.0,53.13,3.13,76.56,170-130
18,170,250,0.0,70.21,2.13,70.21,170-250
18,170,400,0.0,50.0,0.0,78.57,170-400
18,182,20,2.58,25.45,6.56,77.63,182-20
18,182,45,3.92,32.21,8.68,73.53,182-45
18,182,50,2.61,23.69,3.61,81.73,182-50
18,182,55,2.72,36.51,5.99,76.29,182-55
18,182,60,3.35,43.44,6.56,75.84,182-60
18,196,20,0.0,40.83,11.83,88.17,196-20
18,196,40,0.0,19.23,3.3,93.41,196-40
18,196,60,0.0,31.82,9.09,90.91,196-60
18,203,40,0.0,23.72,4.89,93.64,203-40
18,203,60,0.22,21.7,2.46,95.75,203-60
18,203,9100,0.0,0.0,0.0,100.0,203-9100
18,217,20,0.0,47.6,3.32,93.36,217-20
18,217,40,1.32,35.1,9.93,84.77,217-40
18,217,200,0.0,41.35,3.76,95.49,217-200
18,217,410,0.0,25.0,0.0,98.61,217-410
18,231,40,1.48,13.56,4.24,89.83,231-40
18,231,70,0.79,20.14,4.19,91.06,231-70
18,231,90,1.08,22.1,3.5,90.57,231-90
18,238,60,0.0,57.72,2.53,89.87,238-60
18,238,100,0.37,50.56,1.87,89.14,238-100
18,238,120,0.0,57.66,2.92,89.42,238-120
18,245,20,0.68,27.7,3.38,94.93,245-20
18,245,40,0.66,26.91,2.66,93.69,245-40
18,280,20,1.35,37.24,9.31,80.93,280-20
18,280,40,0.42,31.81,7.42,86.0,280-40
18,280,60,0.6,38.86,11.14,73.19,280-60
18,280,110,1.55,44.72,6.52,82.92,280-110
18,280,120,1.14,53.41,6.82,81.82,280-120
18,280,140,1.54,43.85,3.08,93.85,280-140
18,280,150,1.25,18.75,8.75,80.0,280-150
18,280,160,0.0,62.5,31.25,62.5,280-160
18,280,180,3.85,63.61,13.31,73.08,280-180
18,287,20,0.45,10.27,1.79,95.54,287-20
18,287,40,0.88,12.39,0.0,97.35,287-40
18,308,20,0.0,70.97,4.84,90.32,308-20
18,308,30,14.81,39.95,4.23,78.04,308-30
18,308,100,10.0,56.0,0.0,84.0,308-100
18,308,120,0.0,55.0,2.5,97.5,308-120
18,308,140,10.8,54.85,6.09,78.67,308-140
18,308,160,24.28,61.34,11.82,57.83,308-160
18,308,810,0.0,37.25,17.65,80.39,308-810
18,308,9410,0.0,0.0,0.0,83.33,308-9410
18,315,20,0.0,68.55,3.77,9.43,315-20
18,315,30,1.33,54.67,1.33,17.33,315-30
18,315,40,1.69,40.68,5.93,20.34,315-40
18,315,60,0.0,0.0,0.0,66.67,315-60
18,336,20,2.64,46.31,17.41,75.46,336-20
18,336,40,1.21,36.53,17.33,79.03,336-40
18,336,80,3.1,56.21,22.41,63.45,336-80
18,336,100,5.99,63.13,17.97,70.05,336-100
18,336,110,1.56,38.84,15.4,79.46,336-110
18,336,120,2.38,53.97,30.95,61.11,336-120
18,336,160,0.43,43.97,13.36,81.47,336-160
18,336,180,2.32,39.4,18.87,74.17,336-180
18,336,850,4.17,65.28,22.22,68.06,336-850
18,350,20,1.82,12.12,4.85,86.06,350-20
18,350,40,0.0,12.77,6.38,88.3,350-40
18,350,60,0.72,15.94,8.7,82.61,350-60
18,350,100,0.93,17.08,4.66,89.13,350-100
18,364,20,1.55,26.29,6.7,89.18,364-20
18,364,40,0.0,36.08,5.15,93.3,364-40
18,413,20,28.99,75.94,37.08,24.65,413-20
18,413,60,16.21,72.82,24.94,47.88,413-60
18,413,80,22.15,78.33,31.14,38.52,413-80
18,413,110,19.13,73.62,22.9,43.48,413-110
18,413,120,27.66,83.51,39.36,22.61,413-120
18,413,150,28.81,84.75,50.85,16.95,413-150
18,413,170,24.65,70.05,33.07,32.92,413-170
18,413,180,20.8,77.2,31.74,37.29,413-180
18,413,200,22.06,62.95,35.24,37.67,413-200
18,413,210,40.16,92.37,32.93,17.27,413-210
18,413,260,24.84,66.52,31.32,34.56,413-260
18,413,320,16.36,69.98,30.43,45.13,413-320
18,413,410,15.15,42.42,15.15,69.7,413-410
18,413,421,36.76,68.65,25.95,32.97,413-421
18,413,850,9.76,56.1,12.2,73.17,413-850
18,422,20,4.43,35.03,13.75,74.72,422-20
18,422,60,2.08,41.56,10.39,82.86,422-60
18,422,100,3.27,45.54,10.12,78.27,422-100
18,422,120,4.11,38.9,11.51,75.89,422-120
18,422,9803,0.0,0.0,0.0,100.0,422-9803
18,427,20,0.0,28.57,0.95,97.14,427-20
18,427,40,0.0,15.71,1.43,91.43,427-40
18,427,250,0.0,22.58,3.23,96.77,427-250
18,434,40,0.56,36.85,12.41,83.33,434-40
18,434,60,1.21,49.26,21.46,72.33,434-60
18,434,80,0.84,44.29,19.5,76.32,434-80
18,441,20,0.0,52.34,1.87,93.46,441-20
18,441,40,0.0,41.18,1.47,92.65,441-40
18,441,130,0.0,62.5,10.42,85.42,441-130
18,441,210,1.43,45.71,2.86,90.0,441-210
18,441,800,0.0,50.0,0.0,100.0,441-800
18,469,20,2.97,24.58,2.97,89.83,469-20
18,469,40,3.66,25.61,2.44,87.8,469-40
18,469,60,1.71,10.26,3.42,92.74,469-60
18,469,80,4.08,20.41,3.4,88.44,469-80
18,476,40,0.78,42.19,4.3,72.27,476-40
18,476,60,1.41,50.7,5.07,63.66,476-60
18,476,80,1.17,57.48,4.4,60.7,476-80
18,476,130,1.99,57.17,3.78,68.13,476-130
18,485,11,1.15,31.68,6.49,90.46,485-11
18,485,34,1.62,42.86,3.57,92.86,485-34
18,485,120,0.0,28.07,0.0,100.0,485-120
18,490,20,1.01,36.68,1.01,97.49,490-20
18,490,40,2.44,41.46,2.44,92.68,490-40
18,497,20,2.24,29.48,1.12,95.15,497-20
18,497,40,0.26,25.78,0.78,97.66,497-40
18,497,60,2.31,32.66,1.45,94.51,497-60
18,602,20,1.67,40.83,5.0,88.06,602-20
18,602,21,0.9,34.23,5.41,89.19,602-21
18,602,40,0.67,29.19,5.37,88.59,602-40
18,609,20,0.42,58.44,1.9,97.26,609-20
18,609,40,0.85,45.96,5.96,91.49,609-40
18,609,60,0.0,60.36,2.7,95.5,609-60
18,616,50,0.0,41.06,2.65,94.04,616-50
18,623,20,0.0,57.78,5.0,45.0,623-20
18,623,40,0.0,45.95,3.38,50.68,623-40
18,637,20,0.48,43.68,4.3,92.84,637-20
18,637,40,0.95,33.18,1.42,96.21,637-40
18,637,200,0.96,41.35,0.0,96.15,637-200
18,657,20,0.48,11.48,5.26,93.3,657-20
18,658,20,0.47,29.18,7.53,89.18,658-20
18,658,21,0.91,27.4,8.68,87.21,658-21
18,658,40,0.3,22.85,6.23,89.91,658-40
18,665,20,0.83,17.16,8.82,86.05,665-20
18,700,20,2.14,44.33,6.21,90.36,700-20
18,700,40,0.65,35.5,5.86,92.51,700-40
18,700,60,3.04,38.26,6.52,88.26,700-60
18,714,20,3.51,7.5,6.06,71.45,714-20
18,714,40,1.96,2.67,7.3,75.44,714-40
18,714,60,3.34,6.21,4.86,76.19,714-60
18,714,80,2.8,7.12,5.34,63.99,714-80
18,714,100,1.71,5.52,6.48,73.52,714-100
18,714,150,3.52,7.65,5.83,72.33,714-150
18,714,190,2.95,10.26,6.92,57.31,714-190
18,714,250,0.51,4.1,5.9,86.15,714-250
18,714,270,2.5,7.14,7.14,64.88,714-270
18,721,40,52.15,42.88,6.85,22.72,721-40
18,721,80,42.41,44.28,9.58,25.5,721-80
18,735,20,0.51,79.08,6.12,90.31,735-20
18,735,40,0.0,42.14,2.86,90.71,735-40
18,735,210,0.0,66.67,7.84,88.24,735-210
18,777,20,1.39,24.91,10.83,84.26,777-20
18,777,40,1.57,29.37,10.99,84.08,777-40
18,777,60,1.16,28.77,10.67,82.6,777-60
18,777,110,1.61,33.56,17.24,76.55,777-110
18,777,120,0.0,20.59,11.76,88.24,777-120
18,777,140,0.67,53.88,24.39,69.84,777-140
18,777,150,0.0,25.64,10.26,84.62,777-150
18,777,160,1.52,19.7,3.79,93.18,777-160
18,840,20,0.0,51.69,0.0,98.88,840-20
18,840,40,0.0,47.37,0.0,98.95,840-40
18,840,450,0.0,0.0,0.0,50.0,840-450
18,870,20,0.21,41.93,2.31,94.97,870-20
18,870,40,0.4,38.71,2.42,95.56,870-40
18,870,60,1.69,44.07,0.85,94.92,870-60
18,882,40,0.49,46.83,14.15,81.95,882-40
18,882,60,1.12,43.26,12.92,83.71,882-60
18,896,20,0.91,26.65,3.19,91.34,896-20
18,896,40,1.13,19.55,3.76,92.48,896-40
18,896,60,1.59,26.98,4.23,91.01,896-60
18,903,20,1.3,38.96,2.38,93.51,903-20
18,903,40,1.52,34.6,5.32,89.73,903-40
18,903,200,1.29,44.01,1.94,94.17,903-200
18,903,800,1.22,20.73,3.66,90.24,903-800
18,903,9410,21.43,57.14,0.0,78.57,903-9410
18,910,20,0.54,20.7,3.49,93.01,910-20
18,910,40,0.7,14.08,3.52,93.66,910-40
18,910,80,1.2,25.7,12.05,81.93,910-80
18,910,300,1.62,18.83,4.55,90.91,910-300
18,980,20,0.69,34.83,11.72,86.21,980-20
18,980,40,0.63,31.43,11.75,85.08,980-40
18,994,20,0.0,43.81,0.0,100.0,994-20
18,994,40,1.01,40.4,0.0,97.98,994-40
18,1015,20,1.19,5.78,2.57,91.1,1015-20
18,1015,70,0.21,6.07,4.39,91.63,1015-70
18,1015,75,2.71,11.14,3.61,87.95,1015-75
18,1015,90,1.02,3.48,2.04,92.43,1015-90
18,1015,100,1.44,7.19,4.89,88.06,1015-100
18,1029,20,1.08,17.57,9.46,86.22,1029-20
18,1029,40,0.62,8.7,5.28,91.61,1029-40
18,1029,200,0.33,18.03,10.82,85.25,1029-200
18,1071,100,3.23,0.0,6.45,83.87,1071-100
18,1071,110,2.35,59.73,1.68,85.57,1071-110
18,1071,200,0.57,46.29,1.71,90.29,1071-200
18,1071,400,0.42,39.83,2.12,91.53,1071-400
18,1071,450,0.0,57.14,9.52,85.71,1071-450
18,1080,100,1.43,46.44,1.63,91.65,1080-100
18,1080,200,1.56,41.15,2.6,89.58,1080-200
18,1080,400,0.82,36.63,0.82,93.0,1080-400
18,1080,800,0.0,27.91,4.65,79.07,1080-800
18,1080,9410,0.0,0.0,0.0,85.71,1080-9410
18,1085,20,0.95,40.9,17.97,77.78,1085-20
18,1085,30,1.96,32.49,12.32,84.59,1085-30
18,1085,40,0.26,20.1,7.47,90.98,1085-40
18,1092,40,1.74,35.96,1.93,90.73,1092-40
18,1092,60,1.81,30.17,2.74,91.37,1092-60
18,1092,100,0.58,15.2,4.09,86.84,1092-100
18,1092,110,1.52,41.88,4.06,84.52,1092-110
18,1092,120,0.96,29.9,0.96,94.02,1092-120
18,1092,140,0.0,27.21,0.0,97.28,1092-140
18,1092,160,0.28,45.53,1.4,92.74,1092-160
18,1092,200,0.26,25.13,2.33,94.56,1092-200
18,1092,220,1.46,53.85,3.12,89.4,1092-220
18,1120,20,0.0,47.4,0.0,97.4,1120-20
18,1120,40,0.0,46.9,0.88,97.35,1120-40
18,1120,60,0.0,51.81,0.0,97.59,1120-60
18,1127,20,0.0,33.73,2.66,94.08,1127-20
18,1127,40,0.0,32.45,4.26,91.49,1127-40
18,1127,60,0.0,32.53,1.2,97.59,1127-60
18,1134,40,2.22,35.56,13.09,82.22,1134-40
18,1134,60,2.03,30.23,14.83,81.1,1134-60
18,1134,80,2.25,36.52,16.01,79.78,1134-80
18,1141,20,0.61,49.09,16.06,79.09,1141-20
18,1141,40,1.01,34.55,10.3,86.26,1141-40
18,1141,60,2.78,58.33,15.28,76.39,1141-60
18,1141,100,1.03,60.0,13.85,80.26,1141-100
18,1155,20,0.58,34.49,4.93,91.01,1155-20
18,1155,40,1.59,26.67,3.17,92.38,1155-40
18,1162,20,0.0,58.97,30.77,65.9,1162-20
18,1162,40,0.36,42.35,19.22,77.58,1162-40
18,1162,120,0.0,63.04,26.09,67.39,1162-120
18,1162,210,0.48,53.85,24.52,73.08,1162-210
18,1162,9100,0.0,0.0,0.0,100.0,1162-9100
18,1169,40,0.0,42.56,9.52,86.9,1169-40
18,1169,60,0.0,37.5,5.29,91.83,1169-60
18,1169,200,0.0,35.9,1.92,94.87,1169-200
18,1176,20,0.44,42.36,1.97,95.41,1176-20
18,1176,40,1.6,43.88,1.6,94.41,1176-40
18,1183,20,1.27,25.64,6.78,85.17,1183-20
18,1183,40,1.48,19.75,4.44,87.65,1183-40
18,1183,80,0.82,26.58,8.49,85.21,1183-80
18,1183,110,1.77,15.93,8.85,86.73,1183-110
18,1204,20,1.5,67.0,1.5,91.5,1204-20
18,1204,40,2.8,51.4,1.87,93.46,1204-40
18,1204,300,0.0,52.94,2.35,92.94,1204-300
18,1218,22,0.0,47.31,4.3,58.6,1218-22
18,1218,40,0.22,40.4,3.35,53.79,1218-40
18,1218,60,0.39,42.75,1.96,62.75,1218-60
18,1232,20,0.0,44.49,1.98,94.49,1232-20
18,1232,40,0.0,39.41,1.48,92.12,1232-40
18,1232,80,0.0,43.28,6.72,90.3,1232-80
18,1246,20,0.45,36.79,4.51,91.87,1246-20
18,1246,40,0.0,28.69,2.95,96.2,1246-40
18,1253,22,8.82,58.82,23.92,58.24,1253-22
18,1253,40,7.76,54.99,24.1,62.6,1253-40
18,1253,50,6.11,53.71,14.85,64.63,1253-50
18,1253,60,4.59,36.7,9.17,82.57,1253-60
18,1253,80,7.92,55.47,23.02,61.13,1253-80
18,1253,120,12.15,69.63,21.03,59.81,1253-120
18,1253,140,3.66,68.86,15.38,67.4,1253-140
18,1260,40,0.78,43.52,7.51,85.49,1260-40
18,1260,50,0.76,43.51,8.02,85.5,1260-50
18,1260,60,1.05,27.97,6.64,87.76,1260-60
18,1260,420,0.0,27.03,0.0,94.59,1260-420
18,1295,40,0.48,25.6,9.66,86.96,1295-40
18,1295,160,0.65,38.13,23.73,74.3,1295-160
18,1309,20,2.2,13.63,7.47,85.49,1309-20
18,1309,40,3.09,12.37,8.76,85.05,1309-40
18,1309,60,1.85,14.81,5.56,88.89,1309-60
18,1316,20,1.81,17.67,5.02,86.55,1316-20
18,1316,40,3.9,16.18,4.57,84.59,1316-40
18,1316,50,3.65,18.92,6.15,80.98,1316-50
18,1316,100,1.32,6.95,3.64,85.1,1316-100
18,1316,140,1.38,15.13,3.93,84.09,1316-140
18,1316,160,1.94,17.73,7.48,78.39,1316-160
18,1376,40,0.46,9.72,4.63,89.58,1376-40
18,1376,60,0.96,12.98,5.77,89.66,1376-60
18,1376,100,0.0,5.56,4.63,87.96,1376-100
18,1376,120,0.21,8.44,5.15,91.14,1376-120
18,1376,140,0.73,11.91,4.86,89.79,1376-140
18,1376,160,0.0,11.24,10.44,87.95,1376-160
18,1376,180,0.72,9.42,2.9,90.58,1376-180
18,1376,240,0.56,10.99,4.79,88.73,1376-240
18,1376,450,1.11,7.78,4.44,91.11,1376-450
18,1376,460,0.0,10.67,7.33,88.67,1376-460
18,1376,470,0.0,7.23,4.82,87.95,1376-470
18,1380,10,2.51,73.12,51.97,42.29,1380-10
18,1380,20,1.93,56.35,49.72,46.96,1380-20
18,1380,45,1.51,68.77,56.68,39.04,1380-45
18,1380,60,1.72,68.45,54.29,42.27,1380-60
18,1380,150,1.45,61.23,54.35,38.41,1380-150
18,1380,9401,0.0,0.0,42.86,57.14,1380-9401
18,1407,40,0.51,20.51,2.56,92.31,1407-40
18,1407,60,0.37,19.96,3.14,92.24,1407-60
18,1407,80,0.45,14.73,4.02,92.63,1407-80
18,1407,100,0.29,16.86,6.0,90.86,1407-100
18,1414,20,2.3,15.54,4.68,86.91,1414-20
18,1414,30,1.09,17.98,4.96,85.74,1414-30
18,1414,40,1.69,21.02,5.93,84.75,1414-40
18,1414,50,0.69,13.06,3.44,87.11,1414-50
18,1414,100,1.23,16.49,6.01,87.67,1414-100
18,1414,200,1.1,18.11,4.25,87.56,1414-200
18,1421,40,0.0,36.84,1.32,96.71,1421-40
18,1421,50,0.92,39.45,1.83,94.5,1421-50
18,1421,80,0.95,68.57,0.0,98.1,1421-80
18,1421,100,1.67,29.17,5.83,87.5,1421-100
18,1428,20,1.74,36.94,4.06,88.2,1428-20
18,1428,40,1.19,25.65,3.56,91.21,1428-40
18,1428,50,3.25,43.9,2.44,88.62,1428-50
18,1428,60,4.35,44.93,4.35,82.61,1428-60
18,1449,20,0.0,17.65,5.88,85.29,1449-20
18,1491,20,0.0,52.85,2.59,83.94,1491-20
18,1491,40,1.74,50.43,1.74,93.04,1491-40
18,1491,50,1.92,50.0,3.85,90.38,1491-50
18,1499,20,0.62,38.05,5.82,91.68,1499-20
18,1499,40,1.95,29.5,3.47,91.76,1499-40
18,1526,40,0.0,41.69,5.76,86.7,1526-40
18,1526,80,0.0,54.55,3.03,92.42,1526-80
18,1526,90,0.51,30.33,3.6,92.29,1526-90
18,1526,95,1.22,37.8,4.27,89.63,1526-95
18,1526,100,0.0,48.81,5.95,84.52,1526-100
18,1526,110,0.0,14.49,4.35,92.75,1526-110
18,1526,250,1.82,38.18,3.64,85.45,1526-250
18,1526,410,0.0,33.33,4.76,95.24,1526-410
18,1540,20,0.82,23.01,6.3,87.95,1540-20
18,1540,40,1.0,16.53,5.18,91.49,1540-40
18,1540,60,1.91,23.98,5.45,89.1,1540-60
18,1540,100,0.96,25.16,7.01,86.62,1540-100
18,1554,100,3.18,51.24,8.48,75.97,1554-100
18,1554,111,2.08,23.88,3.46,87.2,1554-111
18,1554,120,0.54,3.94,5.19,80.86,1554-120
18,1554,170,2.65,39.76,4.49,77.88,1554-170
18,1554,200,3.81,66.28,9.68,61.58,1554-200
18,1554,220,1.5,55.64,2.63,66.17,1554-220
18,1554,240,7.6,70.72,4.56,66.16,1554-240
18,1554,280,2.25,38.88,9.89,74.16,1554-280
18,1554,340,2.01,20.8,4.48,82.3,1554-340
18,1554,350,3.36,29.53,5.37,78.75,1554-350
18,1554,400,3.97,33.28,3.75,75.24,1554-400
18,1554,420,2.37,33.41,5.21,75.12,1554-420
18,1554,422,2.29,44.02,5.6,78.63,1554-422
18,1554,460,1.38,28.15,8.27,75.79,1554-460
18,1554,480,2.06,33.33,6.53,75.95,1554-480
18,1554,500,1.17,35.09,7.02,78.07,1554-500
18,1554,520,1.27,37.21,4.02,69.77,1554-520
18,1554,540,2.89,27.68,7.58,79.18,1554-540
18,1554,560,2.29,36.64,2.48,79.96,1554-560
18,1554,580,5.7,58.23,6.33,70.25,1554-580
18,1554,590,2.49,52.61,5.44,71.88,1554-590
18,1554,800,22.22,0.0,11.11,55.56,1554-800
18,1561,20,0.35,27.87,2.44,95.47,1561-20
18,1561,23,0.74,22.06,0.0,94.12,1561-23
18,1561,40,2.27,26.14,0.0,96.02,1561-40
18,1568,40,1.2,31.41,9.11,85.25,1568-40
18,1568,60,0.56,31.27,8.73,86.48,1568-60
18,1568,80,2.05,22.16,8.01,88.27,1568-80
18,1568,160,0.0,30.0,6.0,87.0,1568-160
18,1582,20,0.68,49.66,2.72,93.2,1582-20
18,1582,40,0.0,35.56,1.11,84.44,1582-40
18,1582,250,0.0,46.88,3.13,92.19,1582-250
18,1600,40,0.68,34.69,10.88,87.76,1600-40
18,1600,60,1.17,30.74,9.34,87.94,1600-60
18,1600,80,0.47,33.33,8.92,88.26,1600-80
18,1631,20,0.68,23.63,6.85,88.01,1631-20
18,1631,40,0.0,24.24,2.27,93.94,1631-40
18,1638,40,1.28,23.4,13.57,80.77,1638-40
18,1638,60,1.56,31.03,14.34,80.7,1638-60
18,1638,80,0.48,22.2,5.73,90.45,1638-80
18,1638,100,1.43,35.71,15.18,81.07,1638-100
18,1638,120,1.76,45.15,23.1,70.72,1638-120
18,1638,800,3.41,7.95,8.52,85.8,1638-800
18,1638,9401,2.86,40.0,11.43,85.71,1638-9401
18,1645,20,1.66,29.36,3.6,89.2,1645-20
18,1645,40,0.58,22.48,2.02,90.78,1645-40
18,1645,60,1.41,32.73,4.42,86.55,1645-60
18,1659,20,0.25,23.0,2.25,93.75,1659-20
18,1659,40,1.05,19.92,1.89,94.97,1659-40
18,1659,60,0.39,26.55,2.85,94.04,1659-60
18,1666,20,0.68,30.82,2.74,93.84,1666-20
18,1666,30,0.0,39.24,11.39,87.34,1666-30
18,1666,40,0.0,23.29,2.74,97.26,1666-40
18,1673,20,0.0,58.51,2.13,94.15,1673-20
18,1673,40,0.0,53.91,2.34,89.84,1673-40
18,1673,60,0.42,49.79,3.77,89.12,1673-60
18,1687,20,0.51,10.97,5.87,92.6,1687-20
18,1694,20,1.72,21.29,7.31,87.74,1694-20
18,1694,40,1.65,21.88,5.7,91.54,1694-40
18,1694,60,1.98,23.21,5.68,90.12,1694-60
18,1694,100,2.35,22.45,6.79,89.03,1694-100
18,1729,20,1.5,27.18,1.75,95.76,1729-20
18,1729,40,0.37,28.52,3.7,94.07,1729-40
18,1729,50,0.0,23.7,0.0,99.42,1729-50
18,1736,20,0.88,38.6,6.14,87.28,1736-20
18,1736,40,0.82,28.4,5.35,90.12,1736-40
18,1813,20,0.76,41.06,4.03,92.95,1813-20
18,1813,40,0.0,37.25,4.05,93.93,1813-40
18,1813,250,0.55,40.88,4.42,91.16,1813-250
18,1848,20,0.0,95.16,4.84,1.55,1848-20
18,1855,40,0.44,58.22,0.89,94.67,1855-40
18,1855,60,1.9,41.9,1.9,94.29,1855-60
18,1855,80,1.89,58.49,1.89,96.23,1855-80
18,1862,30,14.2,75.07,25.51,48.41,1862-30
18,1862,80,8.65,47.76,8.97,68.91,1862-80
18,1862,120,11.8,76.39,23.93,54.43,1862-120
18,1862,130,7.03,11.31,8.56,75.54,1862-130
18,1862,140,5.92,34.95,10.34,78.06,1862-140
18,1862,150,6.78,32.2,5.08,77.97,1862-150
18,1862,200,1.51,12.31,4.52,90.2,1862-200
18,1862,210,3.57,34.82,1.79,89.29,1862-210
18,1862,230,16.25,83.75,34.58,39.58,1862-230
18,1862,240,11.35,48.02,11.08,70.71,1862-240
18,1862,260,4.07,34.96,8.4,82.38,1862-260
18,1862,280,8.16,40.56,7.23,77.86,1862-280
18,1862,300,9.28,52.49,14.93,66.74,1862-300
18,1862,335,5.48,37.32,11.97,77.89,1862-335
18,1862,360,4.46,39.91,5.4,84.51,1862-360
18,1862,365,6.89,47.44,10.04,76.77,1862-365
18,1870,20,0.0,24.7,8.5,89.47,1870-20
18,1883,20,3.6,32.37,7.19,87.05,1883-20
18,1883,80,1.11,25.88,15.04,81.97,1883-80
18,1883,100,3.49,45.35,31.4,61.63,1883-100
18,1883,120,2.21,33.81,14.22,80.73,1883-120
18,1883,130,0.76,5.34,11.45,87.02,1883-130
18,1883,160,1.4,39.66,15.36,78.49,1883-160
18,1883,180,1.6,36.8,14.8,82.0,1883-180
18,1890,20,9.42,9.42,4.43,73.41,1890-20
18,1890,40,10.28,7.44,5.47,71.55,1890-40
18,1897,20,10.8,8.52,7.95,61.93,1897-20
18,1897,40,17.21,10.06,8.12,61.04,1897-40
18,1900,20,2.57,11.05,11.31,73.01,1900-20
18,1900,40,1.22,15.24,7.93,76.22,1900-40
18,1900,60,1.75,10.28,9.37,75.31,1900-60
18,1900,70,1.8,9.83,9.28,73.13,1900-70
18,1900,80,1.6,14.6,7.2,68.8,1900-80
18,1900,100,3.57,12.59,7.71,71.43,1900-100
18,1900,120,1.29,10.54,6.43,76.86,1900-120
18,1939,20,0.44,51.32,2.63,89.04,1939-20
18,1939,40,3.81,54.29,0.0,92.86,1939-40
18,1945,40,1.5,27.25,9.88,84.43,1945-40
18,1945,60,1.3,16.96,3.48,92.61,1945-60
18,1945,80,0.56,27.12,6.21,88.14,1945-80
18,1945,850,3.49,23.81,11.11,74.92,1945-850
18,1953,20,0.28,19.01,5.96,84.96,1953-20
18,1953,40,0.0,16.93,3.44,90.48,1953-40
18,1953,60,0.0,14.53,2.05,93.3,1953-60
18,2009,20,0.0,22.81,1.75,94.74,2009-20
18,2009,40,0.24,17.81,1.66,94.54,2009-40
18,2009,50,0.33,23.53,2.29,92.81,2009-50
18,2009,60,0.39,30.08,5.47,87.5,2009-60
18,2009,80,0.0,15.89,3.31,91.06,2009-80
18,2016,110,0.96,55.45,6.09,90.71,2016-110
18,2016,120,2.13,51.06,9.22,83.69,2016-120
18,2044,20,0.0,0.0,13.59,85.92,2044-20
18,2051,20,0.0,35.8,18.68,79.77,2051-20
18,2051,200,1.37,34.93,9.93,86.99,2051-200
18,2058,20,3.07,13.0,1.65,86.05,2058-20
18,2058,40,2.99,13.25,3.42,84.62,2058-40
18,2058,110,4.47,17.45,4.7,81.21,2058-110
18,2058,120,5.46,19.95,7.1,72.95,2058-120
18,2058,140,1.91,12.26,2.18,90.46,2058-140
18,2058,180,3.58,13.5,5.55,82.04,2058-180
18,2114,100,0.38,32.58,13.26,83.33,2114-100
18,2114,120,0.56,23.6,6.18,88.76,2114-120
18,2114,200,0.0,29.29,16.16,78.79,2114-200
18,2128,20,1.89,42.77,4.4,84.91,2128-20
18,2128,40,0.0,52.8,11.2,79.2,2128-40
18,2128,60,0.41,55.6,9.13,84.65,2128-60
18,2135,40,0.58,52.91,1.16,96.51,2135-40
18,2135,60,0.57,53.71,1.71,96.57,2135-60
18,2135,9100,0.0,0.0,0.0,100.0,2135-9100
18,2142,40,0.0,56.45,3.23,93.55,2142-40
18,2142,60,0.0,32.61,0.0,95.65,2142-60
18,2142,250,0.0,65.12,0.0,95.35,2142-250
18,2177,20,18.94,15.21,7.92,61.38,2177-20
18,2184,10,40.15,33.21,5.11,43.25,2184-10
18,2184,60,28.01,26.23,7.1,52.27,2184-60
18,2198,60,1.14,39.71,4.57,92.57,2198-60
18,2198,80,1.46,31.55,3.88,91.26,2198-80
18,2198,100,0.72,33.33,0.0,95.65,2198-100
18,2198,400,0.0,0.0,33.33,33.33,2198-400
18,2212,20,1.64,52.46,0.0,95.08,2212-20
18,2212,40,1.92,42.31,0.0,94.23,2212-40
18,2217,20,0.81,10.81,5.41,81.35,2217-20
18,2217,30,2.56,21.25,5.86,80.59,2217-30
18,2217,40,0.67,9.85,4.99,87.85,2217-40
18,2217,60,2.34,17.56,6.56,83.61,2217-60
18,2217,100,1.26,15.46,2.21,88.33,2217-100
18,2226,20,0.0,60.0,9.6,85.6,2226-20
18,2226,40,0.0,64.76,10.48,81.9,2226-40
18,2233,60,0.99,46.31,2.46,86.21,2233-60
18,2233,80,2.33,36.19,2.33,89.49,2233-80
18,2233,100,1.26,44.79,3.47,87.07,2233-100
18,2233,120,0.83,47.11,1.65,89.26,2233-120
18,2233,400,9.09,11.69,9.83,74.77,2233-400
18,2240,20,0.0,27.27,1.01,98.99,2240-20
18,2240,40,4.11,49.32,1.37,94.52,2240-40
18,2240,160,1.49,46.04,1.98,94.55,2240-160
18,2289,20,2.04,31.86,8.52,72.06,2289-20
18,2289,30,19.55,64.11,30.94,36.63,2289-30
18,2289,40,4.17,31.25,18.75,75.0,2289-40
18,2289,60,7.67,52.61,11.85,54.36,2289-60
18,2289,100,23.14,66.32,9.0,43.7,2289-100
18,2289,110,16.15,0.0,41.67,22.92,2289-110
18,2289,130,6.32,77.2,71.7,12.09,2289-130
18,2289,140,9.26,84.03,66.2,11.81,2289-140
18,2289,150,0.53,8.42,3.42,79.21,2289-150
18,2289,160,4.36,26.96,12.08,73.71,2289-160
18,2289,170,13.54,45.37,16.15,48.22,2289-170
18,2289,175,3.4,78.57,63.27,21.77,2289-175
18,2289,180,10.95,63.8,40.66,35.89,2289-180
18,2289,190,7.51,58.79,38.4,41.38,2289-190
18,2289,200,8.56,84.11,68.95,10.02,2289-200
18,2289,220,9.43,60.38,14.47,51.26,2289-220
18,2289,280,18.97,91.38,29.89,21.84,2289-280
18,2289,300,16.86,71.47,20.61,40.2,2289-300
18,2289,320,19.91,83.18,35.07,20.62,2289-320
18,2289,340,4.72,56.37,28.77,49.53,2289-340
18,2289,360,16.42,80.6,11.19,33.58,2289-360
18,2289,370,27.02,82.11,21.05,30.88,2289-370
18,2289,380,10.83,72.56,13.72,47.29,2289-380
18,2289,390,5.33,50.85,8.23,51.82,2289-390
18,2289,400,2.18,31.78,14.33,68.54,2289-400
18,2289,420,13.93,68.66,19.4,38.81,2289-420
18,2289,425,11.58,47.37,11.81,56.32,2289-425
18,2289,430,5.49,47.99,12.45,55.31,2289-430
18,2289,435,3.85,42.86,15.93,58.24,2289-435
18,2289,437,2.61,25.9,6.63,77.71,2289-437
18,2289,440,23.17,85.37,49.76,13.9,2289-440
18,2289,445,8.47,35.59,11.86,64.41,2289-445
18,2289,540,6.14,41.98,29.79,54.49,2289-540
18,2289,590,8.2,82.32,59.97,18.33,2289-590
18,2289,600,9.49,39.04,10.66,61.63,2289-600
18,2289,640,20.54,91.09,51.94,12.79,2289-640
18,2289,660,12.5,77.55,50.0,22.45,2289-660
18,2289,680,3.05,48.17,8.54,71.95,2289-680
18,2289,700,0.0,19.41,2.94,87.65,2289-700
18,2289,720,13.75,61.89,17.02,48.25,2289-720
18,2289,730,1.79,48.66,40.4,41.07,2289-730
18,2289,800,29.09,69.7,23.03,33.33,2289-800
18,2296,40,1.42,18.41,13.88,73.94,2296-40
18,2296,50,3.14,30.66,14.29,72.82,2296-50
18,2296,60,2.56,18.02,12.35,75.19,2296-60
18,2296,80,2.57,22.83,12.7,75.72,2296-80
18,2296,100,3.01,26.5,13.93,72.13,2296-100
18,2296,110,6.93,28.71,9.9,70.3,2296-110
18,2303,60,4.55,39.49,22.16,52.84,2303-60
18,2303,80,5.59,38.92,22.36,52.17,2303-80
18,2303,100,3.48,53.48,30.38,55.06,2303-100
18,2303,120,4.73,39.9,26.4,56.84,2303-120
18,2303,130,4.43,42.11,23.47,59.45,2303-130
18,2303,160,3.59,46.17,27.75,55.5,2303-160
18,2310,20,1.94,31.61,2.58,90.97,2310-20
18,2310,40,1.41,18.31,5.63,88.03,2310-40
18,2394,40,2.2,56.59,6.04,89.56,2394-40
18,2394,60,0.0,48.08,3.37,93.75,2394-60
18,2415,100,0.0,60.4,3.36,42.28,2415-100
18,2415,400,0.0,52.98,5.3,55.63,2415-400
18,2420,40,3.22,10.05,5.29,82.77,2420-40
18,2420,60,1.19,10.98,4.15,85.76,2420-60
18,2420,100,2.7,21.17,8.78,76.35,2420-100
18,2420,120,5.89,12.44,6.71,70.7,2420-120
18,2420,130,2.81,12.46,5.34,80.97,2420-130
18,2420,140,1.16,12.02,5.04,84.5,2420-140
18,2420,150,1.64,8.93,6.4,85.71,2420-150
18,2422,40,0.3,14.22,3.11,93.33,2422-40
18,2422,60,0.93,11.4,2.56,94.42,2422-60
18,2422,80,0.62,13.58,1.85,95.68,2422-80
18,2422,850,3.85,17.95,3.85,87.18,2422-850
18,2436,20,1.1,20.6,7.51,87.79,2436-20
18,2443,20,1.62,30.14,10.11,84.48,2443-20
18,2443,40,3.79,43.86,17.51,76.17,2443-40
18,2443,50,0.81,25.53,7.64,87.97,2443-50
18,2450,20,0.51,5.7,3.13,92.04,2450-20
18,2460,20,0.0,12.43,5.68,87.57,2460-20
18,2460,40,0.77,12.36,2.7,91.51,2460-40
18,2460,100,2.81,15.31,8.13,83.75,2460-100
18,2460,110,2.33,13.95,5.81,87.21,2460-110
18,2460,130,0.0,27.42,9.68,83.87,2460-130
18,2460,200,1.56,17.19,4.69,90.63,2460-200
18,2478,20,1.07,58.4,5.33,62.67,2478-20
18,2478,40,1.36,57.12,2.34,63.74,2478-40
18,2478,60,0.51,54.45,3.82,68.19,2478-60
18,2478,110,0.68,62.27,3.41,62.27,2478-110
18,2478,250,0.0,46.15,2.56,64.1,2478-250
18,2478,800,0.87,14.41,0.0,93.45,2478-800
18,2485,40,2.06,42.94,2.06,95.29,2485-40
18,2485,60,0.6,33.33,0.6,98.21,2485-60
18,2525,100,0.0,24.04,6.73,90.87,2525-100
18,2525,150,0.0,30.22,6.47,91.37,2525-150
18,2527,20,0.65,35.06,4.55,91.56,2527-20
18,2527,40,0.0,14.63,0.0,96.34,2527-40
18,2527,250,1.33,10.67,0.0,93.33,2527-250
18,2534,20,1.23,40.74,22.22,75.31,2534-20
18,2534,40,0.0,17.11,6.58,91.45,2534-40
18,2534,200,0.78,24.22,14.06,79.69,2534-200
18,2541,20,0.0,51.91,4.58,93.13,2541-20
18,2541,60,0.73,43.22,5.49,90.48,2541-60
18,2562,10,0.27,24.45,1.1,84.62,2562-10
18,2562,40,1.4,22.65,0.97,88.24,2562-40
18,2562,45,0.68,24.17,1.48,86.43,2562-45
18,2562,80,0.48,23.56,0.96,85.58,2562-80
18,2562,100,0.45,32.05,1.82,81.14,2562-100
18,2562,130,0.64,14.86,1.06,90.02,2562-130
18,2562,160,0.68,29.68,2.51,83.33,2562-160
18,2576,40,1.63,36.41,7.61,83.7,2576-40
18,2576,60,0.45,22.17,9.5,86.43,2576-60
18,2576,80,0.9,34.23,6.31,86.49,2576-80
18,2583,10,0.51,11.54,7.3,88.46,2583-10
18,2583,20,0.38,16.14,1.69,92.68,2583-20
18,2583,30,0.22,15.09,4.31,93.32,2583-30
18,2583,40,0.18,11.42,4.53,91.84,2583-40
18,2583,150,0.6,8.38,5.39,91.02,2583-150
18,2583,160,0.74,7.94,1.99,92.31,2583-160
18,2583,210,0.33,9.9,7.59,89.44,2583-210
18,2583,220,0.0,10.17,0.0,96.61,2583-220
18,2604,20,2.88,13.97,2.46,89.9,2604-20
18,2604,30,2.23,16.59,2.67,89.2,2604-30
18,2604,40,0.77,11.41,2.9,89.94,2604-40
18,2604,50,0.78,13.48,2.15,88.09,2604-50
18,2604,60,5.86,39.41,7.49,73.94,2604-60
18,2604,100,0.0,9.78,1.89,94.32,2604-100
18,2604,110,1.97,18.69,3.06,88.52,2604-110
18,2604,120,0.24,13.08,2.91,92.01,2604-120
18,2605,60,1.39,14.29,1.74,95.12,2605-60
18,2605,110,0.55,13.7,1.37,91.78,2605-110
18,2605,125,1.29,12.88,2.15,95.28,2605-125
18,2611,10,1.53,15.9,3.06,91.44,2611-10
18,2611,20,0.0,9.46,2.25,95.5,2611-20
18,2611,70,0.84,13.36,3.49,89.14,2611-70
18,2611,80,1.24,11.83,3.04,90.93,2611-80
18,2611,100,0.34,19.26,2.03,93.24,2611-100
18,2611,120,3.59,27.35,5.99,81.84,2611-120
18,2611,140,0.0,9.12,3.59,90.88,2611-140
18,2611,150,0.77,9.04,3.46,87.88,2611-150
18,2618,60,0.66,39.2,2.33,94.35,2618-60
18,2618,80,0.38,47.13,1.92,92.72,2618-80
18,2625,20,0.0,34.86,8.0,86.86,2625-20
18,2625,40,0.4,25.5,3.98,92.03,2625-40
18,2632,20,1.57,70.16,51.31,45.55,2632-20
18,2632,40,0.91,41.82,18.18,76.36,2632-40
18,2632,250,0.0,58.33,34.72,65.28,2632-250
18,2639,20,0.27,36.61,0.27,97.27,2639-20
18,2639,40,0.0,27.87,0.66,96.72,2639-40
18,2646,20,0.35,41.64,6.27,92.33,2646-20
18,2646,40,0.0,27.33,0.0,97.09,2646-40
18,2660,40,0.0,46.12,3.2,94.98,2660-40
18,2660,60,1.54,30.77,2.31,93.08,2660-60
18,2660,80,0.0,40.68,2.54,95.76,2660-80
18,2695,20,5.13,62.5,11.22,73.4,2695-20
18,2695,60,5.04,31.16,10.37,76.42,2695-60
18,2695,70,4.63,50.26,17.84,68.61,2695-70
18,2695,80,8.15,59.87,12.07,66.93,2695-80
18,2695,100,4.54,26.04,8.88,78.3,2695-100
18,2695,110,0.73,27.74,3.65,87.59,2695-110
18,2695,140,3.13,79.0,31.35,55.17,2695-140
18,2695,160,3.64,55.76,19.09,65.15,2695-160
18,2695,180,6.17,41.55,13.4,69.71,2695-180
18,2695,200,4.35,54.62,20.65,67.66,2695-200
18,2695,220,4.7,63.09,12.98,71.59,2695-220
18,2695,240,4.91,39.02,11.33,75.93,2695-240
18,2695,260,5.26,40.6,12.53,76.19,2695-260
18,2695,280,4.96,43.1,12.13,75.9,2695-280
18,2695,320,2.45,49.46,8.42,80.71,2695-320
18,2695,330,1.81,40.67,8.81,80.57,2695-330
18,2695,340,4.18,50.15,9.25,76.12,2695-340
18,2695,360,27.0,89.35,18.25,33.84,2695-360
18,2695,400,8.06,68.72,20.85,63.98,2695-400
18,2695,430,3.64,49.09,14.55,76.36,2695-430
18,2695,450,2.08,25.0,2.08,89.58,2695-450
18,2695,850,54.55,0.0,9.09,36.36,2695-850
18,2695,860,3.0,40.0,7.0,82.0,2695-860
18,2702,40,2.41,38.25,18.37,75.0,2702-40
18,2702,60,1.24,40.3,22.64,72.39,2702-60
18,2702,80,1.81,30.27,14.91,81.02,2702-80
18,2702,85,1.0,49.0,31.33,65.33,2702-85
18,2702,100,1.74,34.35,10.43,84.35,2702-100
18,2702,9803,0.0,0.0,0.0,100.0,2702-9803
18,2730,20,1.89,21.97,12.5,80.68,2730-20
18,2730,40,0.0,19.07,13.9,82.29,2730-40
18,2737,20,0.0,62.68,5.26,93.78,2737-20
18,2737,40,0.0,40.37,7.34,90.83,2737-40
18,2744,22,0.43,30.47,8.58,85.84,2744-22
18,2744,25,0.0,39.77,6.43,87.72,2744-25
18,2744,40,1.57,45.43,10.44,84.6,2744-40
18,2758,40,0.52,16.75,5.76,87.37,2758-40
18,2758,50,0.18,22.7,5.95,85.59,2758-50
18,2758,80,0.0,11.57,0.46,95.83,2758-80
18,2758,100,0.9,22.99,7.76,82.39,2758-100
18,2758,110,0.42,14.64,3.77,89.54,2758-110
18,2758,120,1.16,39.53,6.98,86.43,2758-120
18,2758,200,0.78,22.49,5.8,88.06,2758-200
18,2793,50,20.45,63.31,21.43,45.13,2793-50
18,2793,60,20.55,46.46,32.28,43.75,2793-60
18,2793,65,3.74,20.56,16.36,68.22,2793-65
18,2793,70,20.38,67.06,40.32,34.42,2793-70
18,2793,105,13.82,12.2,27.64,45.53,2793-105
18,2793,125,4.26,67.48,88.45,6.08,2793-125
18,2793,130,5.94,30.59,24.66,57.99,2793-130
18,2793,140,5.87,47.19,28.12,61.37,2793-140
18,2793,150,34.65,87.28,40.13,16.01,2793-150
18,2793,160,34.88,85.56,47.14,11.17,2793-160
18,2793,170,7.11,20.98,21.32,60.91,2793-170
18,2793,180,17.48,63.29,28.67,42.31,2793-180
18,2793,190,6.53,25.69,21.29,65.42,2793-190
18,2793,215,12.56,34.52,24.16,54.07,2793-215
18,2793,220,12.36,64.56,31.04,46.15,2793-220
18,2793,240,5.56,45.83,23.26,63.89,2793-240
18,2793,250,33.09,0.0,36.03,16.91,2793-250
18,2793,280,47.37,72.63,27.37,21.05,2793-280
18,2793,300,20.24,86.51,48.41,20.24,2793-300
18,2793,310,6.5,36.53,13.31,66.56,2793-310
18,2793,320,8.23,32.92,22.77,62.68,2793-320
18,2793,340,36.84,85.43,41.09,11.54,2793-340
18,2793,360,26.29,71.05,38.44,29.28,2793-360
18,2793,380,20.14,72.35,43.34,26.96,2793-380
18,2793,410,12.24,34.34,27.72,52.81,2793-410
18,2793,420,7.04,24.0,15.84,64.96,2793-420
18,2793,440,2.61,17.3,14.69,75.59,2793-440
18,2793,450,24.42,67.73,30.81,39.53,2793-450
18,2793,460,10.64,50.21,28.94,51.91,2793-460
18,2793,480,2.68,13.41,10.98,79.27,2793-480
18,2793,490,8.32,26.29,24.29,60.9,2793-490
18,2793,500,9.31,38.96,20.56,59.31,2793-500
18,2793,520,10.61,56.15,28.77,52.23,2793-520
18,2793,530,13.43,39.02,26.87,50.96,2793-530
18,2793,540,21.69,64.67,40.7,28.31,2793-540
18,2793,580,11.63,34.12,23.51,59.37,2793-580
18,2793,600,18.71,61.9,26.87,43.88,2793-600
18,2793,640,21.88,70.12,39.84,30.27,2793-640
18,2793,680,5.11,26.22,18.67,66.89,2793-680
18,2793,700,51.48,83.43,39.64,2.37,2793-700
18,2793,810,33.33,0.0,0.0,66.67,2793-810
18,2800,40,0.0,20.83,5.83,92.08,2800-40
18,2800,60,2.01,23.54,2.82,92.76,2800-60
18,2800,80,1.59,13.72,3.83,90.59,2800-80
18,2800,90,1.69,17.51,2.82,92.66,2800-90
18,2800,100,0.0,8.41,1.87,97.2,2800-100
18,2814,100,0.93,26.32,6.5,91.02,2814-100
18,2814,160,0.45,30.94,10.31,85.65,2814-160
18,2814,170,0.45,37.84,10.36,85.59,2814-170
18,2828,40,0.23,14.55,3.41,92.5,2828-40
18,2828,60,1.74,18.02,4.94,89.83,2828-60
18,2828,100,0.43,19.65,6.05,90.06,2828-100
18,2828,405,0.0,0.0,0.0,100.0,2828-405
18,2835,20,0.97,14.53,5.08,89.83,2835-20
18,2835,40,1.51,13.68,3.26,90.59,2835-40
18,2835,60,0.47,10.4,1.42,93.85,2835-60
18,2835,80,1.95,10.59,3.09,91.24,2835-80
18,2835,100,0.83,6.08,2.21,92.27,2835-100
18,2835,110,2.8,29.6,3.5,83.68,2835-110
18,2835,130,0.4,4.45,2.43,94.13,2835-130
18,2835,140,2.46,18.92,2.7,88.94,2835-140
18,2835,150,2.05,10.27,3.42,85.96,2835-150
18,2842,20,0.0,0.0,3.98,85.02,2842-20
18,2849,20,6.12,34.09,4.33,73.16,2849-20
18,2849,60,5.93,35.31,1.41,77.4,2849-60
18,2849,80,5.26,75.53,5.53,53.68,2849-80
18,2849,100,11.64,64.02,4.76,48.68,2849-100
18,2849,110,1.78,30.18,5.92,84.91,2849-110
18,2849,111,3.56,51.78,9.59,59.18,2849-111
18,2849,114,1.85,15.74,1.85,85.19,2849-114
18,2849,120,5.88,53.24,3.82,62.06,2849-120
18,2849,140,2.37,48.52,4.14,79.88,2849-140
18,2849,180,7.67,41.21,3.51,67.73,2849-180
18,2849,200,4.52,55.95,5.48,64.05,2849-200
18,2849,204,5.13,20.51,7.69,71.79,2849-204
18,2849,220,4.98,44.82,4.98,68.81,2849-220
18,2849,240,3.72,36.16,4.34,80.58,2849-240
18,2849,250,3.77,37.74,1.89,83.02,2849-250
18,2849,290,3.83,50.0,1.53,71.17,2849-290
18,2849,320,4.44,39.05,3.17,73.33,2849-320
18,2849,340,3.53,46.76,2.35,76.47,2849-340
18,2849,360,6.92,24.62,0.77,77.69,2849-360
18,2849,410,10.81,81.08,2.7,59.46,2849-410
18,2849,440,4.88,46.34,0.0,80.49,2849-440
18,2856,60,1.48,56.51,1.78,92.31,2856-60
18,2856,80,1.08,41.22,2.87,87.46,2856-80
18,2856,100,1.78,66.27,3.55,85.8,2856-100
18,2863,20,0.0,58.04,3.57,92.86,2863-20
18,2863,40,0.0,50.0,3.13,93.75,2863-40
18,2863,210,0.0,42.0,4.0,90.0,2863-210
18,2884,20,1.88,29.1,19.93,74.03,2884-20
18,2884,9401,9.68,35.48,16.13,70.97,2884-9401
18,2885,20,1.79,43.49,29.15,65.31,2885-20
18,2885,60,0.91,39.12,25.08,69.94,2885-60
18,2885,80,1.37,44.52,32.88,59.93,2885-80
18,2885,120,0.79,43.68,21.84,74.47,2885-120
18,2891,20,0.0,45.33,0.47,95.33,2891-20
18,2891,40,1.83,38.53,4.59,88.07,2891-40
18,2898,40,0.93,19.68,6.48,88.19,2898-40
18,2898,60,0.42,23.16,11.37,82.74,2898-60
18,2898,100,0.81,25.65,8.06,87.58,2898-100
18,2898,9803,12.96,0.0,7.41,77.78,2898-9803
18,2912,20,1.87,27.24,1.12,95.15,2912-20
18,2912,40,1.4,40.65,1.4,93.93,2912-40
18,2912,60,2.09,35.98,2.51,94.56,2912-60
18,2940,20,1.01,41.41,2.02,86.87,2940-20
18,2940,40,0.0,46.75,1.95,85.06,2940-40
18,2961,20,0.0,33.51,5.32,92.55,2961-20
18,2961,40,0.0,38.24,2.94,92.16,2961-40
18,2961,60,0.98,36.27,2.94,95.1,2961-60
18,3087,20,5.32,40.43,22.34,68.09,3087-20
18,3094,20,2.8,23.08,6.29,86.71,3094-20
18,3122,20,0.7,1.62,3.94,87.7,3122-20
18,3129,20,1.89,31.27,8.25,84.02,3129-20
18,3129,40,1.43,26.65,8.31,86.53,3129-40
18,3129,60,3.6,32.88,8.11,85.59,3129-60
18,3129,100,2.42,28.99,9.66,82.13,3129-100
18,3129,130,0.0,18.92,2.7,94.59,3129-130
18,3129,410,3.31,9.93,2.65,92.72,3129-410
18,3150,20,0.0,18.28,5.38,92.47,3150-20
18,3150,40,0.0,19.46,4.92,90.38,3150-40
18,3150,80,0.0,13.43,3.21,92.18,3150-80
18,3150,100,0.32,16.14,3.16,92.72,3150-100
18,3150,110,0.0,13.75,6.25,85.0,3150-110
18,3171,40,0.42,23.21,6.33,89.45,3171-40
18,3171,60,1.65,17.03,4.67,90.11,3171-60
18,3171,70,2.19,27.19,4.82,90.79,3171-70
18,3171,80,0.0,33.19,11.95,84.96,3171-80
18,3206,20,0.36,53.26,10.51,86.59,3206-20
18,3206,40,0.0,46.51,6.98,91.86,3206-40
18,3206,60,0.66,34.87,4.61,90.79,3206-60
18,3213,40,0.0,40.5,4.13,90.91,3213-40
18,3213,60,0.0,39.02,2.93,93.66,3213-60
18,3220,100,0.59,16.67,5.88,93.14,3220-100
18,3220,110,1.27,13.98,5.3,91.31,3220-110
18,3220,120,0.0,18.06,5.9,93.06,3220-120
18,3220,140,0.32,13.04,4.61,94.44,3220-140
18,3269,15,12.06,58.47,34.57,32.02,3269-15
18,3269,40,18.3,61.33,40.75,24.74,3269-40
18,3269,48,26.61,58.4,27.39,21.71,3269-48
18,3269,53,20.38,41.89,10.94,53.21,3269-53
18,3269,65,22.35,60.0,20.59,32.35,3269-65
18,3269,90,18.32,51.91,29.2,39.12,3269-90
18,3269,105,16.57,36.63,15.12,54.65,3269-105
18,3269,110,7.95,31.04,19.11,54.43,3269-110
18,3269,125,3.56,55.66,61.49,30.1,3269-125
18,3269,140,19.73,34.75,8.3,52.24,3269-140
18,3269,150,24.31,56.14,21.26,36.59,3269-150
18,3269,165,9.2,28.3,11.56,61.32,3269-165
18,3269,180,19.56,51.34,11.25,48.9,3269-180
18,3269,190,19.22,40.59,17.74,50.13,3269-190
18,3269,200,25.0,75.0,31.82,11.36,3269-200
18,3269,210,28.07,63.76,29.43,23.43,3269-210
18,3269,225,25.77,65.85,30.27,21.47,3269-225
18,3269,240,7.91,23.98,8.67,67.86,3269-240
18,3269,255,19.25,65.23,41.26,24.95,3269-255
18,3269,270,9.34,40.83,30.97,38.24,3269-270
18,3269,300,23.99,64.85,28.03,32.07,3269-300
18,3269,315,21.24,53.76,15.49,46.02,3269-315
18,3269,360,15.69,33.74,15.33,49.49,3269-360
18,3269,370,17.9,47.86,25.49,36.96,3269-370
18,3269,375,17.17,43.77,12.26,51.51,3269-375
18,3269,390,20.39,40.29,10.81,35.87,3269-390
18,3269,400,7.02,32.46,14.91,67.54,3269-400
18,3269,420,20.96,53.91,23.59,39.1,3269-420
18,3269,435,21.46,63.98,16.86,30.65,3269-435
18,3269,440,26.8,70.8,48.0,11.2,3269-440
18,3269,460,37.2,69.6,28.8,15.6,3269-460
18,3269,475,28.61,58.32,37.69,23.52,3269-475
18,3269,495,15.52,34.48,10.92,63.22,3269-495
18,3269,525,14.98,36.71,14.01,60.87,3269-525
18,3269,540,20.0,49.15,17.87,45.53,3269-540
18,3269,555,40.69,67.51,13.25,25.87,3269-555
18,3269,570,10.76,50.9,33.63,36.77,3269-570
18,3269,615,30.38,55.97,18.77,32.76,3269-615
18,3269,620,17.63,40.84,19.2,50.79,3269-620
18,3269,645,5.85,20.89,8.64,68.8,3269-645
18,3269,660,19.16,41.72,15.77,48.3,3269-660
18,3269,665,20.27,66.02,34.72,28.32,3269-665
18,3269,675,21.61,52.97,17.37,47.88,3269-675
18,3269,690,25.76,70.45,21.21,31.82,3269-690
18,3269,710,25.54,64.16,28.33,27.9,3269-710
18,3269,735,8.86,24.84,9.07,40.39,3269-735
18,3269,780,14.29,42.86,21.2,53.46,3269-780
18,3269,795,2.94,14.22,6.86,63.48,3269-795
18,3269,810,5.81,18.18,7.45,65.66,3269-810
18,3269,820,69.23,0.0,15.38,0.0,3269-820
18,3269,840,12.46,32.75,18.19,52.37,3269-840
18,3269,850,14.34,34.34,15.09,47.92,3269-850
18,3276,40,0.29,29.5,2.06,93.81,3276-40
18,3276,60,0.3,34.64,3.01,93.37,3276-60
18,3290,60,5.83,60.44,14.08,57.04,3290-60
18,3290,100,1.97,30.06,9.83,81.46,3290-100
18,3290,120,5.05,73.48,29.8,43.69,3290-120
18,3290,140,3.85,34.87,10.34,71.24,3290-140
18,3290,160,7.26,55.13,11.54,64.96,3290-160
18,3290,220,2.92,42.11,10.82,70.47,3290-220
18,3290,240,3.36,23.78,14.55,64.2,3290-240
18,3290,260,1.47,30.59,10.59,78.82,3290-260
18,3290,280,4.55,50.0,15.15,60.1,3290-280
18,3290,300,2.79,31.66,9.12,80.63,3290-300
18,3290,400,1.85,53.7,16.67,79.63,3290-400
18,3297,80,0.0,49.47,0.0,90.53,3297-80
18,3297,130,0.77,32.95,1.35,95.18,3297-130
18,3297,160,1.67,37.47,1.67,91.65,3297-160
18,3297,170,0.35,34.27,2.1,92.31,3297-170
18,3304,20,0.0,22.53,3.4,91.67,3304-20
18,3311,40,4.52,56.5,5.08,87.57,3311-40
18,3311,60,2.15,43.21,3.31,91.39,3311-60
18,3311,70,2.55,52.63,3.35,91.55,3311-70
18,3311,100,4.18,43.35,2.28,90.49,3311-100
18,3311,120,1.37,54.79,4.11,94.52,3311-120
18,3311,140,1.01,57.07,3.03,89.39,3311-140
18,3318,80,1.07,62.63,2.49,91.81,3318-80
18,3318,100,0.5,45.73,1.01,92.46,3318-100
18,3325,25,1.04,36.46,14.58,82.29,3325-25
18,3325,100,1.56,36.19,9.73,85.99,3325-100
18,3325,110,4.95,37.62,7.92,84.16,3325-110
18,3325,120,1.72,24.57,9.05,88.36,3325-120
18,3332,20,3.3,41.58,20.79,67.0,3332-20
18,3332,40,4.0,31.69,18.46,71.08,3332-40
18,3332,60,3.66,31.1,21.34,66.46,3332-60
18,3332,80,3.59,37.05,23.9,64.94,3332-80
18,3332,400,0.0,0.0,44.44,55.56,3332-400
18,3339,40,1.34,31.31,3.71,87.54,3339-40
18,3339,80,3.13,46.88,10.94,79.06,3339-80
18,3339,100,0.29,44.84,7.08,88.2,3339-100
18,3339,110,0.9,24.64,3.78,90.29,3339-110
18,3339,120,1.09,22.96,5.3,88.65,3339-120
18,3339,130,1.26,12.18,3.78,89.5,3339-130
18,3339,140,0.31,25.31,5.63,93.44,3339-140
18,3339,180,1.11,22.84,3.9,86.35,3339-180
18,3360,20,0.66,54.1,7.87,84.92,3360-20
18,3360,40,0.0,57.35,13.24,82.35,3360-40
18,3360,60,0.85,42.31,5.77,88.25,3360-60
18,3360,80,1.77,62.9,5.3,89.05,3360-80
18,3360,100,3.63,60.89,5.24,86.69,3360-100
18,3360,110,4.44,35.56,2.22,91.11,3360-110
18,3360,410,0.0,37.78,8.89,86.67,3360-410
18,3360,9405,0.0,0.0,0.0,50.0,3360-9405
18,3367,60,0.64,33.83,5.53,90.0,3367-60
18,3367,80,0.51,23.39,6.43,91.26,3367-80
18,3367,90,1.18,32.28,5.12,87.4,3367-90
18,3381,10,0.0,10.11,5.32,85.64,3381-10
18,3381,20,1.21,12.12,4.55,84.85,3381-20
18,3381,40,0.93,11.19,2.61,85.63,3381-40
18,3381,60,1.63,15.25,3.63,86.39,3381-60
18,3381,80,2.3,13.92,5.02,84.51,3381-80
18,3381,150,0.0,9.33,4.0,88.0,3381-150
18,3381,160,12.0,37.37,12.11,65.14,3381-160
18,3381,430,7.64,32.58,10.34,74.61,3381-430
18,3381,450,5.19,25.97,11.69,71.43,3381-450
18,3381,470,14.29,46.94,4.08,69.39,3381-470
18,3409,180,0.32,37.82,4.49,93.91,3409-180
18,3409,220,0.78,29.81,4.19,93.17,3409-220
18,3409,240,0.59,35.35,5.15,92.34,3409-240
18,3409,320,0.46,46.79,8.26,88.99,3409-320
18,3409,9100,2.12,25.4,5.82,84.39,3409-9100
18,3427,800,3.36,61.07,1.34,89.26,3427-800
18,3428,20,0.59,39.12,4.12,88.53,3428-20
18,3428,40,0.0,45.45,0.0,93.94,3428-40
18,3428,60,0.52,38.66,4.12,89.18,3428-60
18,3430,20,3.91,55.33,22.27,62.62,3430-20
18,3430,40,4.43,60.84,14.22,72.03,3430-40
18,3430,60,5.4,46.55,12.1,66.48,3430-60
18,3430,80,5.81,59.88,9.88,70.93,3430-80
18,3430,100,3.04,52.18,18.24,67.68,3430-100
18,3430,120,8.57,67.3,18.1,53.97,3430-120
18,3430,140,3.68,61.76,16.18,71.32,3430-140
18,3430,160,2.22,73.33,75.56,20.0,3430-160
18,3434,20,0.0,92.6,4.04,0.9,3434-20
18,3434,40,0.0,89.75,7.42,0.0,3434-40
18,3434,60,0.0,91.77,8.86,0.0,3434-60
18,3437,40,6.69,12.62,4.02,74.57,3437-40
18,3437,65,9.56,17.78,4.67,65.56,3437-65
18,3437,85,3.79,16.8,3.79,76.96,3437-85
18,3437,110,7.25,13.49,4.55,78.03,3437-110
18,3437,200,3.9,13.02,3.69,80.91,3437-200
18,3437,220,10.87,17.04,5.72,70.18,3437-220
18,3444,20,0.75,33.67,2.24,86.03,3444-20
18,3444,60,0.0,43.75,2.68,92.86,3444-60
18,3444,110,0.93,29.63,0.93,92.59,3444-110
18,3444,150,2.76,37.4,1.97,83.07,3444-150
18,3444,160,1.07,35.11,2.94,82.91,3444-160
18,3444,180,1.85,29.94,2.16,86.52,3444-180
18,3444,210,2.07,29.53,2.07,89.38,3444-210
18,3444,220,2.56,53.33,3.33,66.41,3444-220
18,3479,20,7.22,5.69,5.25,80.09,3479-20
18,3479,60,6.95,9.44,4.91,76.89,3479-60
18,3479,80,9.56,7.75,4.13,77.26,3479-80
18,3479,100,1.89,8.4,4.62,78.36,3479-100
18,3479,140,6.36,9.65,5.48,74.78,3479-140
18,3479,150,5.26,0.0,5.26,78.95,3479-150
18,3479,160,6.78,11.19,6.61,73.05,3479-160
18,3484,40,0.66,50.33,4.64,88.08,3484-40
18,3500,60,0.43,46.75,3.46,91.77,3500-60
18,3500,110,0.0,27.71,1.2,96.39,3500-110
18,3500,140,1.0,31.76,1.62,94.77,3500-140
18,3500,190,1.6,51.73,1.87,92.27,3500-190
18,3500,220,1.03,45.02,4.12,90.38,3500-220
18,3500,240,1.06,57.45,0.53,90.96,3500-240
18,3500,260,1.25,37.5,1.07,93.04,3500-260
18,3500,400,0.0,52.38,4.76,90.48,3500-400
18,3500,800,2.96,20.03,1.21,93.82,3500-800
18,3510,20,1.54,1.92,4.03,83.88,3510-20
18,3514,20,0.58,0.0,2.59,87.61,3514-20
18,3528,20,0.0,4.36,4.84,91.77,3528-20
18,3528,40,1.62,4.63,3.01,93.06,3528-40
18,3542,20,0.0,9.51,1.8,96.14,3542-20
18,3549,30,4.95,22.48,10.57,64.51,3549-30
18,3549,40,2.78,10.92,8.14,69.59,3549-40
18,3549,50,6.11,15.37,6.31,73.99,3549-50
18,3549,60,5.03,15.28,8.44,74.95,3549-60
18,3549,90,1.87,10.77,4.68,76.58,3549-90
18,3549,100,0.68,14.24,3.73,88.47,3549-100
18,3549,110,4.8,11.86,7.63,70.62,3549-110
18,3549,120,7.55,41.51,21.02,52.02,3549-120
18,3549,150,0.42,5.92,5.71,62.58,3549-150
18,3549,160,9.57,24.03,11.81,61.71,3549-160
18,3549,400,2.13,24.47,5.32,76.6,3549-400
18,3612,40,0.0,11.63,1.16,96.51,3612-40
18,3612,80,1.23,21.78,4.29,90.8,3612-80
18,3612,100,0.89,16.07,4.97,90.59,3612-100
18,3612,120,1.52,18.41,4.55,88.43,3612-120
18,3612,130,0.55,19.06,4.01,90.06,3612-130
18,3612,140,0.68,22.8,4.06,89.84,3612-140
18,3612,160,1.13,11.7,1.51,90.57,3612-160
18,3619,6,70.59,81.0,22.62,1.66,3619-6
18,3619,8,85.02,75.28,2.62,4.49,3619-8
18,3619,12,52.5,90.33,28.04,10.65,3619-12
18,3619,14,76.57,93.73,15.18,4.18,3619-14
18,3619,18,37.73,74.31,44.01,10.83,3619-18
18,3619,20,56.91,45.66,12.63,18.22,3619-20
18,3619,26,38.72,80.33,41.1,5.49,3619-26
18,3619,29,68.65,75.0,17.86,3.24,3619-29
18,3619,32,31.1,0.0,48.03,4.23,3619-32
18,3619,33,90.12,80.98,3.54,1.83,3619-33
18,3619,38,59.95,63.04,17.28,10.87,3619-38
18,3619,41,18.38,89.69,68.73,7.04,3619-41
18,3619,52,81.05,85.95,1.96,3.59,3619-52
18,3619,59,94.29,86.75,2.6,0.52,3619-59
18,3619,71,49.06,43.19,14.22,27.34,3619-71
18,3619,73,8.81,96.96,87.5,2.24,3619-73
18,3619,75,18.83,65.43,33.02,39.51,3619-75
18,3619,77,95.02,95.79,3.07,0.77,3619-77
18,3619,81,84.45,97.88,4.59,2.83,3619-81
18,3619,89,95.65,96.58,0.93,1.24,3619-89
18,3619,92,88.1,92.52,5.78,2.04,3619-92
18,3619,93,82.61,95.26,3.95,5.53,3619-93
18,3619,94,90.67,95.56,2.67,1.33,3619-94
18,3619,95,36.98,87.67,16.33,14.02,3619-95
18,3619,98,9.37,53.33,30.32,52.7,3619-98
18,3619,103,62.68,95.94,1.62,1.42,3619-103
18,3619,104,86.07,93.53,5.47,2.74,3619-104
18,3619,107,93.33,94.74,2.81,2.46,3619-107
18,3619,108,94.2,89.03,1.86,0.62,3619-108
18,3619,110,94.95,0.0,1.68,0.34,3619-110
18,3619,111,94.25,80.36,1.98,0.79,3619-111
18,3619,112,3.19,27.66,20.57,67.73,3619-112
18,3619,113,12.55,71.43,35.71,39.18,3619-113
18,3619,114,92.83,0.0,2.73,0.68,3619-114
18,3619,115,93.51,0.0,1.3,1.3,3619-115
18,3619,116,95.39,83.18,2.31,0.68,3619-116
18,3619,117,10.36,56.08,31.53,44.37,3619-117
18,3619,118,91.85,0.0,2.96,2.47,3619-118
18,3619,120,94.82,96.81,1.2,1.59,3619-120
18,3619,121,95.6,98.0,2.0,0.2,3619-121
18,3619,122,13.21,83.96,58.49,13.52,3619-122
18,3619,123,95.08,72.24,0.2,0.2,3619-123
18,3619,124,96.15,0.0,1.28,1.28,3619-124
18,3619,125,8.9,95.55,82.03,5.25,3619-125
18,3619,130,92.28,97.54,3.51,0.7,3619-130
18,3619,140,60.42,58.31,6.84,24.59,3619-140
18,3619,143,73.91,77.02,8.07,5.9,3619-143
18,3619,145,94.98,86.35,3.82,0.0,3619-145
18,3619,146,24.88,27.68,4.94,61.78,3619-146
18,3619,148,92.64,96.7,3.05,1.27,3619-148
18,3619,149,90.6,93.62,4.7,0.34,3619-149
18,3619,150,80.0,88.46,4.62,4.23,3619-150
18,3619,152,87.68,83.7,2.9,3.62,3619-152
18,3619,154,93.11,83.85,3.56,0.95,3619-154
18,3619,155,9.36,56.94,32.61,49.45,3619-155
18,3619,158,4.6,23.53,22.25,65.98,3619-158
18,3619,162,0.0,90.28,98.79,0.81,3619-162
18,3619,165,15.17,80.8,49.85,26.32,3619-165
18,3619,167,28.82,65.59,59.12,8.68,3619-167
18,3619,170,88.25,94.25,4.5,2.75,3619-170
18,3619,173,18.09,94.41,73.38,5.44,3619-173
18,3619,176,62.77,69.31,11.51,17.26,3619-176
18,3619,177,8.55,95.33,85.69,4.04,3619-177
18,3619,178,93.49,0.0,3.13,0.72,3619-178
18,3619,179,96.65,96.95,0.61,1.22,3619-179
18,3619,182,24.19,76.96,59.91,12.67,3619-182
18,3619,185,79.48,90.59,9.41,5.49,3619-185
18,3619,188,82.78,81.87,4.53,6.34,3619-188
18,3619,191,8.96,86.64,22.14,48.68,3619-191
18,3619,192,67.07,82.34,7.78,6.59,3619-192
18,3619,193,10.9,95.22,62.09,10.75,3619-193
18,3619,194,76.33,96.02,9.07,2.65,3619-194
18,3619,196,89.03,88.71,3.18,2.07,3619-196
18,3619,199,96.52,93.73,1.74,1.39,3619-199
18,3619,202,6.92,93.66,89.77,1.87,3619-202
18,3619,204,18.64,77.63,57.24,16.12,3619-204
18,3619,205,85.02,0.0,3.08,1.32,3619-205
18,3619,208,85.1,79.64,4.97,3.81,3619-208
18,3619,210,87.58,78.88,4.55,0.83,3619-210
18,3619,211,64.35,78.83,11.7,8.64,3619-211
18,3619,212,86.71,88.29,6.96,1.27,3619-212
18,3619,214,0.82,0.0,97.21,1.81,3619-214
18,3619,217,87.19,92.98,5.37,1.65,3619-217
18,3619,218,94.84,96.77,2.58,0.97,3619-218
18,3619,223,9.54,77.0,19.59,30.15,3619-223
18,3619,226,75.45,97.31,10.93,5.2,3619-226
18,3619,232,12.82,0.0,82.78,1.83,3619-232
18,3619,235,94.74,90.69,3.24,1.21,3619-235
18,3619,236,87.14,95.71,7.14,2.14,3619-236
18,3619,237,90.2,90.88,3.72,1.69,3619-237
18,3619,238,90.94,95.47,1.51,1.13,3619-238
18,3619,241,84.64,86.31,7.54,2.79,3619-241
18,3619,250,16.6,95.65,74.31,3.95,3619-250
18,3619,253,93.07,89.42,1.82,1.46,3619-253
18,3619,256,15.98,96.92,77.63,3.79,3619-256
18,3619,257,26.25,81.47,40.15,22.39,3619-257
18,3619,265,17.61,80.37,51.74,12.48,3619-265
18,3619,267,84.78,90.94,3.62,2.54,3619-267
18,3619,268,17.26,22.79,7.3,58.19,3619-268
18,3619,274,10.11,89.44,81.45,4.22,3619-274
18,3619,277,8.32,84.04,76.91,8.83,3619-277
18,3619,283,71.89,89.73,12.7,2.97,3619-283
18,3619,289,55.5,58.68,11.25,17.11,3619-289
18,3619,295,12.76,89.84,61.46,14.32,3619-295
18,3619,296,67.8,0.0,22.03,5.08,3619-296
18,3619,301,54.72,87.97,4.95,2.12,3619-301
18,3619,307,67.32,93.8,24.23,3.1,3619-307
18,3619,312,96.25,0.0,2.88,0.29,3619-312
18,3619,313,10.64,89.36,80.12,6.22,3619-313
18,3619,315,88.57,62.86,11.43,0.0,3619-315
18,3619,316,8.8,68.8,24.8,35.52,3619-316
18,3619,319,93.27,96.2,2.05,1.46,3619-319
18,3619,325,93.12,97.46,2.9,0.36,3619-325
18,3619,334,14.64,62.78,39.95,35.48,3619-334
18,3619,337,77.03,82.43,7.77,5.07,3619-337
18,3619,343,64.37,96.67,3.8,3.09,3619-343
18,3619,344,64.94,90.26,4.22,6.49,3619-344
18,3619,356,61.21,97.69,1.78,0.53,3619-356
18,3619,360,89.31,93.1,2.9,1.78,3619-360
18,3619,362,16.4,74.16,41.61,27.58,3619-362
18,3619,365,95.2,97.0,2.1,0.9,3619-365
18,3619,368,19.92,80.08,42.15,27.2,3619-368
18,3619,377,96.58,97.6,0.34,1.03,3619-377
18,3619,387,13.92,90.24,32.73,27.67,3619-387
18,3619,390,0.95,91.41,96.18,2.59,3619-390
18,3619,397,15.29,83.74,37.14,36.41,3619-397
18,3619,398,7.27,44.55,25.91,54.09,3619-398
18,3619,399,89.22,92.08,3.17,0.95,3619-399
18,3619,407,1.64,90.68,94.79,3.56,3619-407
18,3619,409,90.12,0.0,2.31,2.18,3619-409
18,3619,410,18.41,89.54,71.97,5.02,3619-410
18,3619,413,58.62,81.77,14.78,18.23,3619-413
18,3619,419,96.62,85.63,0.56,1.13,3619-419
18,3619,424,90.81,86.45,2.1,1.77,3619-424
18,3619,432,96.77,90.32,0.0,0.0,3619-432
18,3619,433,94.54,80.87,3.28,1.09,3619-433
18,3619,434,12.17,92.06,59.79,20.11,3619-434
18,3619,435,9.28,62.57,52.25,29.79,3619-435
18,3619,441,43.92,86.77,39.68,12.7,3619-441
18,3619,442,36.76,0.0,45.59,5.88,3619-442
18,3619,444,84.23,85.76,7.81,4.9,3619-444
18,3619,448,92.59,81.48,3.7,0.0,3619-448
18,3619,451,4.09,87.19,91.55,3.27,3619-451
18,3619,458,81.35,74.6,11.11,4.76,3619-458
18,3619,474,88.89,79.8,4.04,1.01,3619-474
18,3619,501,82.35,71.61,3.07,3.07,3619-501
18,3619,525,89.86,96.85,4.9,1.75,3619-525
18,3619,820,93.33,89.05,3.33,0.48,3619-820
18,3619,840,93.42,87.95,2.74,1.51,3619-840
18,3619,850,95.4,86.21,2.3,1.15,3619-850
18,3619,852,36.43,40.83,12.22,38.88,3619-852
18,3619,870,56.07,62.53,10.21,23.64,3619-870
18,3619,880,0.56,89.9,0.63,0.38,3619-880
18,3619,885,95.4,77.82,1.26,1.67,3619-885
18,3619,1063,98.23,0.0,0.88,0.0,3619-1063
18,3619,1072,97.44,85.47,1.71,0.85,3619-1072
18,3619,1074,92.44,78.99,1.68,4.2,3619-1074
18,3619,1086,77.78,0.0,18.52,3.7,3619-1086
18,3619,1121,1.65,93.78,96.95,1.4,3619-1121
18,3619,1141,95.72,91.12,1.32,0.99,3619-1141
18,3633,60,1.67,26.67,1.11,93.89,3633-60
18,3633,80,0.5,22.0,3.0,93.5,3633-80
18,3633,90,0.61,21.82,1.82,96.36,3633-90
18,3640,20,0.19,36.35,5.19,83.65,3640-20
18,3640,100,0.0,33.33,2.78,86.11,3640-100
18,3640,250,0.0,29.27,2.44,90.24,3640-250
18,3647,20,0.29,37.82,2.72,72.49,3647-20
18,3654,100,0.66,49.67,5.96,84.11,3654-100
18,3654,200,0.0,31.58,5.26,89.47,3654-200
18,3654,410,1.18,45.29,2.94,89.41,3654-410
18,3654,800,0.0,0.0,0.0,100.0,3654-800
18,3661,40,0.43,16.74,2.15,95.28,3661-40
18,3661,60,0.0,23.08,3.37,93.99,3661-60
18,3661,120,0.0,28.08,3.45,95.07,3661-120
18,3668,80,0.41,39.39,3.27,93.88,3668-80
18,3668,100,1.13,28.95,2.63,93.23,3668-100
18,3668,120,1.36,35.45,0.91,94.55,3668-120
18,3675,20,3.05,12.64,4.36,84.53,3675-20
18,3675,60,3.03,15.53,7.03,82.03,3675-60
18,3675,80,2.76,17.07,5.69,83.79,3675-80
18,3675,100,2.7,16.2,4.84,83.58,3675-100
18,3675,120,2.99,13.32,5.98,81.52,3675-120
18,3675,130,2.11,14.74,5.26,81.05,3675-130
18,3675,450,4.88,34.15,7.32,78.05,3675-450
18,3682,10,0.26,43.99,9.97,86.96,3682-10
18,3682,100,1.41,34.39,10.05,85.54,3682-100
18,3682,120,1.46,27.22,7.13,87.19,3682-120
18,3682,140,1.37,26.3,4.11,90.14,3682-140
18,3682,150,0.81,55.83,18.97,75.88,3682-150
18,3682,9803,0.0,0.0,25.0,75.0,3682-9803
18,3689,10,0.66,42.9,6.27,90.43,3689-10
18,3689,40,0.89,39.17,6.53,89.61,3689-40
18,3689,420,0.0,40.0,3.33,93.33,3689-420
18,3689,800,5.26,63.16,5.26,89.47,3689-800
18,3696,20,1.31,35.95,0.65,94.77,3696-20
18,3696,30,0.0,35.9,2.56,94.87,3696-30
18,3696,40,0.0,32.08,1.89,93.4,3696-40
18,3787,80,0.31,25.0,1.88,93.91,3787-80
18,3787,100,1.28,25.04,2.25,94.06,3787-100
18,3787,120,0.85,29.0,2.55,94.48,3787-120
18,3787,9100,0.0,44.44,5.56,72.22,3787-9100
18,3794,100,1.27,15.58,3.08,92.57,3794-100
18,3794,110,1.23,12.26,3.5,89.67,3794-110
18,3794,120,1.04,10.88,3.5,91.97,3794-120
18,3794,130,2.18,10.28,2.49,91.59,3794-130
18,3794,140,1.18,10.0,3.53,90.0,3794-140
18,3794,150,0.0,0.0,3.42,95.21,3794-150
18,3822,20,0.24,12.77,5.44,89.36,3822-20
18,3822,30,0.58,16.25,4.26,91.49,3822-30
18,3822,60,0.25,10.0,4.42,91.72,3822-60
18,3822,65,0.27,11.67,4.91,90.32,3822-65
18,3822,70,0.87,13.7,5.54,89.8,3822-70
18,3822,80,0.22,5.81,6.24,89.89,3822-80
18,3822,100,0.41,13.27,5.1,87.96,3822-100
18,3822,110,0.0,9.38,5.21,92.71,3822-110
18,3822,140,1.82,5.91,2.73,90.45,3822-140
18,3850,120,0.66,37.5,1.97,94.74,3850-120
18,3850,150,1.24,50.25,1.49,94.28,3850-150
18,3850,160,1.89,51.89,3.77,91.51,3850-160
18,3857,10,0.71,10.35,5.96,90.92,3857-10
18,3857,20,0.36,5.69,2.85,92.88,3857-20
18,3857,80,0.79,17.28,6.54,87.96,3857-80
18,3857,100,0.27,8.85,5.63,91.96,3857-100
18,3857,140,0.0,11.68,5.84,87.96,3857-140
18,3857,180,0.86,5.21,4.78,90.93,3857-180
18,3857,200,0.27,10.81,4.65,90.01,3857-200
18,3857,220,0.39,8.51,6.58,90.52,3857-220
18,3862,30,1.17,5.83,5.24,86.41,3862-30
18,3871,20,0.93,55.56,1.85,92.59,3871-20
18,3871,40,0.26,51.44,3.94,93.44,3871-40
18,3892,40,1.21,14.57,3.64,90.28,3892-40
18,3892,60,1.37,28.57,4.12,88.19,3892-60
18,3892,80,3.25,60.57,12.6,70.73,3892-80
18,3892,100,0.26,9.79,3.35,91.49,3892-100
18,3892,110,6.33,51.9,8.02,80.17,3892-110
18,3892,125,0.0,11.29,2.42,87.1,3892-125
18,3892,180,2.17,21.73,6.86,86.57,3892-180
18,3892,200,6.5,36.59,4.07,82.93,3892-200
18,3892,210,2.06,26.13,8.95,84.05,3892-210
18,3892,215,2.56,23.43,8.07,84.25,3892-215
18,3892,220,4.1,30.0,9.49,80.0,3892-220
18,3892,260,0.72,13.94,1.68,89.66,3892-260
18,3892,280,2.06,25.26,4.9,81.44,3892-280
18,3892,300,2.58,45.76,9.23,78.6,3892-300
18,3899,20,2.59,43.11,5.99,89.02,3899-20
18,3899,40,1.38,35.94,4.15,91.47,3899-40
18,3906,20,0.0,43.44,10.93,76.78,3906-20
18,3906,40,0.6,48.19,11.45,77.41,3906-40
18,3906,60,0.58,31.79,8.09,85.26,3906-60
18,3906,100,3.33,30.0,6.67,86.67,3906-100
18,3906,150,0.0,49.28,10.14,81.16,3906-150
18,3906,400,4.17,58.33,4.17,91.67,3906-400
18,3920,20,0.0,44.2,1.66,93.37,3920-20
18,3920,40,0.68,38.78,2.72,93.88,3920-40
18,3925,40,1.78,17.78,12.0,76.89,3925-40
18,3925,50,1.29,6.7,4.38,81.01,3925-50
18,3925,60,0.71,5.66,5.84,77.7,3925-60
18,3925,100,0.97,10.39,5.19,86.2,3925-100
18,3925,140,2.14,11.44,5.54,84.45,3925-140
18,3925,160,1.47,11.13,6.51,75.84,3925-160
18,3934,20,1.22,15.09,3.16,92.46,3934-20
18,3934,40,2.79,16.73,2.39,90.04,3934-40
18,3934,250,2.79,18.27,1.86,92.26,3934-250
18,3941,60,0.21,21.04,7.08,89.79,3941-60
18,3941,80,0.0,15.53,4.63,91.01,3941-80
18,3941,200,0.0,15.45,5.58,90.56,3941-200
18,3948,40,0.26,48.58,2.84,90.44,3948-40
18,3948,60,1.08,37.41,3.6,93.53,3948-60
18,3948,9405,0.0,0.0,33.33,66.67,3948-9405
18,3955,40,1.41,48.94,13.73,81.69,3955-40
18,3955,80,1.88,25.86,6.58,88.56,3955-80
18,3955,90,1.45,37.5,10.76,85.47,3955-90
18,3955,100,0.0,17.88,1.32,95.36,3955-100
18,3955,120,0.77,40.0,6.92,90.77,3955-120
18,3955,140,1.32,34.94,8.48,86.99,3955-140
18,3955,410,0.0,31.03,5.17,93.1,3955-410
18,3955,430,0.0,62.07,6.9,93.1,3955-430
18,3962,10,1.2,16.87,4.22,91.57,3962-10
18,3962,20,0.93,33.02,3.15,89.42,3962-20
18,3962,40,0.92,23.53,3.53,90.72,3962-40
18,3962,60,1.92,18.85,3.19,90.73,3962-60
18,3962,150,0.41,14.34,2.87,95.08,3962-150
18,3962,170,1.9,21.07,4.32,90.5,3962-170
18,3969,20,1.62,44.13,2.43,94.33,3969-20
18,3969,40,3.61,38.66,1.03,94.33,3969-40
18,3976,20,55.0,30.0,0.0,45.0,3976-20
18,3983,20,4.44,49.52,16.51,76.83,3983-20
18,3983,55,3.22,51.71,14.89,79.28,3983-55
18,3983,60,2.4,37.98,13.22,81.73,3983-60
18,3983,110,1.57,34.55,19.37,75.39,3983-110
18,3990,20,0.0,58.33,19.55,77.56,3990-20
18,3990,50,0.85,62.15,16.95,79.66,3990-50
18,4011,20,2.8,13.08,13.08,79.44,4011-20
18,4018,10,2.13,17.77,12.32,78.44,4018-10
18,4018,20,4.09,31.13,10.38,59.75,4018-20
18,4018,40,5.12,25.58,14.58,71.1,4018-40
18,4018,80,2.39,14.03,7.46,80.0,4018-80
18,4018,120,2.85,18.51,13.02,76.2,4018-120
18,4018,130,5.91,28.11,14.26,65.17,4018-130
18,4018,140,4.36,19.39,13.74,72.14,4018-140
18,4018,150,2.0,17.5,12.25,77.75,4018-150
18,4018,160,3.07,18.09,13.31,66.89,4018-160
18,4018,170,8.85,36.6,17.94,57.42,4018-170
18,4018,200,4.28,28.15,16.89,65.54,4018-200
18,4025,30,1.85,18.82,7.01,87.45,4025-30
18,4025,60,0.65,20.26,3.92,88.24,4025-60
18,4025,80,0.88,21.93,3.51,94.74,4025-80
18,4060,60,0.51,13.38,6.31,86.87,4060-60
18,4060,80,1.56,14.06,3.91,93.36,4060-80
18,4060,90,0.83,11.85,4.78,91.27,4060-90
18,4060,130,0.64,11.06,4.92,90.05,4060-130
18,4060,135,1.58,15.83,7.34,86.33,4060-135
18,4060,160,1.16,26.45,10.44,84.45,4060-160
18,4060,180,2.58,12.69,6.24,86.88,4060-180
18,4060,200,0.46,11.14,4.59,90.36,4060-200
18,4067,100,0.0,34.8,2.2,95.97,4067-100
18,4067,160,1.43,46.19,2.62,92.86,4067-160
18,4067,180,0.43,42.61,11.3,83.04,4067-180
18,4067,200,0.0,30.38,0.0,94.94,4067-200
18,4067,800,3.23,51.61,3.23,87.1,4067-800
18,4074,20,0.0,23.1,2.76,94.48,4074-20
18,4074,200,0.2,27.81,4.09,91.21,4074-200
18,4074,260,0.0,34.13,2.93,92.0,4074-260
18,4074,280,0.18,41.24,2.48,91.68,4074-280
18,4074,400,0.0,0.0,0.0,88.89,4074-400
18,4074,410,0.0,0.0,0.0,100.0,4074-410
18,4088,40,0.45,24.32,5.41,91.89,4088-40
18,4088,60,1.09,21.31,6.28,90.44,4088-60
18,4088,80,1.17,31.13,3.11,92.61,4088-80
18,4088,110,1.52,31.1,5.18,90.85,4088-110
18,4095,20,0.51,19.39,3.04,78.08,4095-20
18,4095,30,0.95,37.21,5.15,66.22,4095-30
18,4095,40,2.06,21.04,3.04,80.59,4095-40
18,4095,50,1.7,23.58,3.84,77.13,4095-50
18,4095,60,2.53,29.89,1.84,77.24,4095-60
18,4137,40,0.83,19.42,9.5,84.71,4137-40
18,4137,60,1.09,20.65,12.17,83.04,4137-60
18,4137,80,0.66,11.51,4.93,91.45,4137-80
18,4144,20,1.01,16.73,4.64,90.12,4144-20
18,4144,40,2.93,13.71,4.57,88.67,4144-40
18,4144,50,1.05,19.54,10.92,81.93,4144-50
18,4144,60,1.83,13.15,6.1,87.72,4144-60
18,4144,80,1.42,14.16,3.89,89.38,4144-80
18,4144,100,2.38,6.67,3.81,85.24,4144-100
18,4144,200,1.17,17.45,6.21,87.08,4144-200
18,4151,60,0.24,42.23,4.37,91.75,4151-60
18,4151,100,2.97,27.97,5.51,90.68,4151-100
18,4151,120,0.0,24.49,4.08,91.84,4151-120
18,4165,40,0.0,23.9,1.89,93.4,4165-40
18,4165,50,0.0,26.72,3.97,92.06,4165-50
18,4165,60,0.19,18.43,3.45,92.71,4165-60
18,4165,80,0.26,24.03,4.13,91.47,4165-80
18,4165,100,0.0,12.09,3.3,94.51,4165-100
18,4179,60,8.81,58.24,2.68,64.75,4179-60
18,4179,105,2.57,50.9,6.68,78.15,4179-105
18,4179,110,3.32,46.13,6.27,81.18,4179-110
18,4179,140,5.66,75.47,5.03,75.47,4179-140
18,4179,150,3.91,18.0,4.31,82.39,4179-150
18,4179,160,1.07,18.86,3.2,86.83,4179-160
18,4179,170,3.33,11.67,1.67,78.33,4179-170
18,4179,185,0.64,9.81,2.99,88.7,4179-185
18,4179,190,4.57,38.57,4.37,78.53,4179-190
18,4179,220,10.0,70.0,9.23,62.31,4179-220
18,4179,240,8.17,51.83,6.24,68.39,4179-240
18,4179,250,1.56,15.2,2.53,86.74,4179-250
18,4179,260,7.45,55.05,4.81,67.55,4179-260
18,4179,290,8.41,49.52,4.73,74.12,4179-290
18,4179,300,2.12,25.56,4.11,86.66,4179-300
18,4179,320,6.03,44.76,7.3,74.29,4179-320
18,4179,340,16.1,56.21,5.08,64.12,4179-340
18,4179,360,6.03,63.36,10.34,65.95,4179-360
18,4179,400,2.29,46.29,6.29,81.14,4179-400
18,4179,440,2.61,43.47,5.7,84.09,4179-440
18,4179,480,7.86,64.19,5.68,75.11,4179-480
18,4179,500,6.08,61.38,7.14,71.96,4179-500
18,4179,520,8.26,57.23,6.49,71.98,4179-520
18,4186,26,1.35,38.57,2.24,91.93,4186-26
18,4186,60,0.59,44.51,2.97,92.28,4186-60
18,4186,80,0.0,29.85,1.49,96.64,4186-80
18,4207,20,1.83,53.11,7.33,88.64,4207-20
18,4207,40,0.0,36.23,4.35,92.75,4207-40
18,4207,60,0.66,44.37,3.31,94.04,4207-60
18,4221,10,0.66,26.32,9.87,86.84,4221-10
18,4221,15,0.0,24.32,11.64,86.99,4221-15
18,4221,20,0.84,32.35,16.39,79.83,4221-20
18,4221,30,0.0,21.95,7.32,91.06,4221-30
18,4228,60,0.0,34.4,3.21,94.17,4228-60
18,4228,80,0.46,28.57,3.69,92.63,4228-80
18,4228,100,0.8,27.49,2.39,94.02,4228-100
18,4235,20,0.71,19.08,11.66,81.27,4235-20
18,4263,40,1.65,61.16,4.13,93.39,4263-40
18,4263,60,0.84,58.82,0.0,96.64,4263-60
18,4270,20,0.0,25.53,1.42,97.87,4270-20
18,4270,40,0.0,28.92,0.0,100.0,4270-40
18,4305,80,0.59,37.93,1.19,95.7,4305-80
18,4305,100,0.0,27.87,0.55,95.9,4305-100
18,4305,200,0.0,31.94,1.57,92.67,4305-200
18,4312,40,1.89,10.85,6.92,77.99,4312-40
18,4312,60,1.38,9.2,5.04,76.95,4312-60
18,4312,80,1.33,8.08,6.76,81.62,4312-80
18,4312,100,0.69,8.7,6.64,81.24,4312-100
18,4330,10,1.19,53.57,3.57,90.48,4330-10
18,4330,20,1.82,56.36,7.27,85.45,4330-20
18,4347,100,0.55,44.81,1.37,93.17,4347-100
18,4347,120,2.04,37.14,2.45,89.8,4347-120
18,4347,130,0.61,41.72,3.07,93.25,4347-130
18,4368,20,0.0,37.37,2.58,93.56,4368-20
18,4368,40,0.0,34.59,1.08,97.3,4368-40
18,4368,9100,0.0,0.0,0.0,100.0,4368-9100
18,4375,60,1.18,59.17,21.89,75.74,4375-60
18,4375,80,0.54,65.76,36.41,61.96,4375-80
18,4375,100,0.0,68.09,30.74,68.09,4375-100
18,4389,20,4.0,33.33,1.78,85.33,4389-20
18,4389,60,4.18,23.9,1.86,88.17,4389-60
18,4389,80,3.41,36.14,2.5,86.36,4389-80
18,4389,120,4.42,39.3,2.79,84.88,4389-120
18,4459,20,0.71,33.57,12.14,85.71,4459-20
18,4459,40,0.63,42.77,6.29,92.45,4459-40
18,4473,40,1.12,27.72,5.99,87.64,4473-40
18,4473,50,1.99,21.93,4.98,89.7,4473-50
18,4473,60,0.0,29.97,8.75,86.53,4473-60
18,4473,100,1.4,13.74,4.96,89.19,4473-100
18,4473,120,1.47,24.43,7.17,85.34,4473-120
18,4501,90,2.64,37.83,7.33,84.16,4501-90
18,4501,100,0.0,26.6,5.32,94.68,4501-100
18,4501,110,4.03,40.94,8.05,85.23,4501-110
18,4501,120,3.45,48.28,20.69,73.56,4501-120
18,4501,140,2.28,56.16,10.5,80.37,4501-140
18,4501,160,4.67,38.6,8.98,82.41,4501-160
18,4501,180,2.16,26.18,4.83,89.71,4501-180
18,4508,40,0.88,28.95,5.26,88.6,4508-40
18,4508,60,1.75,38.01,1.17,90.06,4508-60
18,4508,80,4.92,39.34,1.64,89.34,4508-80
18,4515,40,2.49,21.88,4.71,83.93,4515-40
18,4515,60,1.54,19.75,4.63,90.12,4515-60
18,4515,100,3.52,15.4,4.7,88.25,4515-100
18,4515,120,2.25,21.72,4.12,88.39,4515-120
18,4515,140,3.13,21.9,6.53,85.17,4515-140
18,4515,180,1.13,17.51,8.47,81.36,4515-180
18,4522,40,1.19,64.29,5.95,82.14,4522-40
18,4522,100,0.0,37.5,5.0,86.25,4522-100
18,4529,20,2.7,36.49,2.03,92.57,4529-20
18,4529,40,0.84,28.57,0.84,97.48,4529-40
18,4529,200,2.94,41.18,1.47,94.12,4529-200
18,4536,20,0.0,17.81,1.37,95.89,4536-20
18,4536,60,1.34,19.46,2.91,92.62,4536-60
18,4536,80,0.31,19.27,2.45,94.5,4536-80
18,4536,100,0.42,22.36,2.95,96.2,4536-100
18,4543,10,0.44,62.83,0.88,91.59,4543-10
18,4543,60,1.17,47.66,3.22,92.69,4543-60
18,4543,150,0.46,64.38,4.11,91.32,4543-150
18,4543,280,1.29,60.65,1.29,95.48,4543-280
18,4543,300,0.61,54.27,2.44,94.51,4543-300
18,4543,800,0.0,50.0,10.71,89.29,4543-800
18,4557,20,0.92,37.33,1.84,96.77,4557-20
18,4557,30,0.0,28.26,3.26,96.74,4557-30
18,4557,40,0.0,30.85,2.13,93.62,4557-40
18,4571,20,0.0,50.0,0.0,95.0,4571-20
18,4571,40,1.2,51.81,3.61,92.77,4571-40
18,4571,60,0.69,31.25,2.08,96.53,4571-60
18,4571,200,0.98,42.16,2.94,95.1,4571-200
18,4571,9100,0.0,0.0,0.0,100.0,4571-9100
18,4578,40,0.56,18.52,2.59,89.26,4578-40
18,4578,60,0.25,15.0,2.25,93.0,4578-60
18,4578,80,0.91,17.07,5.79,87.8,4578-80
18,4578,100,0.0,0.0,1.06,93.62,4578-100
18,4606,40,0.0,34.94,5.68,92.61,4606-40
18,4613,20,0.0,26.45,6.45,91.61,4613-20
18,4613,40,0.54,28.39,3.04,90.18,4613-40
18,4613,50,1.17,18.95,5.54,77.84,4613-50
18,4613,60,0.0,14.79,1.17,93.39,4613-60
18,4613,100,0.83,17.25,3.6,90.13,4613-100
18,4613,120,0.63,7.55,0.84,96.23,4613-120
18,4613,200,0.72,17.83,2.53,91.93,4613-200
18,4620,101,10.0,30.91,20.91,65.45,4620-101
18,4620,106,18.59,37.18,16.67,58.33,4620-106
18,4620,111,25.34,78.2,44.96,19.35,4620-111
18,4620,112,6.4,36.03,14.93,72.07,4620-112
18,4620,113,40.0,55.0,25.0,15.0,4620-113
18,4620,114,36.43,69.77,27.13,25.58,4620-114
18,4620,118,23.23,78.71,38.06,27.53,4620-118
18,4620,119,6.35,23.56,13.35,74.26,4620-119
18,4620,121,48.63,77.4,18.84,25.0,4620-121
18,4620,122,40.28,78.47,23.26,25.0,4620-122
18,4620,130,30.65,89.52,51.61,11.69,4620-130
18,4620,132,16.6,40.38,23.77,48.11,4620-132
18,4620,134,24.14,63.98,18.01,45.59,4620-134
18,4620,136,30.67,78.1,38.29,23.81,4620-136
18,4620,138,50.94,85.44,18.6,18.6,4620-138
18,4620,148,24.2,72.1,46.91,23.95,4620-148
18,4620,150,34.43,71.8,20.33,36.39,4620-150
18,4620,154,25.75,76.95,32.04,29.34,4620-154
18,4620,162,27.93,75.59,42.47,20.57,4620-162
18,4620,164,39.81,72.13,20.84,31.62,4620-164
18,4620,166,14.26,50.43,19.15,57.23,4620-166
18,4620,174,15.45,49.21,22.77,53.14,4620-174
18,4620,280,34.17,79.61,41.17,18.45,4620-280
18,4620,282,24.2,63.71,27.22,42.34,4620-282
18,4620,284,29.71,65.9,26.48,38.1,4620-284
18,4620,286,30.58,66.49,35.22,28.87,4620-286
18,4620,288,37.28,74.37,29.03,27.42,4620-288
18,4620,390,61.81,75.88,20.1,17.09,4620-390
18,4620,491,25.41,48.59,24.37,44.18,4620-491
18,4620,492,24.91,58.71,31.74,39.9,4620-492
18,4620,494,35.12,64.11,31.15,29.27,4620-494
18,4620,499,8.95,25.71,17.33,65.9,4620-499
18,4620,720,37.35,86.76,50.99,7.31,4620-720
18,4620,800,14.39,33.08,21.46,56.31,4620-800
18,4627,20,0.87,23.09,4.76,91.77,4627-20
18,4634,20,1.85,36.77,10.85,84.13,4634-20
18,4634,40,0.0,20.12,8.88,87.57,4634-40
18,4641,20,1.67,28.03,5.44,90.79,4641-20
18,4641,60,0.39,29.92,8.66,88.98,4641-60
18,4641,80,0.69,25.26,6.92,91.0,4641-80
18,4686,20,0.73,7.77,8.74,86.41,4686-20
18,4690,20,1.08,8.6,3.23,93.55,4690-20
18,4753,20,1.52,42.42,3.03,93.94,4753-20
18,4753,40,0.0,45.28,1.89,98.11,4753-40
18,4753,80,0.55,31.94,7.68,88.14,4753-80
18,4753,100,1.34,41.04,5.53,89.45,4753-100
18,4753,140,2.23,48.66,4.46,88.39,4753-140
18,4753,150,0.98,38.24,4.9,89.22,4753-150
18,4753,160,2.64,44.53,14.34,79.62,4753-160
18,4753,180,1.87,43.03,5.95,88.1,4753-180
18,4760,20,0.0,24.88,16.59,81.11,4760-20
18,4760,40,1.05,17.89,8.42,89.47,4760-40
18,4760,60,1.26,28.93,9.43,88.68,4760-60
18,4781,20,0.0,47.62,6.67,89.52,4781-20
18,4781,40,2.89,50.48,1.29,90.35,4781-40
18,4781,60,1.06,50.66,3.71,89.92,4781-60
18,4781,90,1.8,45.2,3.4,91.0,4781-90
18,4781,140,3.27,49.67,1.63,90.52,4781-140
18,4781,180,1.03,30.59,2.31,93.19,4781-180
18,4795,60,0.69,34.03,4.17,94.44,4795-60
18,4795,80,0.98,31.37,5.88,92.16,4795-80
18,4795,100,1.69,40.08,7.59,89.03,4795-100
18,4802,25,0.61,52.93,5.45,87.88,4802-25
18,4802,60,0.0,34.83,3.37,93.26,4802-60
18,4802,80,0.39,37.45,8.11,84.17,4802-80
18,4802,110,0.0,0.0,11.76,82.35,4802-110
18,4802,140,0.16,38.1,3.73,90.98,4802-140
18,4802,180,0.72,27.77,4.89,87.77,4802-180
18,4802,450,0.0,35.56,2.22,95.56,4802-450
18,4820,20,0.37,6.64,2.58,94.1,4820-20
18,4820,40,0.0,7.63,1.69,93.22,4820-40
18,4851,30,0.87,59.83,5.49,92.2,4851-30
18,4851,240,8.05,75.84,10.07,77.85,4851-240
18,4851,260,1.63,53.66,7.32,82.93,4851-260
18,4851,280,2.85,52.22,7.59,87.03,4851-280
18,4851,320,1.59,51.59,6.35,89.95,4851-320
18,4851,450,0.0,52.38,0.0,100.0,4851-450
18,4865,20,2.2,38.46,2.75,93.96,4865-20
18,4865,40,0.88,40.09,0.44,93.83,4865-40
18,4872,100,1.1,48.9,12.09,82.42,4872-100
18,4872,110,0.76,41.29,9.85,85.61,4872-110
18,4872,120,0.85,24.68,8.94,85.11,4872-120
18,4872,130,0.0,28.24,9.92,87.02,4872-130
18,4872,140,0.81,34.15,7.72,89.02,4872-140
18,4872,170,0.0,26.21,6.9,88.28,4872-170
18,4872,200,0.0,21.05,6.77,91.73,4872-200
18,4872,440,0.0,21.67,16.67,81.67,4872-440
18,4893,20,1.23,20.99,5.68,87.41,4893-20
18,4893,40,2.22,24.61,4.43,85.81,4893-40
18,4893,60,1.93,21.31,2.95,90.24,4893-60
18,4893,80,2.55,12.62,2.76,90.35,4893-80
18,4893,100,2.5,18.86,3.64,89.55,4893-100
18,4893,110,0.0,13.5,3.68,90.8,4893-110
18,4893,130,2.75,18.13,3.3,91.21,4893-130
18,4893,410,5.88,76.47,5.88,67.65,4893-410
18,4904,20,0.98,41.95,4.88,90.24,4904-20
18,4904,40,0.0,44.38,4.73,92.31,4904-40
18,4904,80,0.0,39.18,2.92,94.15,4904-80
18,4956,25,1.63,22.28,4.35,93.48,4956-25
18,4956,30,0.0,20.25,10.13,88.61,4956-30
18,4956,50,1.57,13.48,3.13,94.98,4956-50
18,4956,60,0.0,8.33,3.07,95.18,4956-60
18,4956,80,0.43,19.05,3.46,96.1,4956-80
18,4956,400,0.0,0.0,0.0,100.0,4956-400
18,4963,20,0.0,19.92,6.1,92.28,4963-20
18,4963,40,0.0,20.44,2.76,95.58,4963-40
18,4963,60,0.0,24.22,2.34,97.66,4963-60
18,4970,30,1.8,26.26,3.03,81.48,4970-30
18,4970,35,1.13,24.39,3.4,80.23,4970-35
18,4970,50,1.06,28.12,5.92,81.61,4970-50
18,4970,60,0.0,21.57,10.78,86.27,4970-60
18,4970,70,0.38,19.92,2.07,83.46,4970-70
18,4970,80,5.06,41.15,4.37,74.02,4970-80
18,4970,120,3.15,56.96,8.35,49.72,4970-120
18,4970,130,1.07,34.33,5.36,77.25,4970-130
18,4970,190,1.04,15.36,7.03,83.33,4970-190
18,4970,200,1.78,34.13,4.88,76.22,4970-200
18,4970,400,0.0,18.31,5.63,94.37,4970-400
18,5019,40,0.0,47.06,3.53,95.29,5019-40
18,5019,60,0.29,29.28,2.03,93.04,5019-60
18,5019,70,1.36,34.06,1.91,94.01,5019-70
18,5019,80,0.65,25.0,0.65,96.43,5019-80
18,5026,20,6.78,42.94,23.73,64.12,5026-20
18,5026,40,9.04,45.02,28.78,52.77,5026-40
18,5026,80,3.17,38.89,21.03,61.9,5026-80
18,5054,20,0.83,15.73,8.7,86.49,5054-20
18,5068,20,2.27,34.19,8.68,85.85,5068-20
18,5100,30,1.33,25.0,9.07,85.62,5100-30
18,5100,100,1.82,32.73,2.73,94.55,5100-100
18,5100,120,0.12,26.75,9.88,86.99,5100-120
18,5100,140,1.44,26.56,10.56,83.36,5100-140
18,5100,150,1.05,23.95,8.22,87.76,5100-150
18,5100,160,0.0,47.96,23.53,75.11,5100-160
18,5124,28,0.0,66.15,1.54,96.92,5124-28
18,5124,60,2.07,48.97,2.07,95.86,5124-60
18,5124,80,1.09,55.43,1.09,92.39,5124-80
18,5130,10,0.0,17.14,14.29,82.86,5130-10
18,5130,20,0.4,25.81,8.47,89.92,5130-20
18,5130,30,0.0,25.98,8.66,88.98,5130-30
18,5130,40,0.52,23.44,10.42,86.46,5130-40
18,5138,20,0.48,21.85,2.85,93.59,5138-20
18,5138,60,0.29,34.59,5.35,73.08,5138-60
18,5138,80,0.25,32.43,2.21,78.38,5138-80
18,5138,100,0.71,23.71,3.0,80.71,5138-100
18,5258,20,0.72,55.04,22.3,74.82,5258-20
18,5264,70,0.56,47.78,5.28,62.5,5264-70
18,5264,110,3.77,24.53,1.89,75.47,5264-110
18,5264,150,1.11,54.72,3.61,63.06,5264-150
18,5264,230,0.27,42.32,4.31,69.0,5264-230
18,5264,280,1.52,37.37,3.91,72.47,5264-280
18,5271,20,0.0,0.0,19.09,72.73,5271-20
18,5271,40,2.65,0.0,18.87,51.32,5271-40
18,5271,60,8.84,0.0,19.65,49.71,5271-60
18,5271,93,3.29,98.52,16.12,54.93,5271-93
18,5271,100,8.02,0.0,18.4,47.64,5271-100
18,5271,105,6.16,0.0,12.32,71.56,5271-105
18,5271,110,5.18,0.0,24.96,51.81,5271-110
18,5271,120,8.25,0.0,9.84,60.0,5271-120
18,5271,140,8.86,0.0,17.45,27.98,5271-140
18,5271,150,0.23,0.0,17.48,68.07,5271-150
18,5271,170,4.76,0.0,4.76,76.19,5271-170
18,5271,180,3.14,0.0,6.95,70.85,5271-180
18,5271,190,2.16,0.0,9.73,80.54,5271-190
18,5271,200,16.21,0.0,20.18,37.0,5271-200
18,5271,220,2.82,0.0,11.27,78.87,5271-220
18,5271,240,4.28,0.0,18.72,50.8,5271-240
18,5271,250,6.38,0.0,19.15,64.89,5271-250
18,5271,280,3.16,0.0,15.65,60.04,5271-280
18,5271,300,1.09,0.0,9.78,67.39,5271-300
18,5271,320,2.63,0.0,74.81,16.54,5271-320
18,5271,340,6.73,0.0,23.37,49.33,5271-340
18,5271,360,4.76,0.0,16.43,54.32,5271-360
18,5271,400,3.08,0.0,12.12,50.38,5271-400
18,5271,440,5.43,0.0,15.5,76.74,5271-440
18,5271,450,9.77,0.0,33.95,50.23,5271-450
18,5271,451,5.93,0.0,16.3,74.07,5271-451
18,5278,20,2.67,27.3,4.3,86.05,5278-20
18,5278,40,1.82,20.85,4.05,90.28,5278-40
18,5278,60,1.75,28.07,8.19,85.77,5278-60
18,5306,10,0.51,56.06,3.54,87.88,5306-10
18,5306,20,0.0,52.97,0.99,92.57,5306-20
18,5306,40,0.0,50.67,2.35,88.26,5306-40
18,5348,20,0.61,31.11,9.29,88.28,5348-20
18,5348,40,0.45,27.35,8.07,90.13,5348-40
18,5355,20,8.62,15.41,8.62,66.61,5355-20
18,5355,40,8.89,12.99,8.89,67.01,5355-40
18,5355,60,12.87,14.85,5.28,68.98,5355-60
18,5355,80,17.64,14.88,7.82,63.65,5355-80
18,5355,400,19.05,38.1,9.52,66.67,5355-400
18,5362,28,0.0,34.94,7.23,92.77,5362-28
18,5362,60,0.0,38.92,11.98,88.02,5362-60
18,5362,80,0.0,25.64,8.55,88.03,5362-80
18,5369,20,1.04,37.29,6.67,88.75,5369-20
18,5376,20,0.0,69.06,3.14,65.92,5376-20
18,5376,40,0.78,53.52,3.52,68.36,5376-40
18,5390,10,0.7,15.62,3.96,93.01,5390-10
18,5390,20,0.64,13.51,3.97,91.73,5390-20
18,5390,60,1.01,13.26,5.04,92.22,5390-60
18,5390,80,0.66,8.62,3.69,92.14,5390-80
18,5390,100,1.88,6.69,3.97,91.84,5390-100
18,5397,800,0.37,44.24,0.37,94.42,5397-800
18,5432,20,0.78,21.74,3.73,93.17,5432-20
18,5432,40,1.52,16.09,4.78,90.43,5432-40
18,5432,60,1.15,19.4,5.31,90.07,5432-60
18,5439,10,6.5,47.74,19.21,70.9,5439-10
18,5439,20,5.02,48.86,19.63,72.15,5439-20
18,5439,40,8.86,65.51,20.25,63.61,5439-40
18,5439,80,5.57,57.02,20.49,66.59,5439-80
18,5439,100,5.61,50.07,21.71,66.32,5439-100
18,5439,120,5.3,43.22,21.13,68.35,5439-120
18,5457,20,0.4,40.68,6.21,90.18,5457-20
18,5457,40,0.0,38.5,6.64,91.15,5457-40
18,5457,220,0.98,27.36,1.95,96.42,5457-220
18,5460,40,0.0,36.36,0.0,100.0,5460-40
18,5460,80,1.69,60.76,23.63,65.82,5460-80
18,5460,110,4.12,47.94,8.76,81.44,5460-110
18,5460,120,0.4,50.0,20.8,74.0,5460-120
18,5460,130,1.18,44.71,14.12,80.59,5460-130
18,5460,140,2.38,45.15,17.23,75.25,5460-140
18,5460,150,1.98,49.56,14.32,78.85,5460-150
18,5460,160,1.91,36.61,10.46,82.78,5460-160
18,5460,170,0.0,29.82,4.09,94.15,5460-170
18,5460,200,3.33,13.33,5.0,90.0,5460-200
18,5460,410,2.08,41.67,4.17,87.5,5460-410
18,5460,800,0.0,45.83,12.5,83.33,5460-800
18,5467,20,0.59,40.41,4.72,92.63,5467-20
18,5467,40,0.82,37.77,2.99,93.21,5467-40
18,5474,40,0.53,58.24,2.39,90.96,5474-40
18,5474,80,0.28,45.83,2.22,90.56,5474-80
18,5474,100,0.83,51.25,2.77,88.64,5474-100
18,5474,120,0.0,40.38,0.0,100.0,5474-120
18,5523,20,2.06,36.08,2.06,91.75,5523-20
18,5523,100,1.81,28.88,2.17,93.5,5523-100
18,5523,110,1.62,24.83,1.86,93.97,5523-110
18,5523,120,0.63,34.38,6.31,90.22,5523-120
18,5523,160,0.82,27.05,2.46,95.08,5523-160
18,5586,60,0.25,29.46,0.0,99.01,5586-60
18,5586,70,0.0,21.34,0.61,96.95,5586-70
18,5586,80,0.0,17.87,0.48,99.03,5586-80
18,5593,20,0.0,39.34,1.64,96.72,5593-20
18,5593,80,1.32,47.35,3.31,92.72,5593-80
18,5593,100,0.83,52.07,2.07,93.39,5593-100
18,5593,120,0.84,55.35,1.89,93.29,5593-120
18,5607,10,1.71,33.5,6.09,82.7,5607-10
18,5607,50,0.25,21.08,4.9,86.03,5607-50
18,5607,100,3.17,55.2,8.14,66.74,5607-100
18,5607,110,2.65,24.56,5.75,80.97,5607-110
18,5607,140,2.33,50.78,6.98,71.71,5607-140
18,5607,160,1.74,38.26,10.43,84.35,5607-160
18,5607,190,0.5,46.25,11.75,77.75,5607-190
18,5607,200,2.16,31.81,5.66,76.01,5607-200
18,5607,240,1.87,34.58,5.45,82.55,5607-240
18,5607,250,1.53,39.39,8.97,77.68,5607-250
18,5607,260,1.53,38.07,11.82,72.65,5607-260
18,5607,270,1.47,31.09,6.87,82.79,5607-270
18,5607,280,2.67,34.52,6.46,81.96,5607-280
18,5607,290,2.06,26.8,6.19,79.38,5607-290
18,5607,310,7.58,65.15,16.67,69.7,5607-310
18,5607,320,0.0,0.0,0.0,100.0,5607-320
18,5607,350,0.0,48.28,6.9,89.66,5607-350
18,5607,360,0.0,50.0,0.0,93.75,5607-360
18,5614,20,0.0,18.45,0.97,97.09,5614-20
18,5614,40,0.0,15.15,1.52,95.45,5614-40
18,5614,200,0.0,35.9,5.13,94.87,5614-200
18,5621,60,9.66,36.08,6.53,75.0,5621-60
18,5621,100,3.78,23.75,4.99,85.78,5621-100
18,5621,120,3.86,22.44,6.69,82.02,5621-120
18,5621,140,2.82,17.99,5.23,86.72,5621-140
18,5621,160,3.11,30.83,9.07,79.79,5621-160
18,5621,9803,0.0,27.27,0.0,95.45,5621-9803
18,5628,25,0.0,17.12,6.7,91.56,5628-25
18,5628,40,0.31,11.38,3.08,94.15,5628-40
18,5628,230,0.0,16.24,4.06,94.92,5628-230
18,5628,9100,0.0,0.0,0.0,100.0,5628-9100
18,5642,10,2.32,31.96,8.76,84.54,5642-10
18,5642,50,1.84,44.7,10.14,80.65,5642-50
18,5642,70,2.84,51.06,12.06,73.05,5642-70
18,5642,80,2.26,37.97,7.52,83.83,5642-80
18,5642,120,6.62,55.15,8.82,77.21,5642-120
18,5656,20,11.59,32.95,10.23,59.77,5656-20
18,5656,40,7.25,20.5,8.28,73.71,5656-40
18,5656,60,6.6,24.72,7.92,73.02,5656-60
18,5656,70,4.37,12.57,6.74,67.03,5656-70
18,5656,100,10.19,19.68,7.78,68.0,5656-100
18,5656,140,21.96,45.65,14.57,45.22,5656-140
18,5656,150,4.05,13.16,5.26,61.34,5656-150
18,5656,180,13.04,28.73,9.64,43.29,5656-180
18,5656,190,7.18,18.04,5.43,64.27,5656-190
18,5656,200,10.74,25.54,9.0,55.15,5656-200
18,5656,210,11.02,27.76,10.34,65.58,5656-210
18,5656,220,8.48,22.73,9.88,68.01,5656-220
18,5656,410,34.09,60.23,15.91,37.5,5656-410
18,5656,9803,5.26,31.58,0.0,78.95,5656-9803
18,5663,40,1.41,46.89,1.69,91.81,5663-40
18,5663,60,4.12,44.9,1.85,86.3,5663-60
18,5663,110,0.45,28.7,2.24,94.62,5663-110
18,5663,115,4.82,63.62,3.32,76.25,5663-115
18,5663,120,1.9,46.92,2.37,89.1,5663-120
18,5663,130,4.42,38.12,4.42,77.9,5663-130
18,5663,260,1.99,47.15,1.99,88.59,5663-260
18,5663,280,2.22,37.66,2.22,89.0,5663-280
18,5663,300,3.55,39.69,2.66,84.7,5663-300
18,5670,60,0.0,58.63,2.01,88.76,5670-60
18,5670,80,0.0,50.85,3.39,86.44,5670-80
18,5726,20,1.41,46.14,4.92,91.57,5726-20
18,5726,40,0.53,35.83,1.07,96.79,5726-40
18,5733,40,0.0,34.65,0.99,98.02,5733-40
18,5733,60,1.09,38.8,1.09,96.17,5733-60
18,5733,80,1.35,34.46,0.68,96.62,5733-80
18,5733,300,0.0,30.0,1.25,97.5,5733-300
18,5740,20,0.0,59.52,1.59,89.68,5740-20
18,5740,40,0.0,54.46,0.99,94.06,5740-40
18,5747,20,2.33,46.51,0.0,97.67,5747-20
18,5747,40,1.86,34.57,6.26,82.6,5747-40
18,5747,60,2.96,58.89,8.15,78.15,5747-60
18,5747,100,0.76,47.35,4.17,87.88,5747-100
18,5747,110,1.75,29.82,10.53,84.21,5747-110
18,5747,120,0.0,42.55,4.26,91.49,5747-120
18,5747,140,2.35,56.47,2.35,89.41,5747-140
18,5747,160,1.71,39.19,4.67,84.29,5747-160
18,5747,180,2.43,29.43,4.63,87.37,5747-180
18,5747,220,0.83,39.17,0.83,95.0,5747-220
18,5747,240,0.0,54.33,3.15,72.44,5747-240
18,5747,800,0.0,58.54,4.88,82.93,5747-800
18,5747,9100,3.45,41.38,6.9,89.66,5747-9100
18,5754,180,1.05,37.08,2.28,92.97,5754-180
18,5754,200,0.27,21.81,0.53,96.54,5754-200
18,5754,220,0.33,33.33,2.31,93.73,5754-220
18,5757,40,0.0,45.18,1.81,97.59,5757-40
18,5757,50,0.0,44.44,1.59,98.41,5757-50
18,5757,120,0.36,51.61,1.79,96.77,5757-120
18,5780,20,0.19,33.08,11.78,85.23,5780-20
18,5810,20,0.0,61.33,3.11,89.78,5810-20
18,5810,30,0.0,43.82,5.62,88.76,5810-30
18,5810,40,1.63,41.46,2.44,86.99,5810-40
18,5810,810,0.0,0.0,0.0,100.0,5810-810
18,5810,9410,0.0,0.0,0.0,85.71,5810-9410
18,5817,20,0.3,48.06,13.13,82.39,5817-20
18,5824,40,2.61,67.91,8.96,70.9,5824-40
18,5824,50,2.33,45.35,7.56,82.56,5824-50
18,5824,80,2.2,36.12,6.83,85.68,5824-80
18,5824,110,1.61,41.61,5.29,85.06,5824-110
18,5824,810,1.47,20.59,2.94,85.29,5824-810
18,5852,20,0.4,12.35,7.67,88.35,5852-20
18,5859,20,1.76,24.75,5.78,90.33,5859-20
18,5866,40,0.0,18.25,5.56,91.27,5866-40
18,5866,60,0.57,14.49,4.55,94.03,5866-60
18,5866,80,0.0,15.91,3.79,93.94,5866-80
18,5901,50,7.86,27.42,19.38,61.79,5901-50
18,5901,60,12.53,37.05,20.33,50.14,5901-60
18,5901,70,4.33,17.07,10.1,73.56,5901-70
18,5901,80,6.49,42.37,31.49,53.05,5901-80
18,5901,90,14.44,33.48,15.32,56.02,5901-90
18,5901,100,6.4,25.0,18.48,64.41,5901-100
18,5901,110,0.0,0.0,36.36,45.45,5901-110
18,5901,120,9.21,33.78,25.72,58.73,5901-120
18,5901,130,0.85,20.78,22.32,73.08,5901-130
18,5901,140,0.81,7.32,4.07,88.62,5901-140
18,5901,150,2.06,8.25,7.22,62.89,5901-150
18,5901,160,3.97,0.0,12.64,72.92,5901-160
18,5901,410,18.42,32.89,9.21,61.84,5901-410
18,5960,20,0.33,49.83,3.3,93.73,5960-20
18,5960,60,0.84,50.21,0.84,94.94,5960-60
18,5960,9407,100.0,0.0,0.0,0.0,5960-9407
18,5985,140,0.0,26.67,3.81,94.29,5985-140
18,5985,180,0.74,39.85,2.48,91.58,5985-180
18,5985,220,1.88,39.5,1.88,94.98,5985-220
18,5985,230,1.97,40.46,0.99,92.11,5985-230
18,5985,410,0.0,31.82,2.27,97.73,5985-410
18,5985,9407,0.0,0.0,0.0,100.0,5985-9407
18,5992,60,0.43,60.0,5.22,58.7,5992-60
18,5992,80,0.0,52.33,2.33,82.56,5992-80
18,6013,20,1.06,39.11,22.83,70.4,6013-20
18,6013,9401,0.0,0.0,0.0,100.0,6013-9401
18,6022,20,0.82,53.89,33.2,59.63,6022-20
18,6027,10,1.34,41.95,2.01,83.56,6027-10
18,6027,20,1.15,37.93,5.75,77.01,6027-20
18,6027,40,0.6,23.81,2.98,74.4,6027-40
18,6069,20,0.0,35.56,2.22,91.11,6069-20
18,6069,40,8.33,37.5,4.17,75.0,6069-40
18,6083,20,1.0,8.91,4.18,93.18,6083-20
18,6104,20,1.11,12.78,3.89,90.56,6104-20
18,6113,10,1.37,13.46,3.57,92.03,6113-10
18,6113,15,0.92,14.22,5.73,88.76,6113-15
18,6113,100,0.38,25.38,3.79,88.64,6113-100
18,6113,110,0.23,13.57,4.98,91.4,6113-110
18,6118,20,0.96,41.35,26.92,66.99,6118-20
18,6118,40,0.79,26.38,25.2,69.69,6118-40
18,6118,100,1.68,38.66,24.37,72.27,6118-100
18,6118,300,1.68,36.13,25.21,66.39,6118-300
18,6125,40,2.25,41.44,11.49,80.86,6125-40
18,6125,60,0.0,33.33,3.17,88.89,6125-60
18,6125,80,0.68,53.42,13.7,78.08,6125-80
18,6125,90,2.64,40.88,18.62,73.96,6125-90
18,6125,100,0.97,67.86,41.88,51.95,6125-100
18,6125,140,1.94,28.54,12.93,82.05,6125-140
18,6125,160,3.19,38.72,16.4,76.99,6125-160
18,6125,430,0.0,15.56,6.67,91.11,6125-430
18,6174,20,5.5,45.03,53.49,29.6,6174-20
18,6174,60,2.5,30.25,32.95,61.66,6174-60
18,6174,80,4.17,66.67,72.44,18.59,6174-80
18,6174,100,6.34,30.24,24.12,62.51,6174-100
18,6174,110,3.14,25.85,20.05,61.11,6174-110
18,6174,120,7.07,28.57,19.66,68.32,6174-120
18,6174,150,8.22,43.84,16.44,67.12,6174-150
18,6174,160,10.93,60.13,22.83,55.95,6174-160
18,6174,180,13.39,48.12,24.27,53.14,6174-180
18,6174,190,2.46,54.43,56.4,34.98,6174-190
18,6174,200,2.11,13.6,6.95,76.44,6174-200
18,6174,210,7.19,46.68,34.33,51.97,6174-210
18,6174,260,11.52,42.38,17.1,63.94,6174-260
18,6174,280,1.98,7.59,7.59,84.82,6174-280
18,6174,290,5.53,26.72,19.23,69.53,6174-290
18,6174,360,6.33,27.67,11.0,75.67,6174-360
18,6174,400,1.28,9.69,9.31,73.6,6174-400
18,6174,410,1.5,5.81,3.75,90.26,6174-410
18,6174,415,6.67,22.22,8.89,75.56,6174-415
18,6174,430,3.24,11.89,15.68,70.81,6174-430
18,6174,450,3.45,22.76,31.03,60.69,6174-450
18,6174,460,8.03,41.75,34.78,50.63,6174-460
18,6174,470,5.06,24.05,12.18,75.32,6174-470
18,6174,480,3.04,17.4,10.98,78.72,6174-480
18,6174,490,13.16,47.37,36.84,42.98,6174-490
18,6174,540,27.27,75.6,22.01,37.8,6174-540
18,6174,560,2.73,11.52,9.81,82.59,6174-560
18,6174,800,100.0,0.0,0.0,0.0,6174-800
18,6181,20,0.85,5.77,6.45,87.27,6181-20
18,6181,40,0.93,5.49,4.79,89.49,6181-40
18,6181,60,1.07,5.63,3.04,91.63,6181-60
18,6181,80,2.44,14.18,6.85,85.82,6181-80
18,6181,100,1.36,9.0,4.58,87.1,6181-100
18,6181,110,0.22,2.88,3.1,89.38,6181-110
18,6181,150,0.38,4.2,3.82,88.93,6181-150
18,6195,60,2.04,35.71,7.14,90.82,6195-60
18,6195,70,1.42,46.38,5.03,90.25,6195-70
18,6195,140,0.6,37.03,5.1,91.3,6195-140
18,6195,150,0.5,38.6,5.16,91.35,6195-150
18,6195,170,0.0,29.45,5.48,93.15,6195-170
18,6195,9408,0.0,0.0,25.0,75.0,6195-9408
18,6216,110,1.14,39.77,9.58,86.36,6216-110
18,6216,150,2.78,37.96,7.41,88.89,6216-150
18,6216,160,1.49,34.49,7.69,88.34,6216-160
18,6216,200,1.62,26.71,7.4,88.81,6216-200
18,6216,300,1.89,34.85,6.44,87.12,6216-300
18,6223,60,3.65,61.46,9.3,56.15,6223-60
18,6223,80,2.99,47.4,4.57,51.97,6223-80
18,6223,100,4.1,66.39,11.07,45.08,6223-100
18,6223,110,6.38,59.4,7.38,55.7,6223-110
18,6223,120,0.0,22.4,1.6,92.0,6223-120
18,6223,130,1.64,13.52,0.82,82.38,6223-130
18,6223,150,0.0,18.9,5.51,81.89,6223-150
18,6223,180,2.06,49.83,5.5,70.1,6223-180
18,6223,200,1.84,40.89,7.07,66.09,6223-200
18,6223,205,3.44,46.75,9.01,67.68,6223-205
18,6223,220,3.65,74.43,10.96,42.01,6223-220
18,6223,260,1.74,22.17,0.43,90.43,6223-260
18,6223,280,0.43,23.61,3.43,75.11,6223-280
18,6223,300,2.21,31.93,2.61,74.9,6223-300
18,6223,320,2.56,26.74,5.86,70.33,6223-320
18,6223,340,0.72,66.27,12.77,40.72,6223-340
18,6223,360,1.77,34.2,5.72,72.97,6223-360
18,6223,380,1.19,35.19,4.45,69.78,6223-380
18,6223,400,5.63,54.93,5.63,73.24,6223-400
18,6223,410,1.72,27.59,3.45,91.38,6223-410
18,6223,800,0.0,30.0,3.33,83.33,6223-800
18,6230,80,0.0,57.52,2.65,91.59,6230-80
18,6230,100,0.0,46.41,1.31,95.42,6230-100
18,6230,120,1.39,50.0,0.0,95.83,6230-120
18,6237,30,1.79,54.24,19.2,74.78,6237-30
18,6237,60,2.78,64.81,9.26,83.33,6237-60
18,6237,80,1.0,61.65,20.3,76.69,6237-80
18,6237,140,1.46,54.39,20.49,72.68,6237-140
18,6244,20,16.15,17.19,4.95,67.53,6244-20
18,6244,40,19.04,26.99,9.4,54.46,6244-40
18,6244,100,16.06,18.61,8.03,65.33,6244-100
18,6244,110,0.58,5.23,0.58,85.47,6244-110
18,6244,120,3.34,6.69,5.35,81.94,6244-120
18,6244,140,16.92,19.05,6.27,67.67,6244-140
18,6244,160,23.41,31.77,7.02,53.18,6244-160
18,6244,180,6.53,8.79,6.53,76.88,6244-180
18,6244,190,89.06,90.63,4.69,6.25,6244-190
18,6244,200,13.23,16.28,5.09,72.26,6244-200
18,6244,220,16.4,30.6,14.51,52.05,6244-220
18,6244,240,14.24,16.41,5.26,71.52,6244-240
18,6244,280,23.53,27.53,6.23,57.21,6244-280
18,6244,290,18.48,23.1,7.61,58.29,6244-290
18,6244,300,8.86,13.92,10.13,65.82,6244-300
18,6244,430,22.83,8.66,11.81,59.84,6244-430
18,6251,20,1.0,63.0,1.0,95.0,6251-20
18,6251,40,0.0,48.57,0.95,96.19,6251-40
18,6251,250,2.6,55.84,0.0,94.81,6251-250
18,6293,60,0.0,56.41,2.56,78.39,6293-60
18,6293,80,0.98,49.02,5.88,81.37,6293-80
18,6293,100,0.0,59.8,3.52,78.39,6293-100
18,6300,20,17.69,60.0,31.54,38.97,6300-20
18,6300,40,11.27,56.46,27.79,51.42,6300-40
18,6300,60,6.48,58.03,27.89,55.21,6300-60
18,6300,80,4.75,35.88,15.57,70.45,6300-80
18,6300,100,12.11,38.66,11.6,62.63,6300-100
18,6300,120,14.81,73.22,38.46,34.76,6300-120
18,6300,140,4.37,45.2,18.56,59.17,6300-140
18,6300,160,6.72,60.63,29.66,48.13,6300-160
18,6300,220,10.02,41.21,16.45,62.38,6300-220
18,6300,280,10.95,62.77,33.94,42.7,6300-280
18,6300,300,4.69,38.97,19.72,66.2,6300-300
18,6300,340,10.43,41.51,18.4,62.37,6300-340
18,6300,380,18.7,73.98,45.12,23.58,6300-380
18,6300,410,7.14,0.0,21.43,57.14,6300-410
18,6300,420,11.98,41.92,12.28,65.57,6300-420
18,6300,440,16.39,76.02,35.25,32.17,6300-440
18,6300,480,7.11,53.67,22.71,55.73,6300-480
18,6300,490,14.2,68.52,26.54,48.15,6300-490
18,6307,10,3.22,32.33,8.84,83.68,6307-10
18,6307,40,2.89,29.66,4.46,84.78,6307-40
18,6307,50,2.61,25.93,5.41,88.81,6307-50
18,6307,60,2.01,36.09,7.02,86.47,6307-60
18,6307,70,4.01,44.61,9.77,77.69,6307-70
18,6307,80,0.27,24.8,4.58,89.22,6307-80
18,6307,100,1.85,23.62,6.09,85.42,6307-100
18,6307,110,0.0,0.0,5.26,94.74,6307-110
18,6307,120,1.25,9.06,7.5,84.06,6307-120
18,6307,160,2.55,33.3,7.64,85.37,6307-160
18,6307,200,2.68,24.67,4.93,89.46,6307-200
18,6307,400,33.33,0.0,0.0,66.67,6307-400
18,6307,430,1.72,27.59,6.9,89.66,6307-430
18,6321,100,0.0,21.01,0.0,97.48,6321-100
18,6321,160,0.92,30.15,0.92,92.31,6321-160
18,6321,180,0.0,40.74,1.85,93.21,6321-180
18,6321,200,0.0,22.16,3.21,94.75,6321-200
18,6321,9407,0.0,0.0,0.0,100.0,6321-9407
18,6328,110,2.95,23.62,4.36,79.08,6328-110
18,6328,120,3.35,17.36,3.66,81.69,6328-120
18,6328,140,4.7,27.83,6.27,79.76,6328-140
18,6328,150,1.19,11.1,4.2,78.77,6328-150
18,6335,20,0.0,54.46,11.88,86.14,6335-20
18,6335,60,1.32,53.64,13.25,85.43,6335-60
18,6335,80,0.54,52.83,6.2,86.52,6335-80
18,6335,100,1.69,48.65,5.41,89.86,6335-100
18,6335,200,0.0,43.71,5.96,92.05,6335-200
18,6354,100,1.23,45.68,0.0,95.06,6354-100
18,6354,120,0.0,50.0,0.0,96.43,6354-120
18,6354,160,0.0,42.28,3.25,93.5,6354-160
18,6370,60,1.24,27.06,2.14,92.0,6370-60
18,6370,80,0.59,19.65,2.16,94.3,6370-80
18,6370,100,0.47,21.08,3.98,91.57,6370-100
18,6384,40,0.0,19.13,5.22,92.17,6384-40
18,6384,80,1.17,37.35,13.23,83.27,6384-80
18,6384,100,0.0,28.3,6.79,91.7,6384-100
18,6384,120,0.54,38.04,7.07,89.67,6384-120
18,6384,9408,0.0,0.0,0.0,100.0,6384-9408
18,6412,20,0.6,40.24,2.82,92.76,6412-20
18,6419,20,7.5,2.05,5.73,74.76,6419-20
18,6419,29,9.49,2.56,4.52,76.2,6419-29
18,6419,80,6.06,0.96,4.31,82.14,6419-80
18,6419,100,7.6,1.9,5.07,78.56,6419-100
18,6426,80,0.46,47.03,13.01,83.11,6426-80
18,6426,120,1.16,34.2,8.12,86.96,6426-120
18,6440,20,1.18,62.35,2.35,90.59,6440-20
18,6440,40,7.04,53.52,4.23,84.51,6440-40
18,6440,9100,0.0,0.0,0.0,83.33,6440-9100
18,6461,20,2.51,42.82,30.98,61.73,6461-20
18,6461,40,0.0,22.92,13.54,80.73,6461-40
18,6461,80,4.51,46.48,30.42,58.03,6461-80
18,6461,100,5.0,0.0,15.0,75.0,6461-100
18,6461,120,3.0,43.24,39.64,55.26,6461-120
18,6461,140,1.19,33.5,26.53,68.88,6461-140
18,6470,40,2.48,22.12,17.35,71.86,6470-40
18,6470,80,2.09,21.16,12.09,74.88,6470-80
18,6470,100,2.02,16.37,11.15,78.41,6470-100
18,6470,120,3.14,23.39,16.75,69.81,6470-120
18,6470,130,2.65,12.39,6.19,79.65,6470-130
18,6475,20,0.0,35.56,4.44,91.11,6475-20
18,6475,40,0.4,46.56,14.98,80.97,6475-40
18,6475,60,1.94,36.57,8.41,86.73,6475-60
18,6482,20,0.89,24.56,8.28,88.46,6482-20
18,6482,30,0.59,28.4,10.65,87.57,6482-30
18,6482,40,1.93,22.71,11.11,83.57,6482-40
18,6545,20,0.37,27.51,7.99,87.27,6545-20
18,6608,40,0.38,19.74,2.05,94.49,6608-40
18,6608,60,1.15,17.5,2.31,93.46,6608-60
18,6608,80,0.82,14.99,3.81,92.37,6608-80
18,6615,60,0.0,60.16,1.63,83.74,6615-60
18,6615,80,0.0,48.65,1.35,87.84,6615-80
18,6615,100,4.08,55.1,2.04,83.67,6615-100
18,6678,50,0.0,53.68,2.11,85.26,6678-50
18,6678,60,0.47,53.74,32.71,56.07,6678-60
18,6678,100,0.46,36.34,12.96,78.47,6678-100
18,6678,120,1.28,54.3,23.22,65.08,6678-120
18,6678,200,0.24,48.23,17.73,73.05,6678-200
18,6685,50,1.81,43.12,5.01,85.12,6685-50
18,6685,60,1.16,24.13,1.16,93.31,6685-60
18,6685,80,0.36,59.64,11.27,74.18,6685-80
18,6685,120,3.99,61.96,6.75,76.07,6685-120
18,6685,140,1.71,29.14,5.14,80.0,6685-140
18,6685,160,1.88,35.03,2.95,88.74,6685-160
18,6685,170,2.18,68.12,7.08,75.75,6685-170
18,6685,180,1.3,25.97,0.0,93.51,6685-180
18,6685,220,1.1,33.7,2.76,92.27,6685-220
18,6685,280,1.21,42.6,3.93,87.61,6685-280
18,6685,290,2.64,47.98,5.42,81.78,6685-290
18,6685,300,0.52,36.79,4.92,89.64,6685-300
18,6685,430,3.66,64.63,7.32,76.83,6685-430
18,6692,20,0.0,37.82,3.11,89.9,6692-20
18,6692,120,0.0,42.89,9.78,79.33,6692-120
18,6692,140,0.61,30.18,7.01,83.84,6692-140
18,6713,60,0.65,51.63,1.96,94.12,6713-60
18,6713,80,1.83,45.87,2.75,92.66,6713-80
18,6713,100,0.0,55.13,1.28,88.46,6713-100
18,6720,20,0.75,44.47,4.13,80.49,6720-20
18,6734,20,0.8,27.77,10.46,83.3,6734-20
18,6734,30,0.0,20.17,10.5,86.74,6734-30
18,6734,40,0.41,11.86,3.89,92.64,6734-40
18,6748,20,0.0,9.5,6.7,89.63,6748-20
18,8001,8115,31.28,71.81,55.51,10.13,8001-8115
18,8001,8121,3.22,85.75,89.89,4.6,8001-8121
18,8001,8124,1.19,84.52,88.89,8.73,8001-8124
18,8002,100,2.64,85.88,94.35,1.88,8002-100
18,8101,1056,7.02,15.44,15.09,70.53,8101-1056
18,8105,1211,98.47,94.66,1.02,0.0,8105-1211
18,8106,1251,97.46,92.29,1.6,0.28,8106-1251
18,8109,100,87.06,93.71,1.75,0.7,8109-100
18,8110,100,47.57,77.61,30.78,12.31,8110-100
18,8113,8728,23.08,15.1,11.68,51.85,8113-8728
18,8114,100,91.3,0.0,1.19,1.98,8114-100
18,8123,100,0.08,34.47,97.9,1.86,8123-100
18,8127,400,98.95,96.17,0.35,0.0,8127-400
18,8128,800,95.11,15.31,2.61,1.63,8128-800
18,8129,100,95.17,91.12,0.47,0.47,8129-100
18,8131,400,9.17,85.0,78.33,6.67,8131-400
18,8132,100,63.83,54.26,8.16,10.99,8132-100
18,8135,100,26.71,8.9,47.26,19.86,8135-100
18,8136,8136,19.17,73.33,74.17,5.0,8136-8136
18,8139,8139,55.7,65.82,3.8,36.71,8139-8139
