year,mergecode,districtcode,black,hispanic,white,totalenroll,lowincome,droprate,NCESSchoolID,hybridper,virtualper,inpersonper,schoolmode,charter,state,year_21
17,4289-5454arizona,4289arizona,10.86,64.91,19.5,1667,62.0,1.0,40045000001,0.0,0.0,1.0,0.0,0,arizona,0
18,4289-5454arizona,4289arizona,10.85,64.28,19.19,1761,60.0,1.0,40045000001,0.0,0.0,1.0,0.0,0,arizona,0
19,4289-5454arizona,4289arizona,11.09,64.81,17.98,1830,57.0,2.36,40045000001,0.0,0.0,1.0,0.0,0,arizona,0
21,4289-5454arizona,4289arizona,10.37,67.46,15.71,1687,59.0,3.55,40045000001,0.4,0.6,0.0,0.8,0,arizona,1
17,4289-79799arizona,4289arizona,13.89,50.91,27.38,1764,50.0,1.32,40045002273,0.0,0.0,1.0,0.0,0,arizona,0
18,4289-79799arizona,4289arizona,12.57,54.16,26.19,1695,46.0,0.89,40045002273,0.0,0.0,1.0,0.0,0,arizona,0
19,4289-79799arizona,4289arizona,11.41,57.07,24.1,1647,45.0,0.99,40045002273,0.0,0.0,1.0,0.0,0,arizona,0
21,4289-79799arizona,4289arizona,11.27,58.23,21.03,1731,44.0,2.22,40045002273,0.4,0.6,0.0,0.8,0,arizona,1
17,4289-78926arizona,4289arizona,11.46,36.94,40.39,2347,27.0,1.1,40045001884,0.0,0.0,1.0,0.0,0,arizona,0
18,4289-78926arizona,4289arizona,11.63,37.12,40.75,2287,28.0,0.93,40045001884,0.0,0.0,1.0,0.0,0,arizona,0
19,4289-78926arizona,4289arizona,11.28,36.61,40.73,2136,25.0,0.93,40045001884,0.0,0.0,1.0,0.0,0,arizona,0
21,4289-78926arizona,4289arizona,10.02,37.7,37.7,1907,22.0,2.93,40045001884,0.4,0.6,0.0,0.8,0,arizona,1
17,4289-87903arizona,4289arizona,6.03,36.87,49.52,1991,24.0,0.75,40045002592,0.0,0.0,1.0,0.0,0,arizona,0
18,4289-87903arizona,4289arizona,6.03,36.83,49.33,2023,22.0,0.67,40045002592,0.0,0.0,1.0,0.0,0,arizona,0
19,4289-87903arizona,4289arizona,6.41,38.28,47.9,1902,23.0,1.06,40045002592,0.0,0.0,1.0,0.0,0,arizona,0
21,4289-87903arizona,4289arizona,5.53,41.82,45.05,1645,20.0,2.0,40045002592,0.4,0.6,0.0,0.8,0,arizona,1
17,4409-6292arizona,4409arizona,0.0,72.31,10.0,130,82.0,4.79,40052003063,0.0,0.0,1.0,0.0,0,arizona,0
18,4409-6292arizona,4409arizona,0.0,75.63,11.76,119,87.0,2.21,40052003063,0.0,0.0,1.0,0.0,0,arizona,0
19,4409-6292arizona,4409arizona,0.0,71.85,19.26,135,77.0,1.28,40052003063,0.0,0.0,1.0,0.0,0,arizona,0
21,4409-6292arizona,4409arizona,0.0,69.81,21.7,106,66.0,9.09,40052003063,0.2,0.8,0.0,0.9,0,arizona,1
17,80995-80996arizona,80995arizona,0.0,95.07,0.0,467,84.0,5.08,40061903097,0.0,0.0,1.0,0.0,1,arizona,0
18,80995-80996arizona,80995arizona,0.0,94.86,2.8,428,84.0,3.5,40061903097,0.0,0.0,1.0,0.0,1,arizona,0
19,80995-80996arizona,80995arizona,0.0,95.69,2.87,487,84.0,2.98,40061903097,0.0,0.0,1.0,0.0,1,arizona,0
21,80995-80996arizona,80995arizona,0.0,94.38,2.29,480,84.0,2.55,40061903097,0.2,0.8,0.0,0.9,1,arizona,1
17,79883-6346arizona,79883arizona,0.0,18.75,76.25,160,77.0,24.26,40035701732,0.0,0.0,1.0,0.0,1,arizona,0
18,79883-6346arizona,79883arizona,0.0,19.14,75.93,162,82.0,17.65,40035701732,0.0,0.0,1.0,0.0,1,arizona,0
19,79883-6346arizona,79883arizona,0.0,35.68,57.84,185,83.0,21.51,40035701732,0.0,0.0,1.0,0.0,1,arizona,0
21,79883-6346arizona,79883arizona,0.0,40.16,45.67,127,83.0,26.25,40035701732,0.3,0.7,0.0,0.85,1,arizona,1
17,79874-78813arizona,79874arizona,0.0,77.08,15.42,240,74.0,19.71,40038502016,0.0,0.0,1.0,0.0,1,arizona,0
18,79874-78813arizona,79874arizona,6.55,68.36,19.64,275,77.0,23.04,40038502016,0.0,0.0,1.0,0.0,1,arizona,0
19,79874-78813arizona,79874arizona,9.89,65.72,16.96,283,64.0,21.21,40038502016,0.0,0.0,1.0,0.0,1,arizona,0
21,79874-78813arizona,79874arizona,9.84,71.04,12.02,183,87.0,38.29,40038502016,0.4,0.6,0.0,0.8,1,arizona,1
17,79872-78901arizona,79872arizona,9.74,31.79,37.44,195,43.0,17.69,40038401899,0.0,0.0,1.0,0.0,1,arizona,0
18,79872-78901arizona,79872arizona,11.89,34.05,42.7,185,54.0,18.09,40038401899,0.0,0.0,1.0,0.0,1,arizona,0
19,79872-78901arizona,79872arizona,10.89,31.05,39.11,248,41.0,16.67,40038401899,0.0,0.0,1.0,0.0,1,arizona,0
21,79872-78901arizona,79872arizona,5.31,30.43,44.44,207,51.0,20.63,40038401899,0.4,0.6,0.0,0.8,1,arizona,1
17,79873-78900arizona,79873arizona,16.49,72.04,8.24,279,66.0,27.19,40035201898,0.0,0.0,1.0,0.0,1,arizona,0
18,79873-78900arizona,79873arizona,12.0,75.11,9.78,225,73.0,25.82,40035201898,0.0,0.0,1.0,0.0,1,arizona,0
19,79873-78900arizona,79873arizona,11.44,75.65,8.86,271,56.0,27.48,40035201898,0.0,0.0,1.0,0.0,1,arizona,0
21,79873-78900arizona,79873arizona,13.89,67.36,9.03,144,71.0,28.43,40035201898,0.3,0.7,0.0,0.85,1,arizona,1
17,79875-78817arizona,79875arizona,10.22,63.46,21.61,509,73.0,20.71,40035301896,0.0,0.0,1.0,0.0,1,arizona,0
18,79875-78817arizona,79875arizona,9.79,65.53,19.57,470,75.0,20.54,40035301896,0.0,0.0,1.0,0.0,1,arizona,0
19,79875-78817arizona,79875arizona,8.83,67.15,18.07,487,70.0,20.69,40035301896,0.0,0.0,1.0,0.0,1,arizona,0
21,79875-78817arizona,79875arizona,10.97,61.85,18.45,401,76.0,29.09,40035301896,0.2,0.8,0.0,0.9,1,arizona,1
17,80989-80990arizona,80989arizona,24.09,69.77,0.0,440,90.0,19.21,40061803095,0.0,0.0,1.0,0.0,1,arizona,0
18,80989-80990arizona,80989arizona,25.9,64.86,4.02,498,90.0,21.96,40061803095,0.0,0.0,1.0,0.0,1,arizona,0
19,80989-80990arizona,80989arizona,23.79,68.15,0.0,496,90.0,18.49,40061803095,0.0,0.0,1.0,0.0,1,arizona,0
21,80989-80990arizona,80989arizona,22.13,67.83,2.25,488,90.0,28.3,40061803095,0.4,0.6,0.0,0.8,1,arizona,1
17,88334-88335arizona,88334arizona,9.26,80.32,5.79,432,70.0,0.78,40044702671,0.0,0.0,1.0,0.0,1,arizona,0
18,88334-88335arizona,88334arizona,8.84,83.33,2.78,396,84.0,1.05,40044702671,0.0,0.0,1.0,0.0,1,arizona,0
19,88334-88335arizona,88334arizona,6.79,85.25,3.51,427,85.0,0.39,40044702671,0.0,0.0,1.0,0.0,1,arizona,0
21,88334-88335arizona,88334arizona,5.43,87.6,3.36,387,87.0,5.25,40044702671,0.2,0.8,0.0,0.9,1,arizona,1
17,79877-6347arizona,79877arizona,4.78,60.0,24.35,460,78.0,25.93,40035401733,0.0,0.0,1.0,0.0,1,arizona,0
18,79877-6347arizona,79877arizona,8.18,56.24,28.43,489,78.0,34.98,40035401733,0.0,0.0,1.0,0.0,1,arizona,0
19,79877-6347arizona,79877arizona,9.17,59.28,24.38,447,78.0,30.15,40035401733,0.0,0.0,1.0,0.0,1,arizona,0
21,79877-6347arizona,79877arizona,5.65,56.05,29.84,248,78.0,36.76,40035401733,0.4,0.6,0.0,0.8,1,arizona,1
17,79879-6348arizona,79879arizona,4.41,89.33,2.78,431,96.0,20.11,40035501734,0.0,0.0,1.0,0.0,1,arizona,0
18,79879-6348arizona,79879arizona,4.11,89.73,4.34,438,96.0,18.81,40035501734,0.0,0.0,1.0,0.0,1,arizona,0
19,79879-6348arizona,79879arizona,3.66,89.27,4.63,410,96.0,18.72,40035501734,0.0,0.0,1.0,0.0,1,arizona,0
21,79879-6348arizona,79879arizona,4.5,88.89,3.44,378,98.0,33.73,40035501734,0.3,0.7,0.0,0.85,1,arizona,1
17,4406-6055arizona,4406arizona,10.69,62.36,17.54,1254,78.0,5.2,40068000032,0.0,0.0,1.0,0.0,0,arizona,0
18,4406-6055arizona,4406arizona,11.44,60.7,17.74,1206,80.0,5.89,40068000032,0.0,0.0,1.0,0.0,0,arizona,0
19,4406-6055arizona,4406arizona,11.52,61.48,17.48,1293,80.0,6.76,40068000032,0.0,0.0,1.0,0.0,0,arizona,0
21,4406-6055arizona,4406arizona,10.87,60.72,16.75,1021,85.0,10.86,40068000032,0.7,0.3,0.0,0.65,0,arizona,1
17,4406-5808arizona,4406arizona,2.99,33.33,57.23,1473,25.0,1.5,40068000033,0.0,0.0,1.0,0.0,0,arizona,0
18,4406-5808arizona,4406arizona,2.56,34.85,55.43,1564,25.0,1.82,40068000033,0.0,0.0,1.0,0.0,0,arizona,0
19,4406-5808arizona,4406arizona,2.51,34.43,55.47,1554,24.0,1.21,40068000033,0.0,0.0,1.0,0.0,0,arizona,0
21,4406-5808arizona,4406arizona,2.32,29.82,57.32,1509,24.0,2.0,40068000033,0.7,0.3,0.0,0.65,0,arizona,1
17,4406-79378arizona,4406arizona,2.26,25.14,66.78,1770,15.0,0.74,40068002198,0.0,0.0,1.0,0.0,0,arizona,0
18,4406-79378arizona,4406arizona,2.79,26.35,64.46,1719,13.0,1.66,40068002198,0.0,0.0,1.0,0.0,0,arizona,0
19,4406-79378arizona,4406arizona,2.57,25.83,65.26,1831,11.0,1.21,40068002198,0.0,0.0,1.0,0.0,0,arizona,0
21,4406-79378arizona,4406arizona,1.51,24.54,66.64,1520,15.0,2.0,40068002198,0.7,0.3,0.0,0.65,0,arizona,1
17,4412-90822arizona,4412arizona,0.0,0.0,0.0,34,90.0,12.05,40395003222,0.0,0.0,1.0,0.0,0,arizona,0
18,4412-90822arizona,4412arizona,0.0,0.0,0.0,39,90.0,10.14,40395003222,0.0,0.0,1.0,0.0,0,arizona,0
19,4412-90822arizona,4412arizona,0.0,0.0,0.0,37,96.0,51.69,40395003222,0.0,0.0,1.0,0.0,0,arizona,0
21,4412-90822arizona,4412arizona,0.0,0.0,0.0,52,98.0,29.35,40395003222,0.0,1.0,0.0,1.0,0,arizona,1
17,4412-5847arizona,4412arizona,0.0,0.0,0.0,193,89.0,2.41,40395000310,0.0,0.0,1.0,0.0,0,arizona,0
18,4412-5847arizona,4412arizona,0.0,0.0,0.0,163,89.0,9.77,40395000310,0.0,0.0,1.0,0.0,0,arizona,0
19,4412-5847arizona,4412arizona,0.0,0.0,0.0,198,89.0,12.83,40395000310,0.0,0.0,1.0,0.0,0,arizona,0
21,4412-5847arizona,4412arizona,0.0,0.0,0.0,208,98.0,11.65,40395000310,0.0,1.0,0.0,1.0,0,arizona,1
17,4169-4754arizona,4169arizona,0.0,69.23,28.02,182,72.0,6.18,40118000063,0.0,0.0,1.0,0.0,0,arizona,0
18,4169-4754arizona,4169arizona,0.0,78.65,18.51,281,65.0,5.67,40118000063,0.0,0.0,1.0,0.0,0,arizona,0
19,4169-4754arizona,4169arizona,0.0,79.32,18.31,295,66.0,4.56,40118000063,0.0,0.0,1.0,0.0,0,arizona,0
21,4169-4754arizona,4169arizona,0.0,77.93,17.93,290,63.0,12.35,40118000063,0.6,0.4,0.0,0.7,0,arizona,1
17,4397-5648arizona,4397arizona,0.0,24.23,50.37,681,34.0,5.1,40658000561,0.0,0.0,1.0,0.0,0,arizona,0
18,4397-5648arizona,4397arizona,0.0,22.08,47.91,693,41.0,6.32,40658000561,0.0,0.0,1.0,0.0,0,arizona,0
19,4397-5648arizona,4397arizona,0.0,23.66,50.0,672,40.0,5.01,40658000561,0.0,0.0,1.0,0.0,0,arizona,0
21,4397-5648arizona,4397arizona,0.0,23.45,46.91,695,49.0,7.97,40658000561,0.8,0.2,0.0,0.6,0,arizona,1
17,4284-5424arizona,4284arizona,7.51,59.29,29.97,1518,69.0,0.48,40141000075,0.0,0.0,1.0,0.0,0,arizona,0
18,4284-5424arizona,4284arizona,8.22,59.87,28.28,1485,64.0,1.19,40141000075,0.0,0.0,1.0,0.0,0,arizona,0
19,4284-5424arizona,4284arizona,7.76,61.79,25.87,1573,60.0,1.11,40141000075,0.0,0.0,1.0,0.0,0,arizona,0
21,4284-5424arizona,4284arizona,5.93,64.23,24.27,1669,60.0,3.52,40141000075,0.8,0.2,0.0,0.6,0,arizona,1
17,4284-79376arizona,4284arizona,4.7,39.98,50.61,1063,33.0,1.49,40141002137,0.0,0.0,1.0,0.0,0,arizona,0
18,4284-79376arizona,4284arizona,4.13,40.34,51.22,1066,33.0,1.37,40141002137,0.0,0.0,1.0,0.0,0,arizona,0
19,4284-79376arizona,4284arizona,4.38,39.18,51.16,1118,33.0,0.49,40141002137,0.0,0.0,1.0,0.0,0,arizona,0
21,4284-79376arizona,4284arizona,3.81,39.71,49.48,1156,31.0,2.43,40141002137,0.8,0.2,0.0,0.6,0,arizona,1
17,4284-89573arizona,4284arizona,8.69,55.54,31.05,1462,62.0,0.87,40141002786,0.0,0.0,1.0,0.0,0,arizona,0
18,4284-89573arizona,4284arizona,7.73,58.21,28.8,1462,60.0,0.62,40141002786,0.0,0.0,1.0,0.0,0,arizona,0
19,4284-89573arizona,4284arizona,7.49,61.36,25.41,1602,60.0,0.47,40141002786,0.0,0.0,1.0,0.0,0,arizona,0
21,4284-89573arizona,4284arizona,7.09,63.75,22.06,1931,57.0,3.15,40141002786,0.8,0.2,0.0,0.6,0,arizona,1
17,90327-88289arizona,90327arizona,7.57,24.35,56.5,423,35.0,0.49,40080302667,0.0,0.0,1.0,0.0,1,arizona,0
18,90327-88289arizona,90327arizona,8.64,25.0,55.0,440,30.0,1.16,40080302667,0.0,0.0,1.0,0.0,1,arizona,0
19,90327-88289arizona,90327arizona,10.82,26.92,53.85,416,32.0,2.11,40080302667,0.0,0.0,1.0,0.0,1,arizona,0
21,90327-88289arizona,90327arizona,9.07,31.73,47.88,353,36.0,2.17,40080302667,0.8,0.2,0.0,0.6,1,arizona,1
17,80032-80033arizona,80032arizona,0.0,96.88,0.0,96,95.0,16.67,40038202331,0.0,0.0,1.0,0.0,1,arizona,0
18,80032-80033arizona,80032arizona,0.0,94.4,0.0,125,92.0,22.57,40038202331,0.0,0.0,1.0,0.0,1,arizona,0
19,80032-80033arizona,80032arizona,0.0,92.72,0.0,151,84.0,26.15,40038202331,0.0,0.0,1.0,0.0,1,arizona,0
21,80032-80033arizona,80032arizona,0.0,93.29,0.0,149,94.0,34.8,40038202331,0.2,0.8,0.0,0.9,1,arizona,1
17,4470-6100arizona,4470arizona,0.0,27.09,60.76,395,62.0,2.12,40160000087,0.0,0.0,1.0,0.0,0,arizona,0
18,4470-6100arizona,4470arizona,0.0,32.07,57.38,474,44.0,4.49,40160000087,0.0,0.0,1.0,0.0,0,arizona,0
19,4470-6100arizona,4470arizona,0.0,37.02,53.05,524,48.0,1.34,40160000087,0.0,0.0,1.0,0.0,0,arizona,0
21,4470-6100arizona,4470arizona,0.0,36.58,55.58,421,49.0,3.8,40160000087,1.0,0.0,0.0,0.5,0,arizona,1
17,4400-5652arizona,4400arizona,0.0,25.49,60.78,51,92.0,28.26,40007700943,0.0,0.0,1.0,0.0,1,arizona,0
18,4400-5652arizona,4400arizona,0.0,0.0,71.11,45,92.0,37.25,40007700943,0.0,0.0,1.0,0.0,1,arizona,0
19,4400-5652arizona,4400arizona,0.0,0.0,75.56,45,91.0,27.47,40007700943,0.0,0.0,1.0,0.0,1,arizona,0
21,4400-5652arizona,4400arizona,0.0,0.0,75.0,44,91.0,26.51,40007700943,1.0,0.0,0.0,0.5,1,arizona,1
17,4453-5948arizona,4453arizona,3.57,54.35,28.84,1737,60.0,5.74,40174000113,0.0,0.0,1.0,0.0,0,arizona,0
18,4453-5948arizona,4453arizona,3.77,55.01,26.3,1776,58.0,6.79,40174000113,0.0,0.0,1.0,0.0,0,arizona,0
19,4453-5948arizona,4453arizona,3.35,57.58,23.21,1853,52.0,4.58,40174000113,0.0,0.0,1.0,0.0,0,arizona,0
21,4453-5948arizona,4453arizona,3.29,59.91,20.38,1973,52.0,8.17,40174000113,0.44,0.56,0.0,0.78,0,arizona,1
17,4453-90084arizona,4453arizona,3.73,66.83,21.76,1797,67.0,6.37,40174002909,0.0,0.0,1.0,0.0,0,arizona,0
18,4453-90084arizona,4453arizona,3.34,66.58,22.01,1586,64.0,6.53,40174002909,0.0,0.0,1.0,0.0,0,arizona,0
19,4453-90084arizona,4453arizona,2.72,68.11,19.68,1728,61.0,3.87,40174002909,0.0,0.0,1.0,0.0,0,arizona,0
21,4453-90084arizona,4453arizona,2.15,69.13,17.53,1626,57.0,8.88,40174002909,0.5,0.5,0.0,0.75,0,arizona,1
17,4410-5839arizona,4410arizona,1.95,27.21,59.27,1694,13.0,0.94,40176000011,0.0,0.0,1.0,0.0,0,arizona,0
18,4410-5839arizona,4410arizona,1.7,26.78,59.07,1703,13.0,0.47,40176000011,0.0,0.0,1.0,0.0,0,arizona,0
19,4410-5839arizona,4410arizona,2.39,25.68,58.86,1760,13.0,0.91,40176000011,0.0,0.0,1.0,0.0,0,arizona,0
21,4410-5839arizona,4410arizona,2.78,25.79,58.09,1799,13.0,2.52,40176000011,0.7,0.3,0.0,0.65,0,arizona,1
17,4244-5137arizona,4244arizona,1.41,6.76,88.39,1775,6.0,0.83,40000101204,0.0,0.0,1.0,0.0,0,arizona,0
18,4244-5137arizona,4244arizona,1.48,7.59,87.8,1819,6.0,0.7,40000101204,0.0,0.0,1.0,0.0,0,arizona,0
19,4244-5137arizona,4244arizona,1.7,8.02,86.62,1883,6.0,0.58,40000101204,0.0,0.0,1.0,0.0,0,arizona,0
21,4244-5137arizona,4244arizona,0.94,11.49,82.15,1810,6.0,2.0,40000101204,1.0,0.0,0.0,0.5,0,arizona,1
17,4191-4801arizona,4191arizona,10.28,33.64,48.6,107,57.0,4.26,40001600476,0.0,0.0,1.0,0.0,1,arizona,0
18,4191-4801arizona,4191arizona,9.76,34.96,47.15,123,47.0,6.78,40001600476,0.0,0.0,1.0,0.0,1,arizona,0
19,4191-4801arizona,4191arizona,0.0,40.94,45.64,149,48.0,9.9,40001600476,0.0,0.0,1.0,0.0,1,arizona,0
21,4191-4801arizona,4191arizona,0.0,33.09,49.64,139,48.0,11.11,40001600476,0.2,0.8,0.0,0.9,1,arizona,1
17,4242-79633arizona,4242arizona,5.83,15.29,68.93,2642,12.0,1.36,40187002250,0.0,0.0,1.0,0.0,0,arizona,0
18,4242-79633arizona,4242arizona,5.86,15.62,67.64,2593,12.0,1.36,40187002250,0.0,0.0,1.0,0.0,0,arizona,0
19,4242-79633arizona,4242arizona,4.97,15.95,67.21,2476,9.0,1.04,40187002250,0.0,0.0,1.0,0.0,0,arizona,0
21,4242-79633arizona,4242arizona,3.87,16.57,65.44,2613,9.0,2.0,40187002250,0.8,0.2,0.0,0.6,0,arizona,1
17,4242-5127arizona,4242arizona,10.27,47.76,32.3,3241,41.0,2.61,40187000123,0.0,0.0,1.0,0.0,0,arizona,0
18,4242-5127arizona,4242arizona,9.78,49.41,31.38,3222,43.0,1.82,40187000123,0.0,0.0,1.0,0.0,0,arizona,0
19,4242-5127arizona,4242arizona,10.32,49.67,29.87,3294,43.0,1.86,40187000123,0.0,0.0,1.0,0.0,0,arizona,0
21,4242-5127arizona,4242arizona,10.38,50.3,27.88,3372,44.0,3.27,40187000123,0.8,0.2,0.0,0.6,0,arizona,1
17,4242-92892arizona,4242arizona,3.0,15.69,76.54,1765,13.0,1.45,40187003483,0.0,0.0,1.0,0.0,0,arizona,0
18,4242-92892arizona,4242arizona,3.27,14.78,76.59,2294,11.0,1.54,40187003483,0.0,0.0,1.0,0.0,0,arizona,0
19,4242-92892arizona,4242arizona,3.3,14.52,76.38,2913,10.0,1.76,40187003483,0.0,0.0,1.0,0.0,0,arizona,0
21,4242-92892arizona,4242arizona,2.85,16.6,73.04,3301,10.0,2.0,40187003483,0.8,0.2,0.0,0.6,0,arizona,1
17,4242-6015arizona,4242arizona,8.38,22.33,48.38,3900,19.0,2.06,40187001677,0.0,0.0,1.0,0.0,0,arizona,0
18,4242-6015arizona,4242arizona,8.1,22.22,48.03,3789,19.0,1.66,40187001677,0.0,0.0,1.0,0.0,0,arizona,0
19,4242-6015arizona,4242arizona,6.92,23.27,45.34,3919,17.0,2.67,40187001677,0.0,0.0,1.0,0.0,0,arizona,0
21,4242-6015arizona,4242arizona,6.9,22.59,44.54,4131,19.0,2.0,40187001677,0.8,0.2,0.0,0.6,0,arizona,1
17,4242-89613arizona,4242arizona,4.91,15.08,69.65,3542,10.0,1.05,40187002806,0.0,0.0,1.0,0.0,0,arizona,0
18,4242-89613arizona,4242arizona,4.66,15.09,69.11,3393,11.0,0.65,40187002806,0.0,0.0,1.0,0.0,0,arizona,0
19,4242-89613arizona,4242arizona,4.53,15.37,68.66,3558,9.0,0.68,40187002806,0.0,0.0,1.0,0.0,0,arizona,0
21,4242-89613arizona,4242arizona,3.87,17.3,66.33,3463,10.0,2.0,40187002806,0.8,0.2,0.0,0.6,0,arizona,1
17,4158-4737arizona,4158arizona,0.0,0.0,0.0,1042,92.0,14.32,40194000137,0.0,0.0,1.0,0.0,0,arizona,0
18,4158-4737arizona,4158arizona,0.0,0.0,0.0,1073,92.0,11.83,40194000137,0.0,0.0,1.0,0.0,0,arizona,0
19,4158-4737arizona,4158arizona,0.0,0.0,0.0,1009,92.0,8.54,40194000137,0.0,0.0,1.0,0.0,0,arizona,0
21,4158-4737arizona,4158arizona,0.0,0.0,0.0,880,92.0,8.27,40194000137,0.0,1.0,0.0,1.0,0,arizona,1
17,4474-6110arizona,4474arizona,0.0,30.27,65.14,697,47.0,2.12,40000301458,0.0,0.0,1.0,0.0,0,arizona,0
18,4474-6110arizona,4474arizona,0.0,30.28,65.56,601,48.0,2.01,40000301458,0.0,0.0,1.0,0.0,0,arizona,0
19,4474-6110arizona,4474arizona,0.0,30.62,64.14,725,47.0,1.56,40000301458,0.0,0.0,1.0,0.0,0,arizona,0
21,4474-6110arizona,4474arizona,0.0,31.94,63.33,720,44.0,3.5,40000301458,0.9,0.1,0.0,0.55,0,arizona,1
17,4370-5567arizona,4370arizona,0.0,0.0,96.6,235,86.0,3.1,40002101276,0.0,0.0,1.0,0.0,0,arizona,0
18,4370-5567arizona,4370arizona,0.0,0.0,96.09,230,89.0,6.15,40002101276,0.0,0.0,1.0,0.0,0,arizona,0
19,4370-5567arizona,4370arizona,0.0,0.0,96.02,251,86.0,6.23,40002101276,0.0,0.0,1.0,0.0,0,arizona,0
21,4370-5567arizona,4370arizona,0.0,0.0,95.79,261,82.0,10.46,40002101276,0.0,0.0,1.0,0.0,0,arizona,1
17,4381-5592arizona,4381arizona,1.44,44.97,48.35,1183,56.0,1.87,40008201457,0.0,0.0,1.0,0.0,0,arizona,0
18,4381-5592arizona,4381arizona,2.08,45.05,48.0,1152,53.0,1.94,40008201457,0.0,0.0,1.0,0.0,0,arizona,0
19,4381-5592arizona,4381arizona,1.18,45.61,49.49,1184,46.0,2.89,40008201457,0.0,0.0,1.0,0.0,0,arizona,0
21,4381-5592arizona,4381arizona,0.0,43.3,49.27,1157,54.0,2.95,40008201457,0.8,0.2,0.0,0.6,0,arizona,1
17,4381-5593arizona,4381arizona,0.0,24.39,66.79,533,58.0,1.75,40008200006,0.0,0.0,1.0,0.0,0,arizona,0
18,4381-5593arizona,4381arizona,0.0,25.48,64.26,526,56.0,2.6,40008200006,0.0,0.0,1.0,0.0,0,arizona,0
19,4381-5593arizona,4381arizona,0.0,25.1,65.4,526,55.0,1.25,40008200006,0.0,0.0,1.0,0.0,0,arizona,0
21,4381-5593arizona,4381arizona,0.0,29.36,60.16,487,53.0,2.65,40008200006,0.8,0.2,0.0,0.6,0,arizona,1
17,4442-92608arizona,4442arizona,9.3,46.51,13.95,172,72.0,26.32,40232003449,0.0,0.0,1.0,0.0,0,arizona,0
18,4442-92608arizona,4442arizona,10.64,35.46,13.48,141,67.0,21.53,40232003449,0.0,0.0,1.0,0.0,0,arizona,0
19,4442-92608arizona,4442arizona,9.66,47.16,10.8,176,68.0,25.18,40232003449,0.0,0.0,1.0,0.0,0,arizona,0
21,4442-92608arizona,4442arizona,0.0,53.1,15.04,113,63.0,25.83,40232003449,0.5,0.5,0.0,0.75,0,arizona,1
17,4442-5916arizona,4442arizona,8.26,49.91,23.12,545,67.0,4.14,40232000158,0.0,0.0,1.0,0.0,0,arizona,0
18,4442-5916arizona,4442arizona,9.45,51.54,21.97,487,71.0,3.67,40232000158,0.0,0.0,1.0,0.0,0,arizona,0
19,4442-5916arizona,4442arizona,10.29,53.34,21.96,583,66.0,3.04,40232000158,0.0,0.0,1.0,0.0,0,arizona,0
21,4442-5916arizona,4442arizona,11.13,52.82,17.06,674,68.0,7.36,40232000158,0.5,0.5,0.0,0.75,0,arizona,1
17,79077-79099arizona,79077arizona,18.39,54.71,17.94,223,81.0,2.44,40040502053,0.0,0.0,1.0,0.0,1,arizona,0
18,79077-79099arizona,79077arizona,16.67,54.84,16.67,186,81.0,1.79,40040502053,0.0,0.0,1.0,0.0,1,arizona,0
19,79077-79099arizona,79077arizona,14.87,58.97,15.38,195,81.0,2.02,40040502053,0.0,0.0,1.0,0.0,1,arizona,0
21,79077-79099arizona,79077arizona,10.29,61.27,13.24,204,84.0,25.83,40040502053,1.0,0.0,0.0,0.5,1,arizona,1
17,4246-5162arizona,4246arizona,6.48,37.02,48.77,1745,51.0,2.28,40775001331,0.0,0.0,1.0,0.0,0,arizona,0
18,4246-5162arizona,4246arizona,7.52,36.25,47.92,1636,50.0,1.69,40775001331,0.0,0.0,1.0,0.0,0,arizona,0
19,4246-5162arizona,4246arizona,8.21,38.1,44.46,1680,49.0,1.52,40775001331,0.0,0.0,1.0,0.0,0,arizona,0
21,4246-5162arizona,4246arizona,7.45,41.06,39.96,1544,51.0,4.34,40775001331,0.7,0.3,0.0,0.65,0,arizona,1
17,4246-85850arizona,4246arizona,2.24,11.66,80.62,2539,14.0,1.53,40775002433,0.0,0.0,1.0,0.0,0,arizona,0
18,4246-85850arizona,4246arizona,2.13,11.85,79.61,2531,14.0,1.39,40775002433,0.0,0.0,1.0,0.0,0,arizona,0
19,4246-85850arizona,4246arizona,2.1,12.54,79.11,2576,15.0,0.94,40775002433,0.0,0.0,1.0,0.0,0,arizona,0
21,4246-85850arizona,4246arizona,1.69,13.08,78.45,2302,13.0,2.0,40775002433,0.7,0.3,0.0,0.65,0,arizona,1
17,4246-5161arizona,4246arizona,4.48,24.79,63.9,1698,39.0,1.94,40775001045,0.0,0.0,1.0,0.0,0,arizona,0
18,4246-5161arizona,4246arizona,4.96,26.19,61.41,1573,37.0,2.15,40775001045,0.0,0.0,1.0,0.0,0,arizona,0
19,4246-5161arizona,4246arizona,5.22,28.8,58.44,1646,36.0,2.3,40775001045,0.0,0.0,1.0,0.0,0,arizona,0
21,4246-5161arizona,4246arizona,5.94,29.96,55.62,1415,40.0,2.62,40775001045,0.7,0.3,0.0,0.65,0,arizona,1
17,4246-5163arizona,4246arizona,2.34,12.93,72.02,2305,13.0,0.87,40775000636,0.0,0.0,1.0,0.0,0,arizona,0
18,4246-5163arizona,4246arizona,2.16,13.31,71.32,2179,13.0,0.39,40775000636,0.0,0.0,1.0,0.0,0,arizona,0
19,4246-5163arizona,4246arizona,2.67,13.35,69.38,2322,12.0,0.27,40775000636,0.0,0.0,1.0,0.0,0,arizona,0
21,4246-5163arizona,4246arizona,2.31,13.86,67.99,2424,13.0,2.0,40775000636,0.7,0.3,0.0,0.65,0,arizona,1
17,4174-4773arizona,4174arizona,0.0,97.79,1.74,1268,83.0,3.2,40253000187,0.0,0.0,1.0,0.0,0,arizona,0
18,4174-4773arizona,4174arizona,0.0,98.05,1.47,1433,83.0,2.09,40253000187,0.0,0.0,1.0,0.0,0,arizona,0
19,4174-4773arizona,4174arizona,0.0,97.97,1.57,1525,84.0,4.18,40253000187,0.0,0.0,1.0,0.0,0,arizona,0
21,4174-4773arizona,4174arizona,0.0,98.2,1.39,1443,82.0,5.43,40253000187,0.3,0.7,0.0,0.85,0,arizona,1
17,4243-5133arizona,4243arizona,8.74,54.03,30.46,1625,67.0,2.04,40269000198,0.0,0.0,1.0,0.0,0,arizona,0
18,4243-5133arizona,4243arizona,9.81,55.36,28.68,1642,65.0,1.82,40269000198,0.0,0.0,1.0,0.0,0,arizona,0
19,4243-5133arizona,4243arizona,9.27,55.85,28.84,1640,63.0,1.98,40269000198,0.0,0.0,1.0,0.0,0,arizona,0
21,4243-5133arizona,4243arizona,7.94,58.34,27.05,1109,60.0,2.0,40269000198,0.8,0.2,0.0,0.6,0,arizona,1
17,4243-90134arizona,4243arizona,7.59,23.9,60.79,2109,25.0,0.55,40269002971,0.0,0.0,1.0,0.0,0,arizona,0
18,4243-90134arizona,4243arizona,7.11,24.36,60.69,2180,25.0,0.15,40269002971,0.0,0.0,1.0,0.0,0,arizona,0
19,4243-90134arizona,4243arizona,6.5,24.67,61.07,2217,24.0,0.38,40269002971,0.0,0.0,1.0,0.0,0,arizona,0
21,4243-90134arizona,4243arizona,3.88,24.28,62.75,1882,23.0,2.0,40269002971,0.8,0.2,0.0,0.6,0,arizona,1
17,4243-88417arizona,4243arizona,9.85,39.76,44.43,2568,46.0,1.15,40269002684,0.0,0.0,1.0,0.0,0,arizona,0
18,4243-88417arizona,4243arizona,9.14,41.67,42.13,2592,49.0,1.31,40269002684,0.0,0.0,1.0,0.0,0,arizona,0
19,4243-88417arizona,4243arizona,9.5,40.4,43.04,2621,47.0,0.73,40269002684,0.0,0.0,1.0,0.0,0,arizona,0
21,4243-88417arizona,4243arizona,8.21,45.47,38.07,1986,46.0,2.0,40269002684,0.8,0.2,0.0,0.6,0,arizona,1
17,4243-81113arizona,4243arizona,8.42,25.03,58.66,1674,32.0,0.65,40269003126,0.0,0.0,1.0,0.0,0,arizona,0
18,4243-81113arizona,4243arizona,8.0,26.13,58.59,1799,34.0,0.69,40269003126,0.0,0.0,1.0,0.0,0,arizona,0
19,4243-81113arizona,4243arizona,7.75,27.62,57.09,1897,34.0,1.33,40269003126,0.0,0.0,1.0,0.0,0,arizona,0
21,4243-81113arizona,4243arizona,5.19,30.86,54.72,1387,31.0,2.0,40269003126,0.8,0.2,0.0,0.6,0,arizona,1
17,4335-5507arizona,4335arizona,0.0,93.15,0.0,336,93.0,0.26,40005200752,0.0,0.0,1.0,0.0,1,arizona,0
18,4335-5507arizona,4335arizona,0.0,85.37,0.0,205,93.0,0.9,40005200752,0.0,0.0,1.0,0.0,1,arizona,0
19,4335-5507arizona,4335arizona,2.89,91.32,3.68,380,93.0,1.82,40005200752,0.0,0.0,1.0,0.0,1,arizona,0
21,4335-5507arizona,4335arizona,0.0,93.07,3.05,361,93.0,4.38,40005200752,0.6,0.3,0.1,0.6,1,arizona,1
17,4192-4820arizona,4192arizona,0.0,28.82,41.62,1360,38.0,6.43,40286000212,0.0,0.0,1.0,0.0,0,arizona,0
18,4192-4820arizona,4192arizona,0.0,27.79,41.17,1382,35.0,3.63,40286000212,0.0,0.0,1.0,0.0,0,arizona,0
19,4192-4820arizona,4192arizona,0.86,28.61,39.41,1398,33.0,2.46,40286000212,0.0,0.0,1.0,0.0,0,arizona,0
21,4192-4820arizona,4192arizona,0.82,32.51,34.3,1344,30.0,5.41,40286000212,0.2,0.8,0.0,0.9,0,arizona,1
17,4192-4819arizona,4192arizona,0.0,20.39,49.05,1476,25.0,1.66,40286000215,0.0,0.0,1.0,0.0,0,arizona,0
18,4192-4819arizona,4192arizona,0.0,19.24,51.24,1497,26.0,1.83,40286000215,0.0,0.0,1.0,0.0,0,arizona,0
19,4192-4819arizona,4192arizona,0.66,19.01,50.0,1662,24.0,1.17,40286000215,0.0,0.0,1.0,0.0,0,arizona,0
21,4192-4819arizona,4192arizona,0.76,20.66,48.57,1573,23.0,2.76,40286000215,0.2,0.8,0.0,0.9,0,arizona,1
17,4192-4803arizona,4192arizona,0.0,33.88,16.53,121,67.0,16.67,40286001158,0.0,0.0,1.0,0.0,0,arizona,0
18,4192-4803arizona,4192arizona,0.0,33.64,16.82,107,87.0,14.83,40286001158,0.0,0.0,1.0,0.0,0,arizona,0
19,4192-4803arizona,4192arizona,0.0,36.72,14.06,128,87.0,17.35,40286001158,0.0,0.0,1.0,0.0,0,arizona,0
21,4192-4803arizona,4192arizona,0.0,50.0,12.75,102,87.0,16.67,40286001158,0.2,0.8,0.0,0.9,0,arizona,1
17,4437-5897arizona,4437arizona,7.73,30.42,54.88,789,49.0,1.46,40292000228,0.0,0.0,1.0,0.0,0,arizona,0
18,4437-5897arizona,4437arizona,7.96,33.0,52.82,691,48.0,0.64,40292000228,0.0,0.0,1.0,0.0,0,arizona,0
19,4437-5897arizona,4437arizona,9.3,35.67,49.43,785,49.0,2.49,40292000228,0.0,0.0,1.0,0.0,0,arizona,0
21,4437-5897arizona,4437arizona,4.75,39.2,48.55,653,49.0,2.53,40292000228,0.7,0.3,0.0,0.65,0,arizona,1
17,4437-92280arizona,4437arizona,15.28,40.97,37.5,144,68.0,27.08,40292003389,0.0,0.0,1.0,0.0,0,arizona,0
18,4437-92280arizona,4437arizona,9.36,38.72,40.43,235,61.0,14.51,40292003389,0.0,0.0,1.0,0.0,0,arizona,0
19,4437-92280arizona,4437arizona,8.23,38.1,45.89,231,69.0,7.05,40292003389,0.0,0.0,1.0,0.0,0,arizona,0
21,4437-92280arizona,4437arizona,7.21,33.17,50.96,208,71.0,8.16,40292003389,0.7,0.3,0.0,0.65,0,arizona,1
17,4437-90309arizona,4437arizona,9.68,35.93,49.47,1684,49.0,1.44,40292002972,0.0,0.0,1.0,0.0,0,arizona,0
18,4437-90309arizona,4437arizona,9.16,36.48,48.64,1365,50.0,1.26,40292002972,0.0,0.0,1.0,0.0,0,arizona,0
19,4437-90309arizona,4437arizona,8.73,38.24,47.52,1454,50.0,1.72,40292002972,0.0,0.0,1.0,0.0,0,arizona,0
21,4437-90309arizona,4437arizona,7.06,38.8,45.34,1147,49.0,2.0,40292002972,0.7,0.3,0.0,0.65,0,arizona,1
17,4437-89907arizona,4437arizona,8.09,36.88,47.14,507,58.0,2.97,40292002896,0.0,0.0,1.0,0.0,0,arizona,0
18,4437-89907arizona,4437arizona,9.93,33.5,47.64,594,54.0,2.07,40292002896,0.0,0.0,1.0,0.0,0,arizona,0
19,4437-89907arizona,4437arizona,8.81,33.16,48.06,772,53.0,3.17,40292002896,0.0,0.0,1.0,0.0,0,arizona,0
21,4437-89907arizona,4437arizona,6.63,35.99,49.7,664,52.0,2.05,40292002896,0.7,0.3,0.0,0.65,0,arizona,1
17,4405-5791arizona,4405arizona,3.52,19.84,71.31,1593,66.0,1.31,40301000231,0.0,0.0,1.0,0.0,0,arizona,0
18,4405-5791arizona,4405arizona,2.24,64.82,28.53,1609,68.0,1.14,40301000231,0.0,0.0,1.0,0.0,0,arizona,0
19,4405-5791arizona,4405arizona,1.95,66.63,26.95,1744,64.0,1.09,40301000231,0.0,0.0,1.0,0.0,0,arizona,0
21,4405-5791arizona,4405arizona,1.18,71.07,22.53,1611,66.0,2.58,40301000231,0.6,0.4,0.0,0.7,0,arizona,1
17,4221-90064arizona,4221arizona,0.0,0.0,0.0,31,90.0,40.38,40320002946,0.0,0.0,1.0,0.0,0,arizona,0
18,4221-90064arizona,4221arizona,0.0,0.0,0.0,19,74.5,32.69,40320002946,0.0,0.0,1.0,0.0,0,arizona,0
19,4221-90064arizona,4221arizona,0.0,0.0,0.0,28,77.0,28.26,40320002946,0.0,0.0,1.0,0.0,0,arizona,0
21,4221-90064arizona,4221arizona,0.0,0.0,0.0,23,98.0,53.19,40320002946,0.6,0.4,0.0,0.7,0,arizona,1
17,4247-5167arizona,4247arizona,0.0,8.6,78.13,535,16.0,3.45,40304000038,0.0,0.0,1.0,0.0,0,arizona,0
18,4247-5167arizona,4247arizona,0.0,9.14,75.72,383,15.0,2.84,40304000038,0.0,0.0,1.0,0.0,0,arizona,0
19,4247-5167arizona,4247arizona,0.0,10.34,75.65,464,14.0,1.62,40304000038,0.0,0.0,1.0,0.0,0,arizona,0
21,4247-5167arizona,4247arizona,0.0,12.5,68.45,504,15.0,4.14,40304000038,0.6,0.0,0.4,0.3,0,arizona,1
17,4195-4828arizona,4195arizona,0.0,0.0,76.47,102,67.0,2.36,40308000242,0.0,0.0,1.0,0.0,0,arizona,0
18,4195-4828arizona,4195arizona,0.0,0.0,78.57,84,57.0,3.64,40308000242,0.0,0.0,1.0,0.0,0,arizona,0
19,4195-4828arizona,4195arizona,0.0,0.0,75.58,86,66.0,4.9,40308000242,0.0,0.0,1.0,0.0,0,arizona,0
21,4195-4828arizona,4195arizona,0.0,0.0,74.71,87,63.0,11.43,40308000242,1.0,0.0,0.0,0.5,0,arizona,1
17,4157-4728arizona,4157arizona,0.0,0.0,0.0,475,75.0,3.63,40329000252,0.0,0.0,1.0,0.0,0,arizona,0
18,4157-4728arizona,4157arizona,0.0,0.0,0.0,515,88.0,5.76,40329000252,0.0,0.0,1.0,0.0,0,arizona,0
19,4157-4728arizona,4157arizona,0.0,0.0,0.0,516,88.0,4.01,40329000252,0.0,0.0,1.0,0.0,0,arizona,0
21,4157-4728arizona,4157arizona,0.0,0.0,0.0,472,88.0,8.5,40329000252,0.0,1.0,0.0,1.0,0,arizona,1
17,4239-90124arizona,4239arizona,3.5,15.02,73.9,2031,13.0,1.06,40340002965,0.0,0.0,1.0,0.0,0,arizona,0
18,4239-90124arizona,4239arizona,3.95,13.97,74.72,1847,13.0,0.89,40340002965,0.0,0.0,1.0,0.0,0,arizona,0
19,4239-90124arizona,4239arizona,3.82,15.93,71.91,1965,14.0,0.79,40340002965,0.0,0.0,1.0,0.0,0,arizona,0
21,4239-90124arizona,4239arizona,2.41,18.46,70.62,1620,13.0,2.0,40340002965,0.9,0.1,0.0,0.55,0,arizona,1
17,4239-79823arizona,4239arizona,4.16,19.9,68.75,2714,24.0,1.64,40340002283,0.0,0.0,1.0,0.0,0,arizona,0
18,4239-79823arizona,4239arizona,4.55,21.64,66.02,2481,24.0,1.99,40340002283,0.0,0.0,1.0,0.0,0,arizona,0
19,4239-79823arizona,4239arizona,4.27,22.57,65.5,2649,23.0,2.31,40340002283,0.0,0.0,1.0,0.0,0,arizona,0
21,4239-79823arizona,4239arizona,2.72,24.46,63.93,2024,20.0,2.0,40340002283,0.9,0.1,0.0,0.55,0,arizona,1
17,4239-5039arizona,4239arizona,4.3,25.18,62.94,2256,27.0,1.67,40340000258,0.0,0.0,1.0,0.0,0,arizona,0
18,4239-5039arizona,4239arizona,3.55,27.04,61.33,1916,27.0,1.64,40340000258,0.0,0.0,1.0,0.0,0,arizona,0
19,4239-5039arizona,4239arizona,3.32,28.77,59.09,2051,29.0,1.67,40340000258,0.0,0.0,1.0,0.0,0,arizona,0
21,4239-5039arizona,4239arizona,2.88,27.66,60.72,1739,27.0,2.0,40340000258,0.9,0.1,0.0,0.55,0,arizona,1
17,4239-5040arizona,4239arizona,2.99,14.67,74.57,2945,17.0,1.13,40340000246,0.0,0.0,1.0,0.0,0,arizona,0
18,4239-5040arizona,4239arizona,2.96,15.1,74.08,2801,14.0,1.31,40340000246,0.0,0.0,1.0,0.0,0,arizona,0
19,4239-5040arizona,4239arizona,2.72,14.84,73.74,3012,14.0,0.87,40340000246,0.0,0.0,1.0,0.0,0,arizona,0
21,4239-5040arizona,4239arizona,1.34,15.63,74.74,2771,14.0,2.0,40340000246,0.9,0.1,0.0,0.55,0,arizona,1
17,4239-6007arizona,4239arizona,4.95,25.35,59.42,1779,30.0,1.82,40340001670,0.0,0.0,1.0,0.0,0,arizona,0
18,4239-6007arizona,4239arizona,5.29,28.25,55.96,1494,29.0,2.88,40340001670,0.0,0.0,1.0,0.0,0,arizona,0
19,4239-6007arizona,4239arizona,5.51,29.55,54.4,1489,33.0,1.88,40340001670,0.0,0.0,1.0,0.0,0,arizona,0
21,4239-6007arizona,4239arizona,3.85,32.17,52.24,1116,33.0,2.02,40340001670,0.9,0.1,0.0,0.55,0,arizona,1
17,4285-5429arizona,4285arizona,11.19,56.22,18.38,1197,75.0,1.82,40345000277,0.0,0.0,1.0,0.0,0,arizona,0
18,4285-5429arizona,4285arizona,11.42,57.54,19.09,1121,75.0,1.02,40345000277,0.0,0.0,1.0,0.0,0,arizona,0
19,4285-5429arizona,4285arizona,14.17,57.25,18.45,1214,75.0,0.48,40345000277,0.0,0.0,1.0,0.0,0,arizona,0
21,4285-5429arizona,4285arizona,16.41,58.97,12.01,1182,71.0,3.11,40345000277,0.1,0.7,0.2,0.75,0,arizona,1
17,4285-5426arizona,4285arizona,11.12,74.04,9.77,1853,77.0,0.88,40345000278,0.0,0.0,1.0,0.0,0,arizona,0
18,4285-5426arizona,4285arizona,11.11,73.55,10.6,1773,76.0,0.59,40345000278,0.0,0.0,1.0,0.0,0,arizona,0
19,4285-5426arizona,4285arizona,10.83,73.9,9.95,1709,79.0,0.44,40345000278,0.0,0.0,1.0,0.0,0,arizona,0
21,4285-5426arizona,4285arizona,9.63,74.88,8.82,1859,75.0,3.45,40345000278,0.1,0.7,0.2,0.75,0,arizona,1
17,4285-5434arizona,4285arizona,9.15,73.42,10.84,2141,69.0,1.37,40345000284,0.0,0.0,1.0,0.0,0,arizona,0
18,4285-5434arizona,4285arizona,8.02,76.51,9.86,1958,64.0,0.77,40345000284,0.0,0.0,1.0,0.0,0,arizona,0
19,4285-5434arizona,4285arizona,9.01,75.79,9.96,2119,67.0,0.96,40345000284,0.0,0.0,1.0,0.0,0,arizona,0
21,4285-5434arizona,4285arizona,7.22,79.03,7.41,2079,64.0,2.0,40345000284,0.0,0.8,0.2,0.8,0,arizona,1
17,4285-5430arizona,4285arizona,8.74,43.5,39.23,1499,58.0,0.48,40345000280,0.0,0.0,1.0,0.0,0,arizona,0
18,4285-5430arizona,4285arizona,8.32,46.33,36.41,1431,53.0,0.36,40345000280,0.0,0.0,1.0,0.0,0,arizona,0
19,4285-5430arizona,4285arizona,6.86,48.19,35.69,1384,53.0,0.46,40345000280,0.0,0.0,1.0,0.0,0,arizona,0
21,4285-5430arizona,4285arizona,7.76,51.27,30.68,1418,51.0,2.0,40345000280,0.1,0.7,0.2,0.75,0,arizona,1
17,4285-5427arizona,4285arizona,4.73,48.89,41.1,2029,48.0,0.65,40345000281,0.0,0.0,1.0,0.0,0,arizona,0
18,4285-5427arizona,4285arizona,4.94,49.42,41.29,2066,47.0,1.03,40345000281,0.0,0.0,1.0,0.0,0,arizona,0
19,4285-5427arizona,4285arizona,4.39,49.49,42.44,2142,47.0,1.01,40345000281,0.0,0.0,1.0,0.0,0,arizona,0
21,4285-5427arizona,4285arizona,4.26,50.96,37.34,2231,47.0,2.0,40345000281,0.1,0.7,0.2,0.75,0,arizona,1
17,4285-5432arizona,4285arizona,6.86,38.43,48.17,1530,46.0,0.78,40345000282,0.0,0.0,1.0,0.0,0,arizona,0
18,4285-5432arizona,4285arizona,6.98,39.36,45.87,1489,46.0,0.42,40345000282,0.0,0.0,1.0,0.0,0,arizona,0
19,4285-5432arizona,4285arizona,7.3,41.52,44.68,1616,47.0,0.59,40345000282,0.0,0.0,1.0,0.0,0,arizona,0
21,4285-5432arizona,4285arizona,6.87,43.74,39.82,1630,47.0,2.0,40345000282,0.1,0.7,0.2,0.75,0,arizona,1
17,4285-5428arizona,4285arizona,12.43,61.77,14.17,1729,71.0,1.11,40345000283,0.0,0.0,1.0,0.0,0,arizona,0
18,4285-5428arizona,4285arizona,11.47,64.12,13.54,1639,72.0,0.72,40345000283,0.0,0.0,1.0,0.0,0,arizona,0
19,4285-5428arizona,4285arizona,11.26,64.83,12.42,1723,69.0,1.07,40345000283,0.0,0.0,1.0,0.0,0,arizona,0
21,4285-5428arizona,4285arizona,10.29,65.52,10.51,1807,72.0,2.0,40345000283,0.1,0.7,0.2,0.75,0,arizona,1
17,4208-4855arizona,4208arizona,0.0,29.17,33.71,528,65.0,4.88,40350000287,0.0,0.0,1.0,0.0,0,arizona,0
18,4208-4855arizona,4208arizona,0.0,30.48,34.86,479,43.0,6.04,40350000287,0.0,0.0,1.0,0.0,0,arizona,0
19,4208-4855arizona,4208arizona,0.0,27.5,37.3,571,48.0,4.19,40350000287,0.0,0.0,1.0,0.0,0,arizona,0
21,4208-4855arizona,4208arizona,0.0,27.38,35.53,515,45.0,5.71,40350000287,0.8,0.2,0.0,0.6,0,arizona,1
17,4248-79374arizona,4248arizona,5.13,20.2,65.47,1639,14.0,0.81,40378002119,0.0,0.0,1.0,0.0,0,arizona,0
18,4248-79374arizona,4248arizona,4.74,19.4,67.43,1624,14.0,0.59,40378002119,0.0,0.0,1.0,0.0,0,arizona,0
19,4248-79374arizona,4248arizona,3.55,19.26,68.53,1802,13.0,0.32,40378002119,0.0,0.0,1.0,0.0,0,arizona,0
21,4248-79374arizona,4248arizona,3.04,19.48,67.42,2069,13.0,2.0,40378002119,0.9,0.1,0.0,0.55,0,arizona,1
17,4248-89581arizona,4248arizona,5.55,21.77,62.12,1856,17.0,1.28,40378002835,0.0,0.0,1.0,0.0,0,arizona,0
18,4248-89581arizona,4248arizona,5.19,21.15,63.34,1754,18.0,0.89,40378002835,0.0,0.0,1.0,0.0,0,arizona,0
19,4248-89581arizona,4248arizona,6.0,21.19,62.27,1850,19.0,0.84,40378002835,0.0,0.0,1.0,0.0,0,arizona,0
21,4248-89581arizona,4248arizona,6.77,20.32,59.06,1949,17.0,2.0,40378002835,0.9,0.1,0.0,0.55,0,arizona,1
17,4389-5610arizona,4389arizona,0.0,11.49,15.74,705,68.0,3.54,40382000298,0.0,0.0,1.0,0.0,0,arizona,0
18,4389-5610arizona,4389arizona,0.0,10.24,16.36,654,68.0,3.54,40382000298,0.0,0.0,1.0,0.0,0,arizona,0
19,4389-5610arizona,4389arizona,0.0,10.06,16.41,646,68.0,4.9,40382000298,0.0,0.0,1.0,0.0,0,arizona,0
21,4389-5610arizona,4389arizona,0.0,15.56,10.48,630,63.0,10.72,40382000298,0.9,0.1,0.0,0.55,0,arizona,1
17,4469-6097arizona,4469arizona,0.0,32.45,60.47,1581,51.0,3.1,40387000306,0.0,0.0,1.0,0.0,0,arizona,0
18,4469-6097arizona,4469arizona,1.18,33.59,59.15,1530,50.0,3.63,40387000306,0.0,0.0,1.0,0.0,0,arizona,0
19,4469-6097arizona,4469arizona,0.82,34.07,59.05,1585,47.0,4.93,40387000306,0.0,0.0,1.0,0.0,0,arizona,0
21,4469-6097arizona,4469arizona,0.0,37.31,55.58,1533,47.0,6.81,40387000306,0.4,0.4,0.2,0.6,0,arizona,1
17,90034-90035arizona,90034arizona,5.62,52.23,26.28,605,60.0,0.33,40076902956,0.0,0.0,1.0,0.0,1,arizona,0
18,90034-90035arizona,90034arizona,5.95,49.9,23.0,487,73.0,2.52,40076902956,0.0,0.0,1.0,0.0,1,arizona,0
19,90034-90035arizona,90034arizona,5.91,50.51,19.93,592,70.0,1.25,40076902956,0.0,0.0,1.0,0.0,1,arizona,0
21,90034-90035arizona,90034arizona,7.1,53.27,17.2,535,70.0,7.69,40076902956,0.5,0.5,0.0,0.75,1,arizona,1
17,89788-89789arizona,89788arizona,6.75,32.8,56.27,311,52.0,2.58,40078302932,0.0,0.0,1.0,0.0,1,arizona,0
18,89788-89789arizona,89788arizona,6.85,32.33,54.79,365,56.0,0.85,40078302932,0.0,0.0,1.0,0.0,1,arizona,0
19,89788-89789arizona,89788arizona,5.4,30.33,59.13,389,47.0,2.14,40078302932,0.0,0.0,1.0,0.0,1,arizona,0
21,89788-89789arizona,89788arizona,0.0,39.01,52.47,364,49.0,9.09,40078302932,0.6,0.4,0.0,0.7,1,arizona,1
17,4445-89859arizona,4445arizona,4.46,31.77,58.47,1322,39.0,1.15,40399002895,0.0,0.0,1.0,0.0,0,arizona,0
18,4445-89859arizona,4445arizona,3.88,29.22,59.59,1314,39.0,1.75,40399002895,0.0,0.0,1.0,0.0,0,arizona,0
19,4445-89859arizona,4445arizona,3.76,30.43,58.88,1357,35.0,1.47,40399002895,0.0,0.0,1.0,0.0,0,arizona,0
21,4445-89859arizona,4445arizona,3.4,33.69,56.55,1413,36.0,4.96,40399002895,0.9,0.1,0.0,0.55,0,arizona,1
17,4342-92246arizona,4342arizona,8.76,79.68,8.37,251,84.0,8.04,40014903386,0.0,0.0,1.0,0.0,1,arizona,0
18,4342-92246arizona,4342arizona,7.3,78.73,9.84,315,92.0,3.61,40014903386,0.0,0.0,1.0,0.0,1,arizona,0
19,4342-92246arizona,4342arizona,9.07,79.04,8.5,353,90.0,1.55,40014903386,0.0,0.0,1.0,0.0,1,arizona,0
21,4342-92246arizona,4342arizona,7.92,80.62,4.79,480,90.0,2.59,40014903386,0.4,0.6,0.0,0.8,1,arizona,1
17,4342-78899arizona,4342arizona,17.61,59.75,16.35,159,62.0,22.9,40014901897,0.0,0.0,1.0,0.0,1,arizona,0
18,4342-78899arizona,4342arizona,16.67,61.11,13.49,126,57.0,22.98,40014901897,0.0,0.0,1.0,0.0,1,arizona,0
19,4342-78899arizona,4342arizona,16.76,59.46,14.59,185,60.0,23.2,40014901897,0.0,0.0,1.0,0.0,1,arizona,0
21,4342-78899arizona,4342arizona,17.54,50.0,19.3,114,42.0,27.38,40014901897,0.3,0.7,0.0,0.85,1,arizona,1
17,79882-10748arizona,79882arizona,15.23,62.16,15.23,407,86.0,20.87,40038901737,0.0,0.0,1.0,0.0,1,arizona,0
18,79882-10748arizona,79882arizona,15.62,62.47,15.38,429,86.0,24.15,40038901737,0.0,0.0,1.0,0.0,1,arizona,0
19,79882-10748arizona,79882arizona,16.59,62.32,13.98,422,95.0,20.87,40038901737,0.0,0.0,1.0,0.0,1,arizona,0
21,79882-10748arizona,79882arizona,15.32,65.47,9.61,333,95.0,30.54,40038901737,0.5,0.5,0.0,0.75,1,arizona,1
17,90548-91158arizona,90548arizona,0.0,49.1,40.12,334,39.0,6.83,40082303296,0.0,0.0,1.0,0.0,1,arizona,0
18,90548-91158arizona,90548arizona,3.7,52.86,35.02,297,56.0,2.45,40082303296,0.0,0.0,1.0,0.0,1,arizona,0
19,90548-91158arizona,90548arizona,3.51,50.58,36.26,342,58.0,1.86,40082303296,0.0,0.0,1.0,0.0,1,arizona,0
21,90548-91158arizona,90548arizona,0.0,44.68,42.55,423,79.0,4.08,40082303296,0.6,0.4,0.0,0.7,1,arizona,1
17,79880-6350arizona,79880arizona,11.88,66.25,21.25,160,52.0,19.46,40038801736,0.0,0.0,1.0,0.0,1,arizona,0
18,79880-6350arizona,79880arizona,12.96,61.11,23.46,162,72.0,26.43,40038801736,0.0,0.0,1.0,0.0,1,arizona,0
19,79880-6350arizona,79880arizona,11.41,54.35,28.26,184,41.0,15.25,40038801736,0.0,0.0,1.0,0.0,1,arizona,0
21,79880-6350arizona,79880arizona,0.0,50.66,31.58,152,60.0,23.67,40038801736,0.3,0.7,0.0,0.85,1,arizona,1
17,79876-10749arizona,79876arizona,7.95,79.51,6.42,327,83.0,28.03,40038601894,0.0,0.0,1.0,0.0,1,arizona,0
18,79876-10749arizona,79876arizona,10.59,78.5,5.92,321,83.0,29.21,40038601894,0.0,0.0,1.0,0.0,1,arizona,0
19,79876-10749arizona,79876arizona,11.78,79.12,5.39,297,83.0,25.88,40038601894,0.0,0.0,1.0,0.0,1,arizona,0
21,79876-10749arizona,79876arizona,13.86,76.73,5.45,202,83.0,31.85,40038601894,0.22,0.78,0.0,0.89,1,arizona,1
17,79878-6349arizona,79878arizona,0.0,77.36,0.0,53,95.0,25.19,40038701735,0.0,0.0,1.0,0.0,1,arizona,0
18,79878-6349arizona,79878arizona,0.0,80.6,0.0,67,95.0,33.33,40038701735,0.0,0.0,1.0,0.0,1,arizona,0
19,79878-6349arizona,79878arizona,0.0,77.78,0.0,63,98.0,24.39,40038701735,0.0,0.0,1.0,0.0,1,arizona,0
21,79878-6349arizona,79878arizona,0.0,76.92,0.0,52,98.0,30.58,40038701735,0.3,0.7,0.0,0.85,1,arizona,1
17,4396-5644arizona,4396arizona,0.0,0.0,0.0,595,80.0,5.96,40406000324,0.0,0.0,1.0,0.0,0,arizona,0
18,4396-5644arizona,4396arizona,0.0,0.0,0.0,582,80.0,6.09,40406000324,0.0,0.0,1.0,0.0,0,arizona,0
19,4396-5644arizona,4396arizona,0.0,1.65,0.0,665,80.0,6.45,40406000324,0.0,0.0,1.0,0.0,0,arizona,0
21,4396-5644arizona,4396arizona,0.0,2.48,0.0,645,72.0,10.48,40406000324,0.0,1.0,0.0,1.0,0,arizona,1
17,79598-5595arizona,79598arizona,0.0,20.3,69.71,941,62.0,10.08,40029500881,0.0,0.0,1.0,0.0,0,arizona,0
18,79598-5595arizona,79598arizona,0.0,22.48,64.32,894,68.0,9.62,40029500881,0.0,0.0,1.0,0.0,0,arizona,0
19,79598-5595arizona,79598arizona,0.0,23.2,61.49,901,65.0,8.78,40029500881,0.0,0.0,1.0,0.0,0,arizona,0
21,79598-5595arizona,79598arizona,1.55,23.38,58.55,1035,58.0,12.24,40029500881,0.9,0.1,0.0,0.55,0,arizona,1
17,79598-91772arizona,79598arizona,1.06,19.92,73.02,1034,45.0,5.07,40029503325,0.0,0.0,1.0,0.0,0,arizona,0
18,79598-91772arizona,79598arizona,0.0,18.54,71.28,1041,47.0,3.62,40029503325,0.0,0.0,1.0,0.0,0,arizona,0
19,79598-91772arizona,79598arizona,1.04,17.98,72.98,1151,45.0,4.53,40029503325,0.0,0.0,1.0,0.0,0,arizona,0
21,79598-91772arizona,79598arizona,0.0,21.99,68.44,1055,43.0,7.39,40029503325,0.9,0.1,0.0,0.55,0,arizona,1
17,4368-5565arizona,4368arizona,1.47,23.09,71.13,1763,42.0,3.87,40428000433,0.0,0.0,1.0,0.0,0,arizona,0
18,4368-5565arizona,4368arizona,1.49,25.34,68.69,1677,43.0,3.04,40428000433,0.0,0.0,1.0,0.0,0,arizona,0
19,4368-5565arizona,4368arizona,1.36,26.56,67.99,1762,41.0,3.68,40428000433,0.0,0.0,1.0,0.0,0,arizona,0
21,4368-5565arizona,4368arizona,0.82,27.01,65.18,1703,42.0,7.47,40428000433,0.8,0.2,0.0,0.6,0,arizona,1
17,4374-85821arizona,4374arizona,0.0,60.77,36.46,181,72.0,6.83,40441002418,0.0,0.0,1.0,0.0,0,arizona,0
18,4374-85821arizona,4374arizona,0.0,63.73,34.2,193,61.0,3.52,40441002418,0.0,0.0,1.0,0.0,0,arizona,0
19,4374-85821arizona,4374arizona,0.0,61.8,36.52,178,56.0,0.48,40441002418,0.0,0.0,1.0,0.0,0,arizona,0
21,4374-85821arizona,4374arizona,0.0,63.82,32.89,152,59.0,6.42,40441002418,0.6,0.4,0.0,0.7,0,arizona,1
17,4439-5904arizona,4439arizona,0.0,71.82,25.45,220,74.0,5.19,40457000366,0.0,0.0,1.0,0.0,0,arizona,0
18,4439-5904arizona,4439arizona,0.0,74.32,21.62,222,73.0,8.8,40457000366,0.0,0.0,1.0,0.0,0,arizona,0
19,4439-5904arizona,4439arizona,0.0,71.03,25.23,214,70.0,3.2,40457000366,0.0,0.0,1.0,0.0,0,arizona,0
21,4439-5904arizona,4439arizona,0.0,75.53,19.15,188,77.0,7.39,40457000366,0.0,1.0,0.0,1.0,0,arizona,1
17,4404-5781arizona,4404arizona,1.87,34.36,56.75,2037,41.0,2.83,40463000370,0.0,0.0,1.0,0.0,0,arizona,0
18,4404-5781arizona,4404arizona,1.93,33.94,56.72,2077,42.0,2.71,40463000370,0.0,0.0,1.0,0.0,0,arizona,0
19,4404-5781arizona,4404arizona,2.07,35.17,55.14,2178,38.0,3.55,40463000370,0.0,0.0,1.0,0.0,0,arizona,0
21,4404-5781arizona,4404arizona,2.02,35.05,54.39,2177,39.0,3.31,40463000370,0.7,0.3,0.0,0.65,0,arizona,1
17,4404-5782arizona,4404arizona,3.75,37.73,51.98,1895,33.0,1.66,40463001372,0.0,0.0,1.0,0.0,0,arizona,0
18,4404-5782arizona,4404arizona,3.87,37.64,51.9,1549,32.0,1.43,40463001372,0.0,0.0,1.0,0.0,0,arizona,0
19,4404-5782arizona,4404arizona,3.49,39.05,50.42,1803,30.0,1.32,40463001372,0.0,0.0,1.0,0.0,0,arizona,0
21,4404-5782arizona,4404arizona,1.91,42.3,47.54,1830,31.0,2.0,40463001372,0.7,0.3,0.0,0.65,0,arizona,1
17,4441-5910arizona,4441arizona,10.83,51.25,28.95,2086,45.0,4.51,40472000372,0.0,0.0,1.0,0.0,0,arizona,0
18,4441-5910arizona,4441arizona,11.62,33.66,39.64,2056,44.0,6.75,40472000372,0.0,0.0,1.0,0.0,0,arizona,0
19,4441-5910arizona,4441arizona,12.24,35.24,40.31,2287,46.0,5.06,40472000372,0.0,0.0,1.0,0.0,0,arizona,0
21,4441-5910arizona,4441arizona,12.67,39.29,34.06,2604,46.0,6.65,40472000372,0.6,0.4,0.0,0.7,0,arizona,1
17,4435-6067arizona,4435arizona,0.0,82.35,12.94,85,72.0,28.83,40274001625,0.0,0.0,1.0,0.0,0,arizona,0
18,4435-6067arizona,4435arizona,0.0,80.0,14.12,85,72.0,16.67,40274001625,0.0,0.0,1.0,0.0,0,arizona,0
19,4435-6067arizona,4435arizona,0.0,82.98,11.7,94,74.0,13.33,40274001625,0.0,0.0,1.0,0.0,0,arizona,0
21,4435-6067arizona,4435arizona,0.0,83.82,0.0,68,74.0,25.21,40274001625,0.4,0.3,0.3,0.5,0,arizona,1
17,4235-4983arizona,4235arizona,7.27,48.63,34.8,2517,59.0,3.56,40497001132,0.0,0.0,1.0,0.0,0,arizona,0
18,4235-4983arizona,4235arizona,7.58,48.45,33.97,2361,59.0,3.91,40497001132,0.0,0.0,1.0,0.0,0,arizona,0
19,4235-4983arizona,4235arizona,6.83,49.76,34.12,2327,57.0,3.71,40497001132,0.0,0.0,1.0,0.0,0,arizona,0
21,4235-4983arizona,4235arizona,6.09,52.87,29.15,2281,57.0,6.85,40497001132,0.8,0.2,0.0,0.6,0,arizona,1
17,4235-78932arizona,4235arizona,7.14,75.0,11.69,308,72.0,22.11,40497001831,0.0,0.0,1.0,0.0,0,arizona,0
18,4235-78932arizona,4235arizona,0.0,80.0,11.29,310,68.0,26.49,40497001831,0.0,0.0,1.0,0.0,0,arizona,0
19,4235-78932arizona,4235arizona,4.89,73.37,15.22,368,60.0,32.3,40497001831,0.0,0.0,1.0,0.0,0,arizona,0
21,4235-78932arizona,4235arizona,0.0,76.34,8.4,131,64.0,25.67,40497001831,0.9,0.1,0.0,0.55,0,arizona,1
17,4235-4980arizona,4235arizona,3.62,63.08,27.92,3535,67.0,4.56,40497000404,0.0,0.0,1.0,0.0,0,arizona,0
18,4235-4980arizona,4235arizona,4.02,64.05,26.13,3505,65.0,3.78,40497000404,0.0,0.0,1.0,0.0,0,arizona,0
19,4235-4980arizona,4235arizona,4.49,64.45,26.29,3477,62.0,3.14,40497000404,0.0,0.0,1.0,0.0,0,arizona,0
21,4235-4980arizona,4235arizona,3.79,67.42,23.45,3459,64.0,7.27,40497000404,0.8,0.2,0.0,0.6,0,arizona,1
17,4235-4982arizona,4235arizona,2.38,25.18,64.62,3276,34.0,1.92,40497000406,0.0,0.0,1.0,0.0,0,arizona,0
18,4235-4982arizona,4235arizona,2.15,27.17,62.91,3257,34.0,1.59,40497000406,0.0,0.0,1.0,0.0,0,arizona,0
19,4235-4982arizona,4235arizona,2.65,26.44,62.7,3204,33.0,2.04,40497000406,0.0,0.0,1.0,0.0,0,arizona,0
21,4235-4982arizona,4235arizona,2.66,28.56,58.71,3267,33.0,3.5,40497000406,0.8,0.2,0.0,0.6,0,arizona,1
17,4235-4984arizona,4235arizona,3.42,21.89,68.61,3335,31.0,1.55,40497001411,0.0,0.0,1.0,0.0,0,arizona,0
18,4235-4984arizona,4235arizona,3.77,22.8,66.47,3373,30.0,1.56,40497001411,0.0,0.0,1.0,0.0,0,arizona,0
19,4235-4984arizona,4235arizona,3.66,22.61,66.68,3361,29.0,1.19,40497001411,0.0,0.0,1.0,0.0,0,arizona,0
21,4235-4984arizona,4235arizona,3.06,24.33,64.1,3337,31.0,2.38,40497001411,0.8,0.2,0.0,0.6,0,arizona,1
17,4235-78917arizona,4235arizona,4.24,37.59,52.18,2570,55.0,3.82,40497001830,0.0,0.0,1.0,0.0,0,arizona,0
18,4235-78917arizona,4235arizona,4.28,39.02,51.1,2499,55.0,2.81,40497001830,0.0,0.0,1.0,0.0,0,arizona,0
19,4235-78917arizona,4235arizona,3.87,41.67,48.31,2455,52.0,3.16,40497001830,0.0,0.0,1.0,0.0,0,arizona,0
21,4235-78917arizona,4235arizona,4.19,44.62,44.03,2387,53.0,5.19,40497001830,0.9,0.1,0.0,0.55,0,arizona,1
17,4235-4981arizona,4235arizona,5.98,53.21,26.26,3225,72.0,4.05,40497000419,0.0,0.0,1.0,0.0,0,arizona,0
18,4235-4981arizona,4235arizona,6.03,53.81,25.26,3282,70.0,3.91,40497000419,0.0,0.0,1.0,0.0,0,arizona,0
19,4235-4981arizona,4235arizona,6.98,54.98,23.06,3396,68.0,4.13,40497000419,0.0,0.0,1.0,0.0,0,arizona,0
21,4235-4981arizona,4235arizona,5.86,56.95,20.56,3347,65.0,8.81,40497000419,0.8,0.2,0.0,0.6,0,arizona,1
17,4211-4869arizona,4211arizona,0.0,48.6,45.42,535,59.0,3.51,40503001077,0.0,0.0,1.0,0.0,0,arizona,0
18,4211-4869arizona,4211arizona,0.0,50.34,41.83,447,57.0,3.12,40503001077,0.0,0.0,1.0,0.0,0,arizona,0
19,4211-4869arizona,4211arizona,0.0,53.41,40.91,440,54.0,2.08,40503001077,0.0,0.0,1.0,0.0,0,arizona,0
21,4211-4869arizona,4211arizona,0.0,55.42,34.71,507,47.0,3.6,40503001077,0.4,0.4,0.2,0.6,0,arizona,1
17,4488-6127arizona,4488arizona,0.0,37.18,56.3,1135,72.0,6.85,40507000430,0.0,0.0,1.0,0.0,0,arizona,0
18,4488-6127arizona,4488arizona,0.0,37.49,56.32,1163,70.0,4.93,40507000430,0.0,0.0,1.0,0.0,0,arizona,0
19,4488-6127arizona,4488arizona,0.0,37.83,54.96,1261,65.0,6.25,40507000430,0.0,0.0,1.0,0.0,0,arizona,0
21,4488-6127arizona,4488arizona,0.0,36.61,52.91,1221,70.0,5.56,40507000430,0.5,0.5,0.0,0.75,0,arizona,1
17,4457-5962arizona,4457arizona,0.0,98.32,0.93,1724,69.0,0.93,40553000455,0.0,0.0,1.0,0.0,0,arizona,0
18,4457-5962arizona,4457arizona,0.0,98.24,0.83,1815,69.0,0.7,40553000455,0.0,0.0,1.0,0.0,0,arizona,0
19,4457-5962arizona,4457arizona,0.0,98.43,0.62,1787,69.0,0.46,40553000455,0.0,0.0,1.0,0.0,0,arizona,0
21,4457-5962arizona,4457arizona,0.0,94.95,4.15,1783,69.0,2.81,40553000455,0.3,0.7,0.0,0.85,0,arizona,1
17,4457-5961arizona,4457arizona,0.0,0.0,0.0,123,87.0,10.0,40553001552,0.0,0.0,1.0,0.0,0,arizona,0
18,4457-5961arizona,4457arizona,0.0,100.0,0.0,121,87.0,6.6,40553001552,0.0,0.0,1.0,0.0,0,arizona,0
19,4457-5961arizona,4457arizona,0.0,100.0,0.0,114,86.0,7.18,40553001552,0.0,0.0,1.0,0.0,0,arizona,0
21,4457-5961arizona,4457arizona,0.0,98.97,0.0,97,86.0,7.1,40553001552,0.3,0.7,0.0,0.85,0,arizona,1
17,79881-79899arizona,79881arizona,0.0,84.74,9.24,249,96.0,14.75,40035602287,0.0,0.0,1.0,0.0,1,arizona,0
18,79881-79899arizona,79881arizona,0.0,86.8,7.2,250,93.0,18.95,40035602287,0.0,0.0,1.0,0.0,1,arizona,0
19,79881-79899arizona,79881arizona,0.0,81.02,12.04,274,91.0,15.65,40035602287,0.0,0.0,1.0,0.0,1,arizona,0
21,79881-79899arizona,79881arizona,0.0,83.77,10.96,228,92.0,19.32,40035602287,0.2,0.8,0.0,0.9,1,arizona,1
17,4196-92913arizona,4196arizona,0.0,0.0,0.0,24,54.5,46.38,40582003492,0.0,0.0,1.0,0.0,0,arizona,0
18,4196-92913arizona,4196arizona,0.0,0.0,0.0,39,95.0,33.33,40582003492,0.0,0.0,1.0,0.0,0,arizona,0
19,4196-92913arizona,4196arizona,0.0,0.0,0.0,35,97.0,24.36,40582003492,0.0,0.0,1.0,0.0,0,arizona,0
21,4196-92913arizona,4196arizona,0.0,0.0,0.0,24,97.0,42.86,40582003492,0.5,0.5,0.0,0.75,0,arizona,1
17,4196-4832arizona,4196arizona,0.0,4.55,18.67,814,48.0,7.31,40582000469,0.0,0.0,1.0,0.0,0,arizona,0
18,4196-4832arizona,4196arizona,0.0,3.74,18.72,748,51.0,3.9,40582000469,0.0,0.0,1.0,0.0,0,arizona,0
19,4196-4832arizona,4196arizona,0.0,5.14,16.77,817,52.0,1.61,40582000469,0.0,0.0,1.0,0.0,0,arizona,0
21,4196-4832arizona,4196arizona,0.0,5.25,12.79,743,50.0,8.48,40582000469,0.5,0.5,0.0,0.75,0,arizona,1
17,79578-79579arizona,79578arizona,0.0,97.63,0.0,634,97.0,1.63,40029002177,0.0,0.0,1.0,0.0,1,arizona,0
18,79578-79579arizona,79578arizona,0.0,97.72,0.0,657,97.0,0.61,40029002177,0.0,0.0,1.0,0.0,1,arizona,0
19,79578-79579arizona,79578arizona,0.0,97.24,0.0,761,97.0,4.47,40029002177,0.0,0.0,1.0,0.0,1,arizona,0
21,79578-79579arizona,79578arizona,2.6,94.43,1.76,1078,97.0,2.9,40029002177,0.3,0.7,0.0,0.85,1,arizona,1
17,4241-5106arizona,4241arizona,1.71,12.73,77.12,2168,9.0,0.7,40593001084,0.0,0.0,1.0,0.0,0,arizona,0
18,4241-5106arizona,4241arizona,1.78,13.12,76.9,2134,11.0,0.29,40593001084,0.0,0.0,1.0,0.0,0,arizona,0
19,4241-5106arizona,4241arizona,1.84,13.35,76.02,2173,10.0,0.5,40593001084,0.0,0.0,1.0,0.0,0,arizona,0
21,4241-5106arizona,4241arizona,2.12,13.52,74.6,2079,9.0,2.0,40593001084,0.5,0.5,0.0,0.75,0,arizona,1
17,4241-5107arizona,4241arizona,5.91,55.52,31.82,1810,60.0,1.37,40593000488,0.0,0.0,1.0,0.0,0,arizona,0
18,4241-5107arizona,4241arizona,5.69,57.6,29.84,1863,56.0,1.61,40593000488,0.0,0.0,1.0,0.0,0,arizona,0
19,4241-5107arizona,4241arizona,6.85,57.94,27.75,1928,58.0,1.45,40593000488,0.0,0.0,1.0,0.0,0,arizona,0
21,4241-5107arizona,4241arizona,6.63,60.0,24.31,1855,54.0,3.55,40593000488,0.5,0.5,0.0,0.75,0,arizona,1
17,4241-5105arizona,4241arizona,4.31,44.11,42.23,1809,43.0,1.5,40593001553,0.0,0.0,1.0,0.0,0,arizona,0
18,4241-5105arizona,4241arizona,3.7,44.24,43.86,1840,41.0,1.99,40593001553,0.0,0.0,1.0,0.0,0,arizona,0
19,4241-5105arizona,4241arizona,3.72,44.5,43.05,1935,39.0,2.42,40593001553,0.0,0.0,1.0,0.0,0,arizona,0
21,4241-5105arizona,4241arizona,3.42,43.81,41.26,1842,35.0,3.0,40593001553,0.5,0.5,0.0,0.75,0,arizona,1
17,4241-5108arizona,4241arizona,4.93,28.35,58.25,1358,40.0,0.74,40593000491,0.0,0.0,1.0,0.0,0,arizona,0
18,4241-5108arizona,4241arizona,6.42,29.66,54.89,1308,37.0,1.09,40593000491,0.0,0.0,1.0,0.0,0,arizona,0
19,4241-5108arizona,4241arizona,6.0,29.72,53.94,1383,38.0,0.82,40593000491,0.0,0.0,1.0,0.0,0,arizona,0
21,4241-5108arizona,4241arizona,4.77,31.46,53.47,1195,32.0,2.32,40593000491,0.5,0.5,0.0,0.75,0,arizona,1
17,4241-92611arizona,4241arizona,7.88,44.24,40.0,165,51.0,9.68,40593003431,0.0,0.0,1.0,0.0,0,arizona,0
18,4241-92611arizona,4241arizona,8.48,41.21,39.39,165,39.0,10.05,40593003431,0.0,0.0,1.0,0.0,0,arizona,0
19,4241-92611arizona,4241arizona,0.0,47.13,42.04,157,46.0,8.4,40593003431,0.0,0.0,1.0,0.0,0,arizona,0
21,4241-92611arizona,4241arizona,0.0,53.04,30.43,115,41.0,6.81,40593003431,0.5,0.5,0.0,0.75,0,arizona,1
17,4510-6197arizona,4510arizona,0.0,48.51,21.19,505,64.0,3.16,40598000457,0.0,0.0,1.0,0.0,0,arizona,0
18,4510-6197arizona,4510arizona,0.0,46.98,19.56,496,69.0,1.9,40598000457,0.0,0.0,1.0,0.0,0,arizona,0
19,4510-6197arizona,4510arizona,0.0,47.02,18.43,521,53.0,1.84,40598000457,0.0,0.0,1.0,0.0,0,arizona,0
21,4510-6197arizona,4510arizona,0.0,46.14,15.85,492,53.0,6.22,40598000457,0.7,0.1,0.2,0.45,0,arizona,1
17,4209-4860arizona,4209arizona,0.0,20.73,72.31,632,34.0,3.49,40607000500,0.0,0.0,1.0,0.0,0,arizona,0
18,4209-4860arizona,4209arizona,0.0,19.66,71.8,656,44.0,3.76,40607000500,0.0,0.0,1.0,0.0,0,arizona,0
19,4209-4860arizona,4209arizona,0.0,21.29,69.75,681,38.0,4.6,40607000500,0.0,0.0,1.0,0.0,0,arizona,0
21,4209-4860arizona,4209arizona,0.0,27.14,66.96,560,43.0,3.74,40607000500,0.6,0.4,0.0,0.7,0,arizona,1
17,4237-5014arizona,4237arizona,4.52,26.93,60.84,1218,41.0,0.88,40625000508,0.0,0.0,1.0,0.0,0,arizona,0
18,4237-5014arizona,4237arizona,3.85,27.81,60.55,1194,40.0,0.49,40625000508,0.0,0.0,1.0,0.0,0,arizona,0
19,4237-5014arizona,4237arizona,4.72,29.33,58.66,1207,41.0,0.6,40625000508,0.0,0.0,1.0,0.0,0,arizona,0
21,4237-5014arizona,4237arizona,4.09,31.77,55.79,1149,41.0,2.15,40625000508,0.8,0.2,0.0,0.6,0,arizona,1
17,4237-5016arizona,4237arizona,5.24,32.31,53.41,2024,34.0,0.48,40625001500,0.0,0.0,1.0,0.0,0,arizona,0
18,4237-5016arizona,4237arizona,4.84,33.58,52.26,1879,34.0,0.57,40625001500,0.0,0.0,1.0,0.0,0,arizona,0
19,4237-5016arizona,4237arizona,4.62,34.8,51.02,1905,34.0,0.82,40625001500,0.0,0.0,1.0,0.0,0,arizona,0
21,4237-5016arizona,4237arizona,5.02,36.65,47.79,2011,33.0,2.0,40625001500,0.8,0.2,0.0,0.6,0,arizona,1
17,4237-5015arizona,4237arizona,5.26,34.81,49.61,2034,40.0,0.6,40625001315,0.0,0.0,1.0,0.0,0,arizona,0
18,4237-5015arizona,4237arizona,5.52,36.63,47.62,1974,41.0,0.7,40625001315,0.0,0.0,1.0,0.0,0,arizona,0
19,4237-5015arizona,4237arizona,5.36,37.19,46.08,1979,39.0,0.52,40625001315,0.0,0.0,1.0,0.0,0,arizona,0
21,4237-5015arizona,4237arizona,6.92,39.0,42.46,1936,41.0,2.0,40625001315,0.8,0.2,0.0,0.6,0,arizona,1
17,4237-87520arizona,4237arizona,3.03,12.94,77.14,2148,12.0,0.24,40625002586,0.0,0.0,1.0,0.0,0,arizona,0
18,4237-87520arizona,4237arizona,3.02,13.27,77.25,2185,11.0,0.0,40625002586,0.0,0.0,1.0,0.0,0,arizona,0
19,4237-87520arizona,4237arizona,3.2,13.65,76.26,2249,11.0,0.08,40625002586,0.0,0.0,1.0,0.0,0,arizona,0
21,4237-87520arizona,4237arizona,3.22,16.78,71.79,2425,10.0,2.0,40625002586,0.8,0.2,0.0,0.6,0,arizona,1
17,4237-6231arizona,4237arizona,0.0,39.78,43.01,93,62.0,7.25,40625002475,0.0,0.0,1.0,0.0,0,arizona,0
18,4237-6231arizona,4237arizona,0.0,40.51,53.16,79,47.0,6.51,40625002475,0.0,0.0,1.0,0.0,0,arizona,0
19,4237-6231arizona,4237arizona,0.0,47.22,40.97,144,52.0,10.05,40625002475,0.0,0.0,1.0,0.0,0,arizona,0
21,4237-6231arizona,4237arizona,0.0,52.5,35.0,80,64.0,13.82,40625002475,0.8,0.2,0.0,0.6,0,arizona,1
17,4237-5013arizona,4237arizona,8.65,55.05,29.57,1515,58.0,0.63,40625000514,0.0,0.0,1.0,0.0,0,arizona,0
18,4237-5013arizona,4237arizona,8.9,55.36,28.52,1483,61.0,0.72,40625000514,0.0,0.0,1.0,0.0,0,arizona,0
19,4237-5013arizona,4237arizona,9.13,55.28,27.64,1545,59.0,0.48,40625000514,0.0,0.0,1.0,0.0,0,arizona,0
21,4237-5013arizona,4237arizona,8.53,56.09,26.45,1535,57.0,2.0,40625000514,0.8,0.2,0.0,0.6,0,arizona,1
17,4237-85835arizona,4237arizona,6.47,51.45,32.65,1856,52.0,0.62,40625002426,0.0,0.0,1.0,0.0,0,arizona,0
18,4237-85835arizona,4237arizona,5.69,51.67,32.27,1881,52.0,0.19,40625002426,0.0,0.0,1.0,0.0,0,arizona,0
19,4237-85835arizona,4237arizona,6.22,53.93,30.42,1897,52.0,0.6,40625002426,0.0,0.0,1.0,0.0,0,arizona,0
21,4237-85835arizona,4237arizona,6.84,57.32,25.08,1858,52.0,2.0,40625002426,0.8,0.2,0.0,0.6,0,arizona,1
17,4237-5017arizona,4237arizona,2.83,16.36,74.76,1803,14.0,0.23,40625000589,0.0,0.0,1.0,0.0,0,arizona,0
18,4237-5017arizona,4237arizona,2.83,16.78,74.4,1871,15.0,0.14,40625000589,0.0,0.0,1.0,0.0,0,arizona,0
19,4237-5017arizona,4237arizona,2.55,17.03,74.32,1920,15.0,0.14,40625000589,0.0,0.0,1.0,0.0,0,arizona,0
21,4237-5017arizona,4237arizona,2.67,17.16,71.89,1946,15.0,2.0,40625000589,0.8,0.2,0.0,0.6,0,arizona,1
17,4286-5436arizona,4286arizona,7.83,79.44,5.16,2733,70.0,4.89,40633000538,0.0,0.0,1.0,0.0,0,arizona,0
18,4286-5436arizona,4286arizona,9.34,78.29,4.62,2686,86.0,3.32,40633000538,0.0,0.0,1.0,0.0,0,arizona,0
19,4286-5436arizona,4286arizona,9.55,78.59,4.19,2648,86.0,5.66,40633000538,0.0,0.0,1.0,0.0,0,arizona,0
21,4286-5436arizona,4286arizona,9.17,77.41,4.29,2355,86.0,6.49,40633000538,0.3,0.7,0.0,0.85,0,arizona,1
17,4286-89571arizona,4286arizona,27.02,51.78,9.33,1854,47.0,2.2,40633002854,0.0,0.0,1.0,0.0,0,arizona,0
18,4286-89571arizona,4286arizona,24.18,53.9,9.73,1716,58.0,1.91,40633002854,0.0,0.0,1.0,0.0,0,arizona,0
19,4286-89571arizona,4286arizona,20.99,56.22,10.17,1672,58.0,3.09,40633002854,0.0,0.0,1.0,0.0,0,arizona,0
21,4286-89571arizona,4286arizona,17.5,57.86,9.64,1680,58.0,4.13,40633002854,0.3,0.7,0.0,0.85,0,arizona,1
17,4286-6249arizona,4286arizona,8.93,81.25,0.0,224,77.0,11.46,40633001382,0.0,0.0,1.0,0.0,0,arizona,0
18,4286-6249arizona,4286arizona,5.63,79.81,8.45,213,91.0,11.76,40633001382,0.0,0.0,1.0,0.0,0,arizona,0
19,4286-6249arizona,4286arizona,0.0,80.77,0.0,182,91.0,16.76,40633001382,0.0,0.0,1.0,0.0,0,arizona,0
21,4286-6249arizona,4286arizona,0.0,84.78,0.0,184,91.0,25.24,40633001382,0.3,0.7,0.0,0.85,0,arizona,1
17,4286-5438arizona,4286arizona,8.67,76.66,7.61,2168,68.0,2.25,40633000540,0.0,0.0,1.0,0.0,0,arizona,0
18,4286-5438arizona,4286arizona,9.24,76.59,7.65,2208,86.0,2.16,40633000540,0.0,0.0,1.0,0.0,0,arizona,0
19,4286-5438arizona,4286arizona,9.22,77.43,6.59,2277,86.0,2.33,40633000540,0.0,0.0,1.0,0.0,0,arizona,0
21,4286-5438arizona,4286arizona,9.11,75.36,6.06,2196,86.0,4.15,40633000540,0.3,0.7,0.0,0.85,0,arizona,1
17,4286-5440arizona,4286arizona,2.55,95.04,1.21,2156,70.0,4.32,40633000541,0.0,0.0,1.0,0.0,0,arizona,0
18,4286-5440arizona,4286arizona,2.1,95.75,1.21,2236,93.0,3.02,40633000541,0.0,0.0,1.0,0.0,0,arizona,0
19,4286-5440arizona,4286arizona,2.54,94.02,1.36,2209,93.0,4.15,40633000541,0.0,0.0,1.0,0.0,0,arizona,0
21,4286-5440arizona,4286arizona,2.65,92.62,2.07,2223,93.0,5.88,40633000541,0.3,0.7,0.0,0.85,0,arizona,1
17,4286-5439arizona,4286arizona,11.08,69.07,6.43,2176,55.0,3.33,40633000542,0.0,0.0,1.0,0.0,0,arizona,0
18,4286-5439arizona,4286arizona,13.7,66.78,7.44,2044,92.0,2.42,40633000542,0.0,0.0,1.0,0.0,0,arizona,0
19,4286-5439arizona,4286arizona,14.03,65.01,7.26,2038,92.0,3.55,40633000542,0.0,0.0,1.0,0.0,0,arizona,0
21,4286-5439arizona,4286arizona,14.6,63.76,8.04,1904,92.0,6.01,40633000542,0.3,0.7,0.0,0.85,0,arizona,1
17,4286-78847arizona,4286arizona,14.95,74.04,3.07,2508,57.0,2.64,40633001882,0.0,0.0,1.0,0.0,0,arizona,0
18,4286-78847arizona,4286arizona,14.2,72.69,3.65,2464,62.0,2.87,40633001882,0.0,0.0,1.0,0.0,0,arizona,0
19,4286-78847arizona,4286arizona,15.77,70.11,3.76,2499,62.0,3.74,40633001882,0.0,0.0,1.0,0.0,0,arizona,0
21,4286-78847arizona,4286arizona,13.47,73.67,3.6,2666,62.0,2.59,40633001882,0.3,0.7,0.0,0.85,0,arizona,1
17,4286-79617arizona,4286arizona,0.0,86.72,4.43,271,72.0,28.16,40633002138,0.0,0.0,1.0,0.0,0,arizona,0
18,4286-79617arizona,4286arizona,0.0,86.39,3.8,316,78.0,18.76,40633002138,0.0,0.0,1.0,0.0,0,arizona,0
19,4286-79617arizona,4286arizona,3.89,85.51,0.0,283,78.0,16.46,40633002138,0.0,0.0,1.0,0.0,0,arizona,0
21,4286-79617arizona,4286arizona,0.0,86.28,0.0,226,78.0,28.6,40633002138,0.3,0.7,0.0,0.85,0,arizona,1
17,4286-5441arizona,4286arizona,4.08,92.04,2.29,2965,62.0,2.5,40633000549,0.0,0.0,1.0,0.0,0,arizona,0
18,4286-5441arizona,4286arizona,4.17,91.18,2.38,2856,89.0,2.45,40633000549,0.0,0.0,1.0,0.0,0,arizona,0
19,4286-5441arizona,4286arizona,4.16,91.16,2.31,2861,89.0,3.8,40633000549,0.0,0.0,1.0,0.0,0,arizona,0
21,4286-5441arizona,4286arizona,3.49,90.59,2.76,2751,89.0,6.36,40633000549,0.3,0.7,0.0,0.85,0,arizona,1
17,4286-5442arizona,4286arizona,5.97,82.87,5.18,2779,74.0,1.78,40633001244,0.0,0.0,1.0,0.0,0,arizona,0
18,4286-5442arizona,4286arizona,6.32,83.82,4.67,2676,86.0,1.19,40633001244,0.0,0.0,1.0,0.0,0,arizona,0
19,4286-5442arizona,4286arizona,6.75,82.18,4.32,2637,86.0,2.79,40633001244,0.0,0.0,1.0,0.0,0,arizona,0
21,4286-5442arizona,4286arizona,6.3,82.9,4.21,2398,86.0,5.05,40633001244,0.3,0.7,0.0,0.85,0,arizona,1
17,4286-5443arizona,4286arizona,12.24,81.09,2.87,1846,68.0,2.06,40633000552,0.0,0.0,1.0,0.0,0,arizona,0
18,4286-5443arizona,4286arizona,12.65,80.58,3.03,1977,84.0,3.42,40633000552,0.0,0.0,1.0,0.0,0,arizona,0
19,4286-5443arizona,4286arizona,15.31,77.79,3.22,2175,84.0,4.3,40633000552,0.0,0.0,1.0,0.0,0,arizona,0
21,4286-5443arizona,4286arizona,15.12,77.5,3.05,2196,84.0,6.38,40633000552,0.3,0.7,0.0,0.85,0,arizona,1
17,4286-5437arizona,4286arizona,3.78,91.03,2.74,3099,60.0,3.07,40633000554,0.0,0.0,1.0,0.0,0,arizona,0
18,4286-5437arizona,4286arizona,3.72,91.13,2.57,3068,88.0,2.44,40633000554,0.0,0.0,1.0,0.0,0,arizona,0
19,4286-5437arizona,4286arizona,3.35,90.51,3.09,3108,88.0,3.57,40633000554,0.0,0.0,1.0,0.0,0,arizona,0
21,4286-5437arizona,4286arizona,4.19,89.57,3.14,2962,88.0,7.22,40633000554,0.3,0.7,0.0,0.85,0,arizona,1
17,90536-90907arizona,90536arizona,0.0,91.11,0.0,180,96.0,24.0,40082103226,0.0,0.0,1.0,0.0,1,arizona,0
18,90536-90907arizona,90536arizona,6.79,85.8,0.0,162,96.0,25.44,40082103226,0.0,0.0,1.0,0.0,1,arizona,0
19,90536-90907arizona,90536arizona,0.0,94.12,0.0,153,97.0,15.65,40082103226,0.0,0.0,1.0,0.0,1,arizona,0
21,90536-90907arizona,90536arizona,0.0,88.72,0.0,133,97.0,27.96,40082103226,0.8,0.2,0.0,0.6,1,arizona,1
17,79959-79960arizona,79959arizona,0.0,70.66,10.18,167,82.0,18.32,40036702303,0.0,0.0,1.0,0.0,1,arizona,0
18,79959-79960arizona,79959arizona,0.0,70.29,7.97,138,82.0,29.25,40036702303,0.0,0.0,1.0,0.0,1,arizona,0
19,79959-79960arizona,79959arizona,6.88,73.12,0.0,160,61.0,19.53,40036702303,0.0,0.0,1.0,0.0,1,arizona,0
21,79959-79960arizona,79959arizona,0.0,73.02,9.52,126,82.0,26.98,40036702303,1.0,0.0,0.0,0.5,1,arizona,1
17,4390-5613arizona,4390arizona,0.0,0.0,0.0,331,99.0,5.08,40002301524,0.0,0.0,1.0,0.0,0,arizona,0
18,4390-5613arizona,4390arizona,0.0,0.0,0.0,297,99.0,9.28,40002301524,0.0,0.0,1.0,0.0,0,arizona,0
19,4390-5613arizona,4390arizona,0.0,0.0,0.0,304,98.0,4.57,40002301524,0.0,0.0,1.0,0.0,0,arizona,0
21,4390-5613arizona,4390arizona,0.0,0.0,0.0,298,98.0,6.61,40002301524,0.0,1.0,0.0,1.0,0,arizona,1
17,4431-5876arizona,4431arizona,0.0,73.17,0.0,82,82.0,46.15,40008301014,0.0,0.0,1.0,0.0,1,arizona,0
18,4431-5876arizona,4431arizona,0.0,64.36,12.87,101,98.0,45.53,40008301014,0.0,0.0,1.0,0.0,1,arizona,0
19,4431-5876arizona,4431arizona,0.0,61.45,20.48,83,98.0,39.39,40008301014,0.0,0.0,1.0,0.0,1,arizona,0
21,4431-5876arizona,4431arizona,0.0,58.57,0.0,70,98.0,47.54,40008301014,0.2,0.8,0.0,0.9,1,arizona,1
17,4431-5873arizona,4431arizona,0.0,81.99,8.53,211,76.0,39.5,40008301011,0.0,0.0,1.0,0.0,1,arizona,0
18,4431-5873arizona,4431arizona,0.0,79.33,10.0,150,96.0,44.09,40008301011,0.0,0.0,1.0,0.0,1,arizona,0
19,4431-5873arizona,4431arizona,0.0,78.66,10.98,164,97.0,36.34,40008301011,0.0,0.0,1.0,0.0,1,arizona,0
21,4431-5873arizona,4431arizona,0.0,83.22,0.0,143,97.0,39.84,40008301011,0.2,0.8,0.0,0.9,1,arizona,1
17,4431-5878arizona,4431arizona,0.0,98.21,0.0,112,98.0,26.92,40008301016,0.0,0.0,1.0,0.0,1,arizona,0
18,4431-5878arizona,4431arizona,0.0,99.2,0.0,125,98.0,24.55,40008301016,0.0,0.0,1.0,0.0,1,arizona,0
19,4431-5878arizona,4431arizona,0.0,100.0,0.0,123,98.0,19.02,40008301016,0.0,0.0,1.0,0.0,1,arizona,0
21,4431-5878arizona,4431arizona,0.0,89.68,9.52,126,98.0,12.84,40008301016,0.2,0.8,0.0,0.9,1,arizona,1
17,4431-5880arizona,4431arizona,0.0,40.28,37.5,72,95.0,35.06,40008301018,0.0,0.0,1.0,0.0,1,arizona,0
18,4431-5880arizona,4431arizona,0.0,48.65,32.43,74,95.0,30.77,40008301018,0.0,0.0,1.0,0.0,1,arizona,0
19,4431-5880arizona,4431arizona,0.0,46.59,26.14,88,98.0,26.88,40008301018,0.0,0.0,1.0,0.0,1,arizona,0
21,4431-5880arizona,4431arizona,0.0,44.26,31.15,61,98.0,28.29,40008301018,0.5,0.5,0.0,0.75,1,arizona,1
17,4431-5879arizona,4431arizona,0.0,93.33,0.0,90,98.0,36.14,40008301017,0.0,0.0,1.0,0.0,1,arizona,0
18,4431-5879arizona,4431arizona,0.0,94.38,0.0,89,98.0,27.17,40008301017,0.0,0.0,1.0,0.0,1,arizona,0
19,4431-5879arizona,4431arizona,0.0,93.69,0.0,111,98.0,39.66,40008301017,0.0,0.0,1.0,0.0,1,arizona,0
21,4431-5879arizona,4431arizona,0.0,87.21,0.0,86,98.0,26.05,40008301017,0.2,0.8,0.0,0.9,1,arizona,1
17,4431-5877arizona,4431arizona,0.0,96.6,0.0,147,82.0,29.53,40008301015,0.0,0.0,1.0,0.0,1,arizona,0
18,4431-5877arizona,4431arizona,0.0,98.59,0.0,142,87.0,20.0,40008301015,0.0,0.0,1.0,0.0,1,arizona,0
19,4431-5877arizona,4431arizona,0.0,99.34,0.0,152,85.0,27.31,40008301015,0.0,0.0,1.0,0.0,1,arizona,0
21,4431-5877arizona,4431arizona,0.0,93.63,0.0,157,85.0,14.36,40008301015,0.3,0.7,0.0,0.85,1,arizona,1
17,79569-79570arizona,79569arizona,6.51,86.51,5.12,215,95.0,3.68,40028802176,0.0,0.0,1.0,0.0,1,arizona,0
18,79569-79570arizona,79569arizona,0.0,87.18,5.13,234,95.0,8.05,40028802176,0.0,0.0,1.0,0.0,1,arizona,0
19,79569-79570arizona,79569arizona,6.22,87.14,4.56,241,96.0,4.09,40028802176,0.0,0.0,1.0,0.0,1,arizona,0
21,79569-79570arizona,79569arizona,0.0,50.63,37.34,158,95.0,30.38,40028802176,0.3,0.7,0.0,0.85,1,arizona,1
17,4466-8135arizona,4466arizona,0.0,13.21,80.68,1491,27.0,3.81,40673000568,0.0,0.0,1.0,0.0,0,arizona,0
18,4466-8135arizona,4466arizona,0.87,15.44,78.28,1496,24.0,1.54,40673000568,0.0,0.0,1.0,0.0,0,arizona,0
19,4466-8135arizona,4466arizona,0.8,15.58,77.72,1508,23.0,0.86,40673000568,0.0,0.0,1.0,0.0,0,arizona,0
21,4466-8135arizona,4466arizona,0.0,18.68,72.98,1451,21.0,8.16,40673000568,0.7,0.3,0.0,0.65,0,arizona,1
17,4245-5141arizona,4245arizona,2.96,24.77,67.21,1958,24.0,1.71,40681001383,0.0,0.0,1.0,0.0,0,arizona,0
18,4245-5141arizona,4245arizona,3.27,24.27,66.87,1986,21.0,1.49,40681001383,0.0,0.0,1.0,0.0,0,arizona,0
19,4245-5141arizona,4245arizona,3.93,24.82,66.15,2059,21.0,1.31,40681001383,0.0,0.0,1.0,0.0,0,arizona,0
21,4245-5141arizona,4245arizona,3.04,24.34,65.08,2202,20.0,2.0,40681001383,1.0,0.0,0.0,0.5,0,arizona,1
17,4159-4741arizona,4159arizona,0.0,0.0,0.0,192,75.0,11.51,40687000142,0.0,0.0,1.0,0.0,0,arizona,0
18,4159-4741arizona,4159arizona,0.0,0.0,0.0,153,77.0,7.41,40687000142,0.0,0.0,1.0,0.0,0,arizona,0
19,4159-4741arizona,4159arizona,0.0,0.0,0.0,179,91.0,1.37,40687000142,0.0,0.0,1.0,0.0,0,arizona,0
21,4159-4741arizona,4159arizona,0.0,0.0,0.0,163,91.0,12.82,40687000142,0.0,1.0,0.0,1.0,0,arizona,1
17,4155-4721arizona,4155arizona,0.0,22.63,69.83,358,38.0,3.0,40713001044,0.0,0.0,1.0,0.0,0,arizona,0
18,4155-4721arizona,4155arizona,0.0,23.15,69.44,337,25.0,1.94,40713001044,0.0,0.0,1.0,0.0,0,arizona,0
19,4155-4721arizona,4155arizona,0.0,24.04,69.67,366,23.0,1.49,40713001044,0.0,0.0,1.0,0.0,0,arizona,0
21,4155-4721arizona,4155arizona,0.0,33.08,60.45,402,16.0,3.04,40713001044,1.0,0.0,0.0,0.5,0,arizona,1
17,4254-85819arizona,4254arizona,3.65,44.75,48.17,438,70.0,0.75,40717002483,0.0,0.0,1.0,0.0,0,arizona,0
18,4254-85819arizona,4254arizona,4.25,41.61,50.96,471,65.0,0.52,40717002483,0.0,0.0,1.0,0.0,0,arizona,0
19,4254-85819arizona,4254arizona,2.83,42.58,49.29,566,61.0,0.0,40717002483,0.0,0.0,1.0,0.0,0,arizona,0
21,4254-85819arizona,4254arizona,3.71,50.54,42.19,647,66.0,2.67,40717002483,0.6,0.4,0.0,0.7,0,arizona,1
17,4218-4885arizona,4218arizona,0.0,56.1,40.24,82,57.0,11.04,40724000527,0.0,0.0,1.0,0.0,0,arizona,0
18,4218-4885arizona,4218arizona,0.0,65.67,34.33,67,52.0,7.41,40724000527,0.0,0.0,1.0,0.0,0,arizona,0
19,4218-4885arizona,4218arizona,0.0,63.24,30.88,68,24.0,3.36,40724000527,0.0,0.0,1.0,0.0,0,arizona,0
21,4218-4885arizona,4218arizona,0.0,52.17,44.93,69,56.0,11.64,40724000527,0.1,0.1,0.8,0.15,0,arizona,1
17,4218-4884arizona,4218arizona,0.0,51.86,45.7,779,38.0,1.41,40724000624,0.0,0.0,1.0,0.0,0,arizona,0
18,4218-4884arizona,4218arizona,0.0,50.55,46.14,726,38.0,0.91,40724000624,0.0,0.0,1.0,0.0,0,arizona,0
19,4218-4884arizona,4218arizona,0.0,49.38,47.38,802,37.0,1.69,40724000624,0.0,0.0,1.0,0.0,0,arizona,0
21,4218-4884arizona,4218arizona,0.0,49.73,45.22,732,39.0,2.28,40724000624,0.1,0.1,0.8,0.15,0,arizona,1
17,4411-5843arizona,4411arizona,2.93,54.79,37.2,887,37.0,4.34,40730000626,0.0,0.0,1.0,0.0,0,arizona,0
18,4411-5843arizona,4411arizona,2.01,54.65,38.69,946,38.0,7.84,40730000626,0.0,0.0,1.0,0.0,0,arizona,0
19,4411-5843arizona,4411arizona,2.54,56.11,37.15,1023,46.0,3.5,40730000626,0.0,0.0,1.0,0.0,0,arizona,0
21,4411-5843arizona,4411arizona,1.73,55.51,37.1,1043,39.0,4.97,40730000626,0.5,0.4,0.1,0.65,0,arizona,1
17,4411-90824arizona,4411arizona,3.64,50.57,38.98,880,26.0,4.75,40730003183,0.0,0.0,1.0,0.0,0,arizona,0
18,4411-90824arizona,4411arizona,3.78,52.97,37.32,1112,37.0,4.21,40730003183,0.0,0.0,1.0,0.0,0,arizona,0
19,4411-90824arizona,4411arizona,2.87,53.05,38.59,1148,38.0,2.44,40730003183,0.0,0.0,1.0,0.0,0,arizona,0
21,4411-90824arizona,4411arizona,1.72,52.72,39.28,1049,31.0,3.53,40730003183,0.5,0.4,0.1,0.65,0,arizona,1
17,4320-90159arizona,4320arizona,0.0,0.0,0.0,46,22.0,25.23,40004703031,0.0,0.0,1.0,0.0,1,arizona,0
18,4320-90159arizona,4320arizona,0.0,0.0,0.0,66,32.0,35.42,40004703031,0.0,0.0,1.0,0.0,1,arizona,0
19,4320-90159arizona,4320arizona,0.0,0.0,0.0,77,73.0,44.06,40004703031,0.0,0.0,1.0,0.0,1,arizona,0
21,4320-90159arizona,4320arizona,0.0,0.0,0.0,48,73.0,50.46,40004703031,0.0,1.0,0.0,1.0,1,arizona,1
17,4156-4724arizona,4156arizona,0.0,0.0,0.0,217,98.0,5.23,40674001142,0.0,0.0,1.0,0.0,0,arizona,0
18,4156-4724arizona,4156arizona,0.0,0.0,0.0,209,98.0,7.2,40674001142,0.0,0.0,1.0,0.0,0,arizona,0
19,4156-4724arizona,4156arizona,0.0,0.0,0.0,216,98.0,6.59,40674001142,0.0,0.0,1.0,0.0,0,arizona,0
21,4156-4724arizona,4156arizona,0.0,0.0,0.0,213,98.0,16.22,40674001142,0.0,1.0,0.0,1.0,0,arizona,1
17,4458-5966arizona,4458arizona,0.0,94.64,4.11,1193,72.0,2.94,40752001036,0.0,0.0,1.0,0.0,0,arizona,0
18,4458-5966arizona,4458arizona,0.0,96.03,2.91,1134,72.0,1.21,40752001036,0.0,0.0,1.0,0.0,0,arizona,0
19,4458-5966arizona,4458arizona,0.0,96.27,0.0,134,72.0,1.86,40752001036,0.0,0.0,1.0,0.0,0,arizona,0
21,4458-5966arizona,4458arizona,0.0,97.1,2.17,1243,72.0,3.02,40752001036,0.4,0.6,0.0,0.8,0,arizona,1
17,4454-5951arizona,4454arizona,8.25,81.84,6.84,424,84.0,5.3,40753000638,0.0,0.0,1.0,0.0,0,arizona,0
18,4454-5951arizona,4454arizona,8.38,82.68,6.7,358,86.0,4.77,40753000638,0.0,0.0,1.0,0.0,0,arizona,0
19,4454-5951arizona,4454arizona,7.03,83.24,7.03,370,86.0,4.06,40753000638,0.0,0.0,1.0,0.0,0,arizona,0
21,4454-5951arizona,4454arizona,3.55,87.42,4.19,310,84.0,5.0,40753000638,0.2,0.8,0.0,0.9,0,arizona,1
17,4240-5066arizona,4240arizona,5.1,35.25,53.84,1705,31.0,0.68,40757000640,0.0,0.0,1.0,0.0,0,arizona,0
18,4240-5066arizona,4240arizona,5.34,34.64,54.51,1686,29.0,2.6,40757000640,0.0,0.0,1.0,0.0,0,arizona,0
19,4240-5066arizona,4240arizona,4.78,35.7,52.9,1675,31.0,2.79,40757000640,0.0,0.0,1.0,0.0,0,arizona,0
21,4240-5066arizona,4240arizona,3.6,34.32,54.94,1416,28.0,2.42,40757000640,0.6,0.4,0.0,0.7,0,arizona,1
17,4240-5069arizona,4240arizona,2.77,8.62,80.91,2205,6.0,0.52,40757000641,0.0,0.0,1.0,0.0,0,arizona,0
18,4240-5069arizona,4240arizona,3.01,8.98,80.09,2160,5.0,1.21,40757000641,0.0,0.0,1.0,0.0,0,arizona,0
19,4240-5069arizona,4240arizona,3.34,9.08,79.16,2246,6.0,0.44,40757000641,0.0,0.0,1.0,0.0,0,arizona,0
21,4240-5069arizona,4240arizona,1.95,9.45,79.45,2000,4.0,2.0,40757000641,0.6,0.4,0.0,0.7,0,arizona,1
17,4240-5067arizona,4240arizona,6.8,60.92,20.88,1044,70.0,2.45,40757000644,0.0,0.0,1.0,0.0,0,arizona,0
18,4240-5067arizona,4240arizona,5.14,65.03,18.69,915,68.0,3.27,40757000644,0.0,0.0,1.0,0.0,0,arizona,0
19,4240-5067arizona,4240arizona,7.14,62.5,18.64,896,65.0,3.95,40757000644,0.0,0.0,1.0,0.0,0,arizona,0
21,4240-5067arizona,4240arizona,6.7,62.77,20.11,701,63.0,3.81,40757000644,0.6,0.4,0.0,0.7,0,arizona,1
17,4240-5070arizona,4240arizona,2.87,8.04,77.08,2164,7.0,0.65,40757000604,0.0,0.0,1.0,0.0,0,arizona,0
18,4240-5070arizona,4240arizona,3.06,7.89,76.99,2090,6.0,1.13,40757000604,0.0,0.0,1.0,0.0,0,arizona,0
19,4240-5070arizona,4240arizona,2.87,7.78,77.27,2094,5.0,0.86,40757000604,0.0,0.0,1.0,0.0,0,arizona,0
21,4240-5070arizona,4240arizona,2.4,8.23,77.49,1750,5.0,2.0,40757000604,0.6,0.4,0.0,0.7,0,arizona,1
17,4240-5068arizona,4240arizona,4.89,17.08,67.28,1247,23.0,1.13,40757000659,0.0,0.0,1.0,0.0,0,arizona,0
18,4240-5068arizona,4240arizona,6.02,18.29,64.07,1230,23.0,1.5,40757000659,0.0,0.0,1.0,0.0,0,arizona,0
19,4240-5068arizona,4240arizona,6.72,19.07,63.85,1206,22.0,1.59,40757000659,0.0,0.0,1.0,0.0,0,arizona,0
21,4240-5068arizona,4240arizona,6.08,20.52,63.01,1184,21.0,2.0,40757000659,0.6,0.4,0.0,0.7,0,arizona,1
17,4467-6085arizona,4467arizona,0.0,40.44,50.8,502,35.0,1.16,40973301040,0.0,0.0,1.0,0.0,0,arizona,0
18,4467-6085arizona,4467arizona,0.0,42.76,47.59,435,37.0,4.06,40973301040,0.0,0.0,1.0,0.0,0,arizona,0
19,4467-6085arizona,4467arizona,0.0,48.61,40.28,144,45.0,2.03,40973301040,0.0,0.0,1.0,0.0,0,arizona,0
21,4467-6085arizona,4467arizona,0.0,53.16,38.88,427,48.0,3.62,40973301040,1.0,0.0,0.0,0.5,0,arizona,1
17,4393-5632arizona,4393arizona,0.0,16.64,75.31,721,46.0,3.85,40770000673,0.0,0.0,1.0,0.0,0,arizona,0
18,4393-5632arizona,4393arizona,0.0,15.09,79.29,729,44.0,2.87,40770000673,0.0,0.0,1.0,0.0,0,arizona,0
19,4393-5632arizona,4393arizona,0.0,15.78,78.62,767,41.0,1.52,40770000673,0.0,0.0,1.0,0.0,0,arizona,0
21,4393-5632arizona,4393arizona,0.0,14.75,76.62,800,31.0,3.15,40770000673,1.0,0.0,0.0,0.5,0,arizona,1
17,4175-4783arizona,4175arizona,8.23,33.97,45.14,1872,33.0,1.29,40146000081,0.0,0.0,1.0,0.0,0,arizona,0
18,4175-4783arizona,4175arizona,7.59,36.45,44.65,2148,31.0,2.08,40146000081,0.0,0.0,1.0,0.0,0,arizona,0
19,4175-4783arizona,4175arizona,7.42,36.51,43.45,2076,30.0,1.76,40146000081,0.0,0.0,1.0,0.0,0,arizona,0
21,4175-4783arizona,4175arizona,6.7,36.47,42.85,1881,30.0,3.16,40146000081,1.0,0.0,0.0,0.5,0,arizona,1
17,79084-79092arizona,79084arizona,28.47,48.18,13.14,137,77.0,3.06,40024302030,0.0,0.0,1.0,0.0,1,arizona,0
18,79084-79092arizona,79084arizona,31.29,49.66,10.2,147,77.0,1.82,40024302030,0.0,0.0,1.0,0.0,1,arizona,0
19,79084-79092arizona,79084arizona,33.33,44.9,12.24,147,79.0,2.65,40024302030,0.0,0.0,1.0,0.0,1,arizona,0
21,79084-79092arizona,79084arizona,27.81,13.02,39.05,169,79.0,9.13,40024302030,0.4,0.6,0.0,0.8,1,arizona,1
17,4391-5618arizona,4391arizona,0.0,10.09,82.18,763,32.0,0.84,40782000694,0.0,0.0,1.0,0.0,0,arizona,0
18,4391-5618arizona,4391arizona,0.0,10.18,81.29,727,30.0,1.61,40782000694,0.0,0.0,1.0,0.0,0,arizona,0
19,4391-5618arizona,4391arizona,0.0,11.0,79.93,827,29.0,1.74,40782000694,0.0,0.0,1.0,0.0,0,arizona,0
21,4391-5618arizona,4391arizona,0.0,11.46,79.22,794,32.0,3.03,40782000694,1.0,0.0,0.0,0.5,0,arizona,1
17,92043-92044arizona,92043arizona,8.7,83.54,4.97,322,68.0,25.77,40088003398,0.0,0.0,1.0,0.0,1,arizona,0
18,92043-92044arizona,92043arizona,7.48,84.74,4.67,321,67.0,24.2,40088003398,0.0,0.0,1.0,0.0,1,arizona,0
19,92043-92044arizona,92043arizona,8.0,84.33,4.67,300,88.0,15.59,40088003398,0.0,0.0,1.0,0.0,1,arizona,0
21,92043-92044arizona,92043arizona,8.0,82.4,5.6,250,88.0,14.5,40088003398,1.0,0.0,0.0,0.5,1,arizona,1
17,91992-92497arizona,91992arizona,0.0,61.33,0.0,75,77.0,6.54,40090703427,0.0,0.0,1.0,0.0,1,arizona,0
18,91992-92497arizona,91992arizona,0.0,63.93,0.0,61,92.0,10.53,40090703427,0.0,0.0,1.0,0.0,1,arizona,0
19,91992-92497arizona,91992arizona,0.0,67.69,0.0,65,97.0,11.32,40090703427,0.0,0.0,1.0,0.0,1,arizona,0
21,91992-92497arizona,91992arizona,0.0,82.67,0.0,75,95.0,13.58,40090703427,0.2,0.8,0.0,0.9,1,arizona,1
17,4407-5826arizona,4407arizona,3.86,85.19,5.96,2046,72.0,4.13,40817001438,0.0,0.0,1.0,0.0,0,arizona,0
18,4407-5826arizona,4407arizona,3.28,85.89,5.63,2041,76.0,2.69,40817001438,0.0,0.0,1.0,0.0,0,arizona,0
19,4407-5826arizona,4407arizona,4.01,85.19,5.94,2120,75.0,4.13,40817001438,0.0,0.0,1.0,0.0,0,arizona,0
21,4407-5826arizona,4407arizona,3.47,85.93,5.47,2047,75.0,7.67,40817001438,0.4,0.6,0.0,0.8,0,arizona,1
17,4407-6288arizona,4407arizona,0.0,89.06,0.0,256,82.0,19.33,40817000153,0.0,0.0,1.0,0.0,0,arizona,0
18,4407-6288arizona,4407arizona,0.0,89.12,0.0,193,74.0,13.65,40817000153,0.0,0.0,1.0,0.0,0,arizona,0
19,4407-6288arizona,4407arizona,0.0,91.98,0.0,262,76.0,13.68,40817000153,0.0,0.0,1.0,0.0,0,arizona,0
21,4407-6288arizona,4407arizona,0.0,91.43,0.0,245,79.0,28.13,40817000153,0.4,0.6,0.0,0.8,0,arizona,1
17,4407-5827arizona,4407arizona,1.11,93.44,2.82,2163,74.0,5.92,40817000743,0.0,0.0,1.0,0.0,0,arizona,0
18,4407-5827arizona,4407arizona,1.35,93.43,2.32,2069,72.0,3.75,40817000743,0.0,0.0,1.0,0.0,0,arizona,0
19,4407-5827arizona,4407arizona,1.39,94.41,1.74,2238,76.0,4.91,40817000743,0.0,0.0,1.0,0.0,0,arizona,0
21,4407-5827arizona,4407arizona,1.51,92.74,2.69,2191,76.0,5.56,40817000743,0.4,0.6,0.0,0.8,0,arizona,1
17,4440-5907arizona,4440arizona,0.0,85.85,10.38,106,62.0,2.48,40823000760,0.0,0.0,1.0,0.0,0,arizona,0
18,4440-5907arizona,4440arizona,0.0,83.05,12.99,177,98.0,4.04,40823000760,0.0,0.0,1.0,0.0,0,arizona,0
19,4440-5907arizona,4440arizona,0.0,82.49,12.99,177,57.0,2.46,40823000760,0.0,0.0,1.0,0.0,0,arizona,0
21,4440-5907arizona,4440arizona,0.0,79.75,17.79,163,57.0,10.05,40823000760,0.4,0.6,0.0,0.8,0,arizona,1
17,4287-5450arizona,4287arizona,15.1,55.69,12.62,404,52.0,17.13,40834001576,0.0,0.0,1.0,0.0,0,arizona,0
18,4287-5450arizona,4287arizona,15.45,48.48,19.09,330,60.0,24.27,40834001576,0.0,0.0,1.0,0.0,0,arizona,0
19,4287-5450arizona,4287arizona,18.64,49.82,14.34,279,48.0,20.5,40834001576,0.0,0.0,1.0,0.0,0,arizona,0
21,4287-5450arizona,4287arizona,11.42,55.25,14.61,219,34.0,26.55,40834001576,0.5,0.5,0.0,0.75,0,arizona,1
17,4287-5447arizona,4287arizona,5.7,21.2,57.59,2773,12.0,0.97,40834000790,0.0,0.0,1.0,0.0,0,arizona,0
18,4287-5447arizona,4287arizona,6.42,22.03,56.64,2724,13.0,0.6,40834000790,0.0,0.0,1.0,0.0,0,arizona,0
19,4287-5447arizona,4287arizona,6.0,24.3,55.72,2683,13.0,1.15,40834000790,0.0,0.0,1.0,0.0,0,arizona,0
21,4287-5447arizona,4287arizona,5.19,27.92,49.2,2618,11.0,2.0,40834000790,0.5,0.5,0.0,0.75,0,arizona,1
17,4287-5449arizona,4287arizona,6.63,16.66,61.8,3092,7.0,0.51,40834000680,0.0,0.0,1.0,0.0,0,arizona,0
18,4287-5449arizona,4287arizona,6.14,18.09,60.96,2979,10.0,0.43,40834000680,0.0,0.0,1.0,0.0,0,arizona,0
19,4287-5449arizona,4287arizona,5.2,19.81,60.66,2979,10.0,0.68,40834000680,0.0,0.0,1.0,0.0,0,arizona,0
21,4287-5449arizona,4287arizona,5.54,21.38,56.41,2778,6.0,2.0,40834000680,0.5,0.5,0.0,0.75,0,arizona,1
17,4287-5446arizona,4287arizona,10.26,47.73,25.07,1452,44.0,1.74,40834000793,0.0,0.0,1.0,0.0,0,arizona,0
18,4287-5446arizona,4287arizona,11.59,48.45,22.84,1449,44.0,1.49,40834000793,0.0,0.0,1.0,0.0,0,arizona,0
19,4287-5446arizona,4287arizona,11.26,49.3,22.73,1430,48.0,4.39,40834000793,0.0,0.0,1.0,0.0,0,arizona,0
21,4287-5446arizona,4287arizona,10.07,51.75,18.3,1202,31.0,3.14,40834000793,0.5,0.5,0.0,0.75,0,arizona,1
17,4287-5445arizona,4287arizona,11.12,44.07,30.95,1745,39.0,0.9,40834000794,0.0,0.0,1.0,0.0,0,arizona,0
18,4287-5445arizona,4287arizona,11.24,44.19,30.68,1806,41.0,1.85,40834000794,0.0,0.0,1.0,0.0,0,arizona,0
19,4287-5445arizona,4287arizona,10.84,46.81,29.76,1771,44.0,2.66,40834000794,0.0,0.0,1.0,0.0,0,arizona,0
21,4287-5445arizona,4287arizona,9.58,47.13,27.74,1691,27.0,2.02,40834000794,0.5,0.5,0.0,0.75,0,arizona,1
17,4287-5448arizona,4287arizona,23.99,30.25,33.66,2555,28.0,0.61,40834001567,0.0,0.0,1.0,0.0,0,arizona,0
18,4287-5448arizona,4287arizona,24.52,31.9,30.81,2577,28.0,1.5,40834001567,0.0,0.0,1.0,0.0,0,arizona,0
19,4287-5448arizona,4287arizona,25.49,33.43,28.58,2519,30.0,1.74,40834001567,0.0,0.0,1.0,0.0,0,arizona,0
21,4287-5448arizona,4287arizona,24.91,35.67,22.99,1979,20.0,2.07,40834001567,0.5,0.5,0.0,0.75,0,arizona,1
17,4287-5444arizona,4287arizona,12.7,68.6,8.72,1583,64.0,1.51,40834000795,0.0,0.0,1.0,0.0,0,arizona,0
18,4287-5444arizona,4287arizona,12.46,69.68,8.29,1725,65.0,1.75,40834000795,0.0,0.0,1.0,0.0,0,arizona,0
19,4287-5444arizona,4287arizona,12.29,69.61,7.69,1652,55.0,1.92,40834000795,0.0,0.0,1.0,0.0,0,arizona,0
21,4287-5444arizona,4287arizona,9.96,71.19,6.95,1496,45.0,3.42,40834000795,0.5,0.5,0.0,0.75,0,arizona,1
17,4219-4889arizona,4219arizona,0.0,21.11,75.91,469,26.0,1.16,40841001110,0.0,0.0,1.0,0.0,0,arizona,0
18,4219-4889arizona,4219arizona,0.0,19.24,76.46,395,27.0,1.17,40841001110,0.0,0.0,1.0,0.0,0,arizona,0
19,4219-4889arizona,4219arizona,0.0,19.32,76.89,502,28.0,0.91,40841001110,0.0,0.0,1.0,0.0,0,arizona,0
21,4219-4889arizona,4219arizona,0.0,22.14,74.86,533,22.0,2.52,40841001110,1.0,0.0,0.0,0.5,0,arizona,1
17,4288-85810arizona,4288arizona,6.13,84.92,5.06,2334,71.0,2.11,40852002416,0.0,0.0,1.0,0.0,0,arizona,0
18,4288-85810arizona,4288arizona,6.06,84.74,5.0,2378,70.0,2.5,40852002416,0.0,0.0,1.0,0.0,0,arizona,0
19,4288-85810arizona,4288arizona,6.15,84.98,4.87,2423,67.0,1.95,40852002416,0.0,0.0,1.0,0.0,0,arizona,0
21,4288-85810arizona,4288arizona,4.81,86.37,4.41,2018,73.0,3.15,40852002416,0.2,0.8,0.0,0.9,0,arizona,1
17,4288-80051arizona,4288arizona,12.29,74.9,7.74,2287,68.0,2.25,40852002339,0.0,0.0,1.0,0.0,0,arizona,0
18,4288-80051arizona,4288arizona,13.18,73.85,8.24,2245,67.0,1.51,40852002339,0.0,0.0,1.0,0.0,0,arizona,0
19,4288-80051arizona,4288arizona,12.01,75.17,7.86,2340,66.0,1.38,40852002339,0.0,0.0,1.0,0.0,0,arizona,0
21,4288-80051arizona,4288arizona,8.93,80.21,6.06,1981,66.0,4.74,40852002339,0.2,0.8,0.0,0.9,0,arizona,1
17,4288-89908arizona,4288arizona,7.66,85.64,3.83,1853,71.0,2.42,40852002912,0.0,0.0,1.0,0.0,0,arizona,0
18,4288-89908arizona,4288arizona,8.01,85.52,4.09,1810,73.0,2.75,40852002912,0.0,0.0,1.0,0.0,0,arizona,0
19,4288-89908arizona,4288arizona,8.36,85.27,3.37,1867,73.0,2.25,40852002912,0.0,0.0,1.0,0.0,0,arizona,0
21,4288-89908arizona,4288arizona,7.25,85.79,2.64,1780,69.0,4.23,40852002912,0.2,0.8,0.0,0.9,0,arizona,1
17,4288-5452arizona,4288arizona,9.82,80.88,5.35,2170,70.0,2.35,40852000805,0.0,0.0,1.0,0.0,0,arizona,0
18,4288-5452arizona,4288arizona,9.18,81.47,5.11,2310,68.0,2.14,40852000805,0.0,0.0,1.0,0.0,0,arizona,0
19,4288-5452arizona,4288arizona,9.3,81.61,5.41,2366,68.0,1.72,40852000805,0.0,0.0,1.0,0.0,0,arizona,0
21,4288-5452arizona,4288arizona,7.96,83.11,4.13,1960,65.0,2.43,40852000805,0.2,0.8,0.0,0.9,0,arizona,1
17,4288-5453arizona,4288arizona,10.18,65.87,17.5,2388,52.0,2.28,40852001478,0.0,0.0,1.0,0.0,0,arizona,0
18,4288-5453arizona,4288arizona,10.93,66.13,16.25,2406,53.0,1.71,40852001478,0.0,0.0,1.0,0.0,0,arizona,0
19,4288-5453arizona,4288arizona,11.07,66.76,14.75,2440,52.0,2.11,40852001478,0.0,0.0,1.0,0.0,0,arizona,0
21,4288-5453arizona,4288arizona,9.46,70.03,10.63,1872,50.0,4.58,40852001478,0.2,0.8,0.0,0.9,0,arizona,1
17,4168-4751arizona,4168arizona,7.81,27.14,56.88,269,53.0,1.44,40860000809,0.0,0.0,1.0,0.0,0,arizona,0
18,4168-4751arizona,4168arizona,5.11,26.08,60.48,372,47.0,1.93,40860000809,0.0,0.0,1.0,0.0,0,arizona,0
19,4168-4751arizona,4168arizona,3.23,26.62,59.45,402,41.0,2.53,40860000809,0.0,0.0,1.0,0.0,0,arizona,0
21,4168-4751arizona,4168arizona,0.0,29.72,56.68,434,43.0,4.63,40860000809,0.9,0.1,0.0,0.55,0,arizona,1
17,4197-4838arizona,4197arizona,0.0,0.0,0.0,713,78.0,5.29,40868000812,0.0,0.0,1.0,0.0,0,arizona,0
18,4197-4838arizona,4197arizona,0.0,0.0,0.0,688,78.0,4.55,40868000812,0.0,0.0,1.0,0.0,0,arizona,0
19,4197-4838arizona,4197arizona,0.0,0.0,0.0,651,82.0,6.76,40868000812,0.0,0.0,1.0,0.0,0,arizona,0
21,4197-4838arizona,4197arizona,0.0,0.0,0.0,558,82.0,16.04,40868000812,0.0,1.0,0.0,1.0,0,arizona,1
17,4403-5756arizona,4403arizona,14.85,49.05,24.66,734,73.0,4.91,40880001261,0.0,0.0,1.0,0.0,0,arizona,0
18,4403-5756arizona,4403arizona,15.92,46.62,24.23,710,72.0,4.83,40880001261,0.0,0.0,1.0,0.0,0,arizona,0
19,4403-5756arizona,4403arizona,14.69,51.84,22.03,708,72.0,5.35,40880001261,0.0,0.0,1.0,0.0,0,arizona,0
21,4403-5756arizona,4403arizona,16.29,52.36,18.21,571,98.0,8.43,40880001261,0.2,0.8,0.0,0.9,0,arizona,1
17,4403-5757arizona,4403arizona,3.92,81.07,7.69,1886,73.0,2.5,40880001443,0.0,0.0,1.0,0.0,0,arizona,0
18,4403-5757arizona,4403arizona,3.12,81.66,6.66,1892,67.0,3.24,40880001443,0.0,0.0,1.0,0.0,0,arizona,0
19,4403-5757arizona,4403arizona,2.86,82.49,6.73,1856,61.0,2.66,40880001443,0.0,0.0,1.0,0.0,0,arizona,0
21,4403-5757arizona,4403arizona,2.38,81.95,6.29,1684,63.0,5.15,40880001443,0.2,0.8,0.0,0.9,0,arizona,1
17,4403-5758arizona,4403arizona,15.3,51.42,22.91,1235,69.0,2.64,40880001263,0.0,0.0,1.0,0.0,0,arizona,0
18,4403-5758arizona,4403arizona,15.29,51.1,23.26,1092,66.0,2.41,40880001263,0.0,0.0,1.0,0.0,0,arizona,0
19,4403-5758arizona,4403arizona,15.42,50.05,24.62,979,61.0,3.83,40880001263,0.0,0.0,1.0,0.0,0,arizona,0
21,4403-5758arizona,4403arizona,14.57,47.63,24.55,611,65.0,8.85,40880001263,0.2,0.8,0.0,0.9,0,arizona,1
17,4403-6264arizona,4403arizona,0.0,85.23,0.0,88,57.0,8.81,40880001508,0.0,0.0,1.0,0.0,0,arizona,0
18,4403-6264arizona,4403arizona,0.0,68.06,15.28,72,57.0,10.96,40880001508,0.0,0.0,1.0,0.0,0,arizona,0
19,4403-6264arizona,4403arizona,0.0,65.28,0.0,72,65.0,10.53,40880001508,0.0,0.0,1.0,0.0,0,arizona,0
21,4403-6264arizona,4403arizona,0.0,69.39,0.0,49,61.0,31.91,40880001508,0.2,0.8,0.0,0.9,0,arizona,1
17,4403-5759arizona,4403arizona,1.81,89.77,3.27,1710,75.0,2.51,40880001445,0.0,0.0,1.0,0.0,0,arizona,0
18,4403-5759arizona,4403arizona,1.74,89.61,3.06,1665,68.0,2.27,40880001445,0.0,0.0,1.0,0.0,0,arizona,0
19,4403-5759arizona,4403arizona,1.39,89.55,2.6,1655,63.0,1.8,40880001445,0.0,0.0,1.0,0.0,0,arizona,0
21,4403-5759arizona,4403arizona,1.59,89.26,1.89,1639,65.0,4.25,40880001445,0.2,0.8,0.0,0.9,0,arizona,1
17,4403-5760arizona,4403arizona,12.68,58.79,18.84,1104,43.0,3.59,40880001446,0.0,0.0,1.0,0.0,0,arizona,0
18,4403-5760arizona,4403arizona,11.42,61.12,19.39,1016,41.0,4.02,40880001446,0.0,0.0,1.0,0.0,0,arizona,0
19,4403-5760arizona,4403arizona,10.71,62.14,19.29,1120,38.0,5.04,40880001446,0.0,0.0,1.0,0.0,0,arizona,0
21,4403-5760arizona,4403arizona,10.91,59.63,19.8,1283,43.0,7.56,40880001446,0.2,0.8,0.0,0.9,0,arizona,1
17,4403-5761arizona,4403arizona,3.33,33.69,54.72,932,20.0,1.43,40880000827,0.0,0.0,1.0,0.0,0,arizona,0
18,4403-5761arizona,4403arizona,3.27,33.26,55.31,857,19.0,0.82,40880000827,0.0,0.0,1.0,0.0,0,arizona,0
19,4403-5761arizona,4403arizona,4.41,36.6,51.02,929,31.0,0.85,40880000827,0.0,0.0,1.0,0.0,0,arizona,0
21,4403-5761arizona,4403arizona,3.92,35.81,49.89,944,22.0,2.45,40880000827,0.2,0.8,0.0,0.9,0,arizona,1
17,4403-5762arizona,4403arizona,6.52,41.44,43.2,1810,42.0,1.49,40880001447,0.0,0.0,1.0,0.0,0,arizona,0
18,4403-5762arizona,4403arizona,7.45,42.46,40.33,1691,41.0,2.23,40880001447,0.0,0.0,1.0,0.0,0,arizona,0
19,4403-5762arizona,4403arizona,7.59,43.11,39.72,1712,39.0,1.76,40880001447,0.0,0.0,1.0,0.0,0,arizona,0
21,4403-5762arizona,4403arizona,6.42,48.14,33.38,1558,45.0,2.6,40880001447,0.2,0.8,0.0,0.9,0,arizona,1
17,4403-5763arizona,4403arizona,10.61,44.92,34.76,443,58.0,3.53,40880001448,0.0,0.0,1.0,0.0,0,arizona,0
18,4403-5763arizona,4403arizona,10.33,50.33,31.0,300,60.0,3.61,40880001448,0.0,0.0,1.0,0.0,0,arizona,0
19,4403-5763arizona,4403arizona,10.59,51.16,29.97,387,67.0,2.48,40880001448,0.0,0.0,1.0,0.0,0,arizona,0
21,4403-5763arizona,4403arizona,7.26,54.47,26.82,358,60.0,8.38,40880001448,0.2,0.8,0.0,0.9,0,arizona,1
17,4403-5764arizona,4403arizona,4.4,74.91,12.46,3113,56.0,2.89,40880001268,0.0,0.0,1.0,0.0,0,arizona,0
18,4403-5764arizona,4403arizona,5.19,73.05,13.77,3006,53.0,2.55,40880001268,0.0,0.0,1.0,0.0,0,arizona,0
19,4403-5764arizona,4403arizona,6.02,68.92,15.7,3140,48.0,3.17,40880001268,0.0,0.0,1.0,0.0,0,arizona,0
21,4403-5764arizona,4403arizona,5.43,69.08,15.03,3221,50.0,4.37,40880001268,0.2,0.8,0.0,0.9,0,arizona,1
17,4413-91292arizona,4413arizona,5.19,28.06,61.3,752,26.0,0.78,40885003272,0.0,0.0,1.0,0.0,0,arizona,0
18,4413-91292arizona,4413arizona,5.36,26.44,61.81,783,26.0,0.91,40885003272,0.0,0.0,1.0,0.0,0,arizona,0
19,4413-91292arizona,4413arizona,4.95,30.21,58.74,950,25.0,1.51,40885003272,0.0,0.0,1.0,0.0,0,arizona,0
21,4413-91292arizona,4413arizona,4.79,29.86,57.75,710,23.0,2.0,40885003272,0.7,0.3,0.0,0.65,0,arizona,1
17,4413-79721arizona,4413arizona,6.7,33.98,52.61,1954,24.0,1.76,40885002195,0.0,0.0,1.0,0.0,0,arizona,0
18,4413-79721arizona,4413arizona,5.91,34.75,52.85,1879,23.0,0.88,40885002195,0.0,0.0,1.0,0.0,0,arizona,0
19,4413-79721arizona,4413arizona,5.63,35.31,52.18,1991,20.0,1.31,40885002195,0.0,0.0,1.0,0.0,0,arizona,0
21,4413-79721arizona,4413arizona,4.66,38.8,48.95,1951,20.0,2.0,40885002195,0.7,0.3,0.0,0.65,0,arizona,1
17,4413-84665arizona,4413arizona,0.0,42.11,48.03,152,27.0,17.62,40885003175,0.0,0.0,1.0,0.0,0,arizona,0
18,4413-84665arizona,4413arizona,0.0,37.61,52.29,109,37.0,20.47,40885003175,0.0,0.0,1.0,0.0,0,arizona,0
19,4413-84665arizona,4413arizona,0.0,33.58,53.73,134,26.0,16.67,40885003175,0.0,0.0,1.0,0.0,0,arizona,0
21,4413-84665arizona,4413arizona,0.0,42.62,49.18,61,36.0,17.92,40885003175,0.8,0.2,0.0,0.6,0,arizona,1
17,4394-5637arizona,4394arizona,0.0,0.0,0.0,521,98.0,22.96,40916000005,0.0,0.0,1.0,0.0,0,arizona,0
18,4394-5637arizona,4394arizona,0.0,0.0,0.0,518,98.0,17.41,40916000005,0.0,0.0,1.0,0.0,0,arizona,0
19,4394-5637arizona,4394arizona,0.0,0.0,0.0,565,98.0,12.54,40916000005,0.0,0.0,1.0,0.0,0,arizona,0
21,4394-5637arizona,4394arizona,0.0,0.0,0.0,550,98.0,21.25,40916000005,0.2,0.8,0.0,0.9,0,arizona,1
17,4236-4987arizona,4236arizona,0.0,30.74,66.78,283,47.0,5.03,40919000955,0.0,0.0,1.0,0.0,0,arizona,0
18,4236-4987arizona,4236arizona,2.0,35.64,60.91,550,48.0,4.92,40919000955,0.0,0.0,1.0,0.0,0,arizona,0
19,4236-4987arizona,4236arizona,2.22,34.07,61.67,540,42.0,5.96,40919000955,0.0,0.0,1.0,0.0,0,arizona,0
21,4236-4987arizona,4236arizona,0.0,42.13,51.57,413,42.0,6.7,40919000955,0.7,0.3,0.0,0.65,0,arizona,1
17,4170-4757arizona,4170arizona,0.0,61.65,36.09,399,51.0,3.26,40925000957,0.0,0.0,1.0,0.0,0,arizona,0
18,4170-4757arizona,4170arizona,0.0,57.02,41.32,363,61.0,1.12,40925000957,0.0,0.0,1.0,0.0,0,arizona,0
19,4170-4757arizona,4170arizona,0.0,61.03,36.41,390,49.0,2.95,40925000957,0.0,0.0,1.0,0.0,0,arizona,0
21,4170-4757arizona,4170arizona,0.0,64.25,33.6,372,45.0,4.23,40925000957,0.8,0.2,0.0,0.6,0,arizona,1
17,4154-4717arizona,4154arizona,0.0,0.0,0.0,551,78.0,9.0,40943000970,0.0,0.0,1.0,0.0,0,arizona,0
18,4154-4717arizona,4154arizona,0.0,0.0,0.0,584,84.0,7.09,40943000970,0.0,0.0,1.0,0.0,0,arizona,0
19,4154-4717arizona,4154arizona,0.0,0.0,0.0,592,84.0,5.4,40943000970,0.0,0.0,1.0,0.0,0,arizona,0
21,4154-4717arizona,4154arizona,0.0,0.0,0.0,627,84.0,4.61,40943000970,0.0,1.0,0.0,1.0,0,arizona,1
17,4387-5604arizona,4387arizona,0.0,20.31,16.64,709,58.0,6.43,40946000975,0.0,0.0,1.0,0.0,0,arizona,0
18,4387-5604arizona,4387arizona,0.0,23.46,16.64,601,66.0,5.08,40946000975,0.0,0.0,1.0,0.0,0,arizona,0
19,4387-5604arizona,4387arizona,0.0,21.63,18.1,652,66.0,5.41,40946000975,0.0,0.0,1.0,0.0,0,arizona,0
21,4387-5604arizona,4387arizona,0.0,23.29,15.15,614,66.0,6.07,40946000975,0.8,0.2,0.0,0.6,0,arizona,1
17,4509-6193arizona,4509arizona,0.0,90.6,0.0,117,72.0,34.21,40009501114,0.0,0.0,1.0,0.0,1,arizona,0
18,4509-6193arizona,4509arizona,0.0,93.55,0.0,93,72.0,36.57,40009501114,0.0,0.0,1.0,0.0,1,arizona,0
19,4509-6193arizona,4509arizona,0.0,89.31,0.0,131,73.0,30.48,40009501114,0.0,0.0,1.0,0.0,1,arizona,0
21,4509-6193arizona,4509arizona,0.0,90.38,0.0,104,78.0,18.75,40009501114,1.0,0.0,0.0,0.5,1,arizona,1
17,4507-6191arizona,4507arizona,1.42,80.78,14.35,2607,64.0,2.01,40963001388,0.0,0.0,1.0,0.0,0,arizona,0
18,4507-6191arizona,4507arizona,1.77,80.79,13.63,2488,64.0,1.06,40963001388,0.0,0.0,1.0,0.0,0,arizona,0
19,4507-6191arizona,4507arizona,1.6,82.78,11.91,2561,64.0,1.75,40963001388,0.0,0.0,1.0,0.0,0,arizona,0
21,4507-6191arizona,4507arizona,1.55,83.15,11.45,2523,64.0,2.94,40963001388,0.6,0.4,0.0,0.7,0,arizona,1
17,4507-89576arizona,4507arizona,2.12,58.21,36.71,1888,52.0,1.69,40963002775,0.0,0.0,1.0,0.0,0,arizona,0
18,4507-89576arizona,4507arizona,1.77,57.29,37.83,1866,56.0,1.12,40963002775,0.0,0.0,1.0,0.0,0,arizona,0
19,4507-89576arizona,4507arizona,1.46,58.71,36.96,1986,56.0,0.85,40963002775,0.0,0.0,1.0,0.0,0,arizona,0
21,4507-89576arizona,4507arizona,1.01,60.6,33.22,2089,56.0,2.4,40963002775,0.6,0.4,0.0,0.7,0,arizona,1
17,4507-6190arizona,4507arizona,1.44,88.21,8.56,2291,72.0,1.67,40963000996,0.0,0.0,1.0,0.0,0,arizona,0
18,4507-6190arizona,4507arizona,1.63,88.52,8.09,2274,72.0,1.13,40963000996,0.0,0.0,1.0,0.0,0,arizona,0
19,4507-6190arizona,4507arizona,1.24,88.78,7.91,2416,72.0,0.82,40963000996,0.0,0.0,1.0,0.0,0,arizona,0
21,4507-6190arizona,4507arizona,0.85,89.26,7.13,2468,72.0,2.57,40963000996,0.6,0.4,0.0,0.7,0,arizona,1
17,4507-80409arizona,4507arizona,0.0,99.8,0.0,2931,83.0,3.15,40963003076,0.0,0.0,1.0,0.0,0,arizona,0
18,4507-80409arizona,4507arizona,0.0,99.77,0.0,3075,83.0,0.51,40963003076,0.0,0.0,1.0,0.0,0,arizona,0
19,4507-80409arizona,4507arizona,0.0,99.79,0.0,2859,83.0,0.56,40963003076,0.0,0.0,1.0,0.0,0,arizona,0
21,4507-80409arizona,4507arizona,0.0,99.2,0.73,2617,90.0,2.0,40963003076,0.5,0.5,0.0,0.75,0,arizona,1
17,4507-6302arizona,4507arizona,0.0,86.36,10.8,176,82.0,12.3,40963000157,0.0,0.0,1.0,0.0,0,arizona,0
18,4507-6302arizona,4507arizona,0.0,80.45,14.29,133,82.0,13.09,40963000157,0.0,0.0,1.0,0.0,0,arizona,0
19,4507-6302arizona,4507arizona,0.0,85.71,9.52,147,81.0,14.44,40963000157,0.0,0.0,1.0,0.0,0,arizona,0
21,4507-6302arizona,4507arizona,0.0,85.46,7.05,227,85.0,21.69,40963000157,0.6,0.4,0.0,0.7,0,arizona,1
17,4507-6189arizona,4507arizona,1.75,87.65,7.53,1142,80.0,1.95,40963000997,0.0,0.0,1.0,0.0,0,arizona,0
18,4507-6189arizona,4507arizona,1.7,87.35,8.43,1115,80.0,2.07,40963000997,0.0,0.0,1.0,0.0,0,arizona,0
19,4507-6189arizona,4507arizona,1.68,86.18,8.76,1187,80.0,0.9,40963000997,0.0,0.0,1.0,0.0,0,arizona,0
21,4507-6189arizona,4507arizona,1.33,89.28,6.55,1129,86.0,2.45,40963000997,0.6,0.4,0.0,0.7,0,arizona,1
