year,mergecode,districtcode,schoolcode,black,hispanic,white,totalenroll
17,79457-79458,79457,79458,0.0,21.88,68.75,64
17,79053-79123,79053,79123,10.42,80.0,6.25,240
17,89949-90271,89949,90271,10.8,74.55,8.48,389
17,91303-91304,91303,91304,10.05,76.72,5.88,408
17,91305-91306,91305,91306,9.36,26.81,50.64,235
17,91307-91308,91307,91308,0.0,27.72,57.34,368
17,92325-92326,92325,92326,10.34,74.02,10.61,358
17,92327-91323,92327,91323,4.0,29.67,53.33,300
17,92987-635758,92987,635758,0.0,54.84,22.58,62
17,89869-89870,89869,89870,13.55,32.26,18.06,155
17,8326-8327,8326,8327,17.07,40.24,30.49,164
17,90199-90200,90199,90200,0.0,61.62,25.25,99
17,90199-90770,90199,90770,0.0,80.6,14.69,531
17,4296-5461,4296,5461,38.04,41.3,0.0,92
17,85540-85541,85540,85541,0.0,18.18,74.38,121
17,90878-92197,90878,92197,6.93,89.31,2.57,505
17,79961-79094,79961,79094,3.34,67.78,21.96,419
17,92768-92769,92768,92769,4.44,91.11,3.25,585
17,78897-81130,78897,81130,0.0,25.0,63.73,284
17,78897-78898,78897,78898,0.0,21.94,63.87,155
17,78897-79986,78897,79986,0.0,25.77,58.85,260
17,79213-10795,79213,10795,0.0,56.25,30.47,128
17,6364-5891,6364,5891,0.0,53.41,38.64,176
17,4297-5462,4297,5462,0.0,10.38,86.89,183
17,4325-5496,4325,5496,0.0,96.73,0.0,398
17,79437-79438,79437,79438,0.0,30.99,62.3,313
17,79437-88180,79437,88180,0.0,30.22,64.75,139
17,4289-5454,4289,5454,10.86,64.91,19.5,1667
17,4289-79799,4289,79799,13.89,50.91,27.38,1764
17,4289-78926,4289,78926,11.46,36.94,40.39,2347
17,4289-87903,4289,87903,6.03,36.87,49.52,1991
17,4249-5187,4249,5187,0.0,95.65,0.0,161
17,4249-4987,4249,4987,0.0,94.0,0.0,50
17,90758-91184,90758,91184,9.65,21.93,59.65,114
17,90758-91246,90758,91246,0.0,0.0,59.18,49
17,4409-5831,4409,5831,0.0,65.08,19.05,315
17,4409-6292,4409,6292,0.0,72.31,10.0,130
17,5978-10797,5978,10797,0.0,0.0,0.0,17
17,78966-78967,78966,78967,0.0,0.0,0.0,117
17,4280-5381,4280,5381,7.85,70.97,15.85,713
17,4280-5382,4280,5382,6.61,84.86,4.59,1090
17,4280-5384,4280,5384,12.83,72.24,8.62,951
17,4280-6030,4280,6030,15.89,67.9,10.11,623
17,4280-5385,4280,5385,6.15,78.49,9.57,1139
17,4280-8824,4280,8824,6.04,82.97,4.4,364
17,4280-5386,4280,5386,3.74,86.1,4.06,935
17,4280-5387,4280,5387,4.83,89.6,2.69,1077
17,4280-5388,4280,5388,5.01,88.74,3.5,799
17,4280-5383,4280,5383,6.46,85.16,2.94,883
17,4280-5389,4280,5389,12.26,72.28,5.71,1313
17,4280-5391,4280,5391,12.21,71.4,6.05,860
17,4280-5390,4280,5390,7.93,80.92,4.46,807
17,4280-79203,4280,79203,8.15,77.79,7.2,1166
17,4280-5392,4280,5392,9.55,72.76,4.89,859
17,79969-79970,79969,79970,11.21,65.52,17.24,116
17,4347-5521,4347,5521,6.47,16.44,63.07,371
17,4161-4743,4161,4743,0.0,0.0,77.05,61
17,4418-5859,4418,5859,0.0,55.96,30.46,302
17,4418-5791,4418,5791,0.0,14.97,74.15,147
17,4418-5781,4418,5781,0.0,38.1,51.19,84
17,4418-84336,4418,84336,0.0,53.43,32.86,350
17,4418-6054,4418,6054,0.0,75.0,0.0,16
17,89550-89551,89550,89551,0.0,21.67,55.0,60
17,79215-78788,79215,78788,4.37,89.77,4.71,870
17,80995-80996,80995,80996,0.0,95.07,0.0,467
17,79883-6346,79883,6346,0.0,18.75,76.25,160
17,79874-78813,79874,78813,0.0,77.08,15.42,240
17,79872-78901,79872,78901,9.74,31.79,37.44,195
17,79873-78900,79873,78900,16.49,72.04,8.24,279
17,79875-78817,79875,78817,10.22,63.46,21.61,509
17,80989-80990,80989,80990,24.09,69.77,0.0,440
17,88334-88335,88334,88335,9.26,80.32,5.79,432
17,79877-6347,79877,6347,4.78,60.0,24.35,460
17,79879-6348,79879,6348,4.41,89.33,2.78,431
17,6365-88201,6365,88201,0.0,15.48,58.71,155
17,6365-6366,6365,6366,0.0,25.72,68.48,276
17,4348-91778,4348,91778,2.33,17.34,73.36,473
17,4348-91793,4348,91793,2.37,13.03,80.26,760
17,4348-91173,4348,91173,3.79,21.7,66.31,659
17,4348-5522,4348,5522,0.0,12.87,77.36,614
17,4348-92885,4348,92885,3.93,21.89,68.02,1704
17,4348-90769,4348,90769,3.74,12.91,78.19,1417
17,4348-92348,4348,92348,2.71,22.17,67.24,406
17,79461-81178,79461,81178,5.21,36.06,49.78,4359
17,4406-91755,4406,91755,0.0,0.0,65.62,32
17,4406-6055,4406,6055,10.69,62.36,17.54,1254
17,4406-5805,4406,5805,13.18,61.71,15.01,713
17,4406-5808,4406,5808,2.99,33.33,57.23,1473
17,4406-5802,4406,5802,2.33,28.35,58.25,515
17,4406-5799,4406,5799,1.56,41.68,53.52,895
17,4406-5796,4406,5796,4.48,76.42,9.2,424
17,4406-5794,4406,5794,6.53,59.05,23.37,398
17,4406-5795,4406,5795,10.79,70.5,11.27,417
17,4406-79378,4406,79378,2.26,25.14,66.78,1770
17,4406-5797,4406,5797,17.39,54.42,15.44,667
17,4406-5804,4406,5804,4.9,67.71,19.82,449
17,4406-5806,4406,5806,2.34,32.55,57.63,642
17,4406-5798,4406,5798,3.49,53.39,32.24,487
17,4406-5792,4406,5792,0.0,41.99,46.15,312
17,4406-5800,4406,5800,0.0,34.69,59.18,392
17,4406-79282,4406,79282,0.0,17.31,71.73,520
17,4406-5807,4406,5807,2.37,22.8,67.14,1351
17,4406-5803,4406,5803,0.0,50.0,36.84,76
17,4406-5801,4406,5801,4.37,71.52,17.05,481
17,4406-5793,4406,5793,2.34,22.61,67.64,513
17,4506-92739,4506,92739,0.0,87.5,0.0,16
17,4506-6188,4506,6188,0.0,79.57,19.13,230
17,90532-90635,90532,90635,0.0,9.67,78.39,796
17,4443-5925,4443,5925,0.0,29.46,65.86,1110
17,4443-5923,4443,5923,0.0,30.99,63.1,626
17,4443-5922,4443,5922,0.0,29.34,64.48,777
17,4443-5920,4443,5920,1.82,38.27,57.54,716
17,4443-79631,4443,79631,0.0,29.87,65.22,529
17,79426-79432,79426,79432,0.0,96.98,0.0,232
17,92312-92313,92312,92313,3.0,18.2,62.48,533
17,90917-90999,90917,90999,3.2,15.79,54.51,532
17,92314-92315,92314,92315,2.33,11.63,75.78,516
17,91878-91879,91878,91879,0.0,11.55,68.16,537
17,92656-92708,92656,92708,0.0,14.87,51.08,511
17,91758-91785,91758,91785,2.94,12.92,71.23,511
17,90857-90994,90857,90994,0.0,8.4,72.59,405
17,92704-92707,92704,92707,0.0,35.28,38.1,462
17,90915-91001,90915,91001,4.99,27.54,52.87,541
17,90916-91000,90916,91000,0.0,11.17,75.42,537
17,89486-89487,89486,89487,4.14,18.08,68.55,531
17,6378-10755,6378,10755,0.0,63.27,0.0,49
17,4331-6344,4331,6344,3.66,12.79,77.55,383
17,85816-5503,85816,5503,7.64,81.38,9.55,419
17,87403-87404,87403,87404,0.0,13.53,80.59,170
17,90779-90780,90779,90780,7.29,38.12,46.04,480
17,91131-91132,91131,91132,0.0,6.67,90.48,210
17,91958-92598,91958,92598,0.0,55.1,24.49,98
17,91958-92984,91958,92984,0.0,39.62,41.51,53
17,4346-5520,4346,5520,0.0,77.14,0.0,105
17,79947-79950,79947,79950,6.96,56.77,28.25,761
17,79947-81187,79947,81187,13.94,45.82,32.0,825
17,79947-91805,79947,91805,0.0,92.01,0.0,413
17,87407-81179,87407,81179,5.11,23.24,61.29,2134
17,8336-8348,8336,8348,0.0,0.0,0.0,23
17,8336-8337,8336,8337,0.0,0.0,0.0,12
17,8336-92289,8336,92289,19.48,76.62,0.0,77
17,8336-10229,8336,10229,0.0,58.33,0.0,24
17,8336-8343,8336,8343,0.0,0.0,0.0,16
17,8336-8341,8336,8341,27.78,50.0,0.0,54
17,8336-8340,8336,8340,0.0,68.75,0.0,16
17,92566-92567,92566,92567,0.0,36.23,40.58,69
17,85749-85750,85749,85750,0.0,11.82,77.96,313
17,4345-5519,4345,5519,3.29,22.77,61.03,852
17,4274-5354,4274,5354,0.0,67.18,31.66,259
17,4187-4797,4187,4797,0.0,0.0,0.0,15
17,4471-6101,4471,6101,0.0,46.85,52.25,111
17,4471-6103,4471,6103,0.0,47.3,51.35,74
17,4471-6102,4471,6102,0.0,53.7,44.44,54
17,91133-91134,91133,91134,0.0,18.41,58.83,1195
17,4272-91985,4272,91985,15.67,76.5,6.22,434
17,4272-87619,4272,87619,12.62,50.09,31.64,531
17,4272-90028,4272,90028,9.44,49.09,33.46,1049
17,4272-79670,4272,79670,11.94,53.75,29.03,720
17,4272-79792,4272,79792,16.31,51.06,28.23,705
17,4272-5348,4272,5348,14.63,74.77,7.5,547
17,4272-5349,4272,5349,12.27,75.46,10.04,269
17,4272-5347,4272,5347,4.89,90.22,3.84,859
17,4272-78924,4272,78924,11.57,54.8,28.6,458
17,79929-80006,79929,80006,0.0,92.86,0.0,98
17,4508-6192,4508,6192,0.0,85.42,0.0,96
17,6361-6065,6361,6065,3.98,32.96,37.56,804
17,81078-81079,81078,81079,0.0,6.2,39.04,1081
17,90508-90509,90508,90509,0.0,13.84,62.17,571
17,90841-91055,90841,91055,3.63,5.44,36.01,772
17,90842-91056,90842,91056,1.67,3.57,18.84,897
17,90862-90863,90862,90863,0.0,10.16,74.53,640
17,91280-91343,91280,91343,2.05,6.27,51.22,781
17,91309-91766,91309,91766,3.29,16.37,59.92,1063
17,91339-92030,91339,92030,4.23,6.88,36.77,756
17,91949-91997,91949,91997,6.79,16.05,52.93,648
17,92318-92319,92318,92319,2.49,17.19,57.09,762
17,92320-92321,92320,92321,1.78,9.03,78.12,786
17,92349-92350,92349,92350,7.95,19.32,38.3,880
17,92734-92735,92734,92735,10.75,15.05,38.17,186
17,92736-92737,92736,92737,13.41,27.16,33.11,589
17,92863-92864,92863,92864,2.45,5.09,24.72,530
17,92865-92866,92865,92866,4.31,3.17,9.75,441
17,92997-93010,92997,93010,6.32,7.09,18.58,522
17,4412-90822,4412,90822,0.0,0.0,0.0,34
17,4412-5847,4412,5847,0.0,0.0,0.0,193
17,4412-5846,4412,5846,0.0,0.0,0.0,130
17,4412-948673,4412,948673,0.0,0.0,0.0,231
17,4412-5844,4412,5844,0.0,4.53,0.0,353
17,4468-6088,4468,6088,0.0,22.83,67.58,219
17,4468-6089,4468,6089,0.0,27.03,67.57,185
17,79204-10729,79204,10729,10.88,23.85,48.74,478
17,4294-10730,4294,10730,6.55,28.12,59.74,626
17,90885-91791,90885,91791,3.57,17.56,66.07,336
17,4268-5319,4268,5319,13.32,75.47,4.67,856
17,4268-81141,4268,81141,12.44,72.58,3.92,434
17,4268-5320,4268,5320,24.41,57.82,8.99,467
17,4268-5321,4268,5321,7.7,76.45,6.25,688
17,4268-92301,4268,92301,0.0,69.57,0.0,23
17,4481-6116,4481,6116,0.0,37.33,55.48,292
17,4481-6100,4481,6100,0.0,40.28,50.0,72
17,4481-6127,4481,6127,0.0,19.64,73.21,56
17,79983-79507,79983,79507,13.41,36.89,40.24,328
17,10972-78803,10972,78803,0.0,7.51,82.39,426
17,4355-5537,4355,5537,0.0,14.82,78.27,796
17,4355-5538,4355,5538,0.0,17.53,72.22,576
17,4355-88341,4355,88341,2.01,9.37,82.06,747
17,4355-92270,4355,92270,1.87,11.61,80.73,965
17,79226-4799,79226,4799,0.0,25.79,68.68,380
17,79226-4794,79226,4794,2.99,30.43,63.59,368
17,79226-4793,79226,4793,0.0,25.27,69.72,459
17,79226-85879,79226,85879,0.0,0.0,88.0,25
17,4515-6203,4515,6203,0.0,66.67,0.0,123
17,4169-4754,4169,4754,0.0,69.23,28.02,182
17,4169-4752,4169,4752,0.0,67.36,30.58,242
17,4169-4753,4169,4753,0.0,65.45,31.52,165
17,89871-89872,89871,89872,0.0,18.84,65.22,69
17,4231-4908,4231,4908,0.0,0.0,0.0,12
17,4397-5645,4397,5645,0.0,25.9,47.86,583
17,4397-5648,4397,5648,0.0,24.23,50.37,681
17,4397-5647,4397,5647,0.0,22.49,50.15,329
17,4397-5646,4397,5646,0.0,25.7,47.19,498
17,81041-90158,81041,90158,0.0,79.25,0.0,53
17,81041-81042,81041,81042,11.11,80.42,0.0,189
17,81041-81182,81041,81182,0.0,28.18,59.09,110
17,4224-4896,4224,4896,0.0,0.0,57.94,107
17,4513-6201,4513,6201,0.0,0.0,81.48,27
17,4171-4758,4171,4758,0.0,88.89,0.0,45
17,4171-4759,4171,4759,0.0,0.0,0.0,16
17,4305-5470,4305,5470,6.69,63.18,20.08,239
17,81097-81098,81097,81098,29.29,39.72,26.99,652
17,4362-5550,4362,5550,0.0,14.12,57.63,262
17,4269-81110,4269,81110,6.92,61.41,27.18,824
17,4269-87473,4269,87473,6.38,69.04,20.21,940
17,4269-91214,4269,91214,0.0,0.0,0.0,12
17,4269-90341,4269,90341,8.82,56.82,30.35,748
17,4269-89572,4269,89572,8.63,61.12,25.99,962
17,4269-87471,4269,87471,8.62,57.43,27.85,754
17,4269-88398,4269,88398,7.8,49.93,35.16,731
17,4284-5424,4284,5424,7.51,59.29,29.97,1518
17,4284-91214,4284,91214,0.0,28.21,53.85,39
17,4284-79376,4284,79376,4.7,39.98,50.61,1063
17,4284-89573,4284,89573,8.69,55.54,31.05,1462
17,4378-5587,4378,5587,0.0,61.82,34.09,440
17,4378-5583,4378,5583,0.0,50.48,44.1,517
17,4378-5584,4378,5584,0.0,63.21,30.62,405
17,4378-5585,4378,5585,4.44,30.37,57.9,563
17,4378-6048,4378,6048,0.0,24.07,67.08,486
17,4378-79655,4378,79655,0.0,32.25,61.79,369
17,79971-81102,79971,81102,0.0,54.79,26.6,188
17,90328-88290,90328,88290,13.39,33.47,43.1,239
17,90327-88289,90327,88289,7.57,24.35,56.5,423
17,90327-92235,90327,92235,10.13,25.77,52.2,454
17,91934-92498,91934,92498,8.89,23.33,58.33,180
17,85448-85451,85448,85451,0.0,43.48,49.46,184
17,85448-92561,85448,92561,0.0,30.99,52.11,71
17,85448-87441,85448,87441,0.0,26.76,64.79,71
17,90331-87412,90331,87412,0.0,33.33,0.0,72
17,80032-80033,80032,80033,0.0,96.88,0.0,96
17,79055-80463,79055,80463,3.97,25.52,62.24,580
17,78888-78889,78888,78889,0.0,20.66,71.83,213
17,78888-90325,78888,90325,12.93,32.76,46.55,116
17,79905-79906,79905,79906,6.9,74.23,11.25,551
17,91330-91926,91330,91926,0.0,0.0,74.7,83
17,4470-84659,4470,84659,0.0,55.17,0.0,29
17,4470-6098,4470,6098,0.0,29.61,55.3,689
17,4470-6100,4470,6100,0.0,27.09,60.76,395
17,4470-6099,4470,6099,0.0,32.55,52.76,381
17,4470-90137,4470,90137,0.0,0.0,48.28,29
17,89758-89759,89758,89759,0.0,9.27,75.33,604
17,4484-85850,4484,85850,0.0,0.0,79.17,48
17,4484-6119,4484,6119,0.0,17.56,72.52,131
17,81029-81030,81029,81030,7.79,53.25,29.55,308
17,78858-78859,78858,78859,0.0,23.68,69.3,114
17,4400-5652,4400,5652,0.0,25.49,60.78,51
17,79047-80430,79047,80430,0.0,74.51,0.0,51
17,79047-79129,79047,79129,11.81,75.69,6.71,432
17,79047-80025,79047,80025,11.93,52.29,30.28,109
17,79047-80050,79047,80050,8.29,77.56,0.0,205
17,80001-80002,80001,80002,0.0,57.29,33.33,192
17,4282-79283,4282,79283,3.92,91.76,2.61,765
17,4282-5414,4282,5414,0.0,89.47,0.0,190
17,4282-5398,4282,5398,3.14,91.71,2.76,796
17,4282-5405,4282,5405,2.42,94.57,1.67,1197
17,4282-5406,4282,5406,5.72,87.65,3.91,1101
17,4282-5411,4282,5411,3.46,91.72,2.56,1329
17,4282-5407,4282,5407,3.11,91.56,2.22,1126
17,4282-6032,4282,6032,3.49,92.38,2.33,774
17,4282-5399,4282,5399,3.89,91.47,1.8,668
17,4282-5409,4282,5409,8.73,84.34,4.49,779
17,4282-5402,4282,5402,4.25,87.25,4.96,706
17,4282-5400,4282,5400,5.43,88.64,2.96,810
17,4282-5401,4282,5401,4.99,89.02,4.49,601
17,4282-81109,4282,81109,10.55,81.32,3.43,787
17,4282-78980,4282,78980,3.31,92.1,2.82,1240
17,4282-5412,4282,5412,4.21,91.35,3.66,902
17,4282-5413,4282,5413,3.08,91.59,3.38,975
17,4282-89955,4282,89955,5.18,87.61,4.17,888
17,4282-5404,4282,5404,2.7,92.76,2.58,815
17,4282-5403,4282,5403,6.3,84.67,5.3,698
17,4282-5415,4282,5415,3.74,91.31,3.14,829
17,4446-79692,4446,79692,2.17,64.64,22.23,922
17,4446-5934,4446,5934,4.83,65.17,16.03,580
17,4446-5935,4446,5935,3.45,66.38,20.26,464
17,4446-5929,4446,5929,0.0,59.91,17.46,464
17,4446-87948,4446,87948,0.0,50.87,40.39,515
17,4446-90899,4446,90899,0.0,45.05,47.52,202
17,4446-5930,4446,5930,0.0,73.17,17.2,436
17,4446-5936,4446,5936,2.46,64.48,23.0,487
17,4446-89578,4446,89578,0.0,64.83,26.34,691
17,4446-5937,4446,5937,0.0,64.13,19.13,460
17,4446-5932,4446,5932,6.02,62.15,13.55,465
17,4446-5933,4446,5933,3.7,68.38,14.37,487
17,4446-7349,4446,7349,0.0,0.0,0.0,12
17,4446-89579,4446,89579,2.34,58.67,29.04,854
17,4453-5948,4453,5948,3.57,54.35,28.84,1737
17,4453-79658,4453,79658,0.0,36.47,45.88,85
17,4453-7349,4453,7349,0.0,0.0,0.0,12
17,4453-90084,4453,90084,3.73,66.83,21.76,1797
17,4410-5835,4410,5835,0.0,22.02,61.14,386
17,4410-5839,4410,5839,1.95,27.21,59.27,1694
17,4410-5836,4410,5836,0.0,18.18,60.1,198
17,4410-5837,4410,5837,0.0,21.54,65.78,599
17,4410-5833,4410,5833,0.0,22.06,65.84,603
17,4410-5834,4410,5834,0.0,24.27,62.29,655
17,4410-5832,4410,5832,0.0,21.7,60.07,576
17,4410-5838,4410,5838,0.0,32.48,54.53,508
17,4244-5134,4244,5134,0.0,13.26,82.33,430
17,4244-5137,4244,5137,1.41,6.76,88.39,1775
17,4244-5136,4244,5136,0.0,15.52,78.12,393
17,4244-78912,4244,78912,0.0,12.09,80.3,604
17,4244-87477,4244,87477,0.0,7.85,83.99,662
17,4244-80056,4244,80056,0.0,7.8,86.57,551
17,4244-78911,4244,78911,1.24,8.44,86.41,971
17,4244-91771,4244,91771,0.0,0.0,93.22,59
17,4395-5638,4395,5638,0.0,0.0,0.0,125
17,4191-85876,4191,85876,0.0,99.64,0.0,276
17,4191-85877,4191,85877,11.39,40.0,42.78,395
17,4191-4801,4191,4801,10.28,33.64,48.6,107
17,4191-4802,4191,4802,0.0,0.0,0.0,154
17,4191-79039,4191,79039,0.0,0.0,0.0,248
17,6362-5555,6362,5555,5.27,16.36,61.64,550
17,79886-79910,79886,79910,0.0,8.21,82.98,329
17,88299-88300,88299,88300,4.58,15.14,58.33,720
17,4242-87058,4242,87058,0.0,0.0,55.56,45
17,4242-5117,4242,5117,3.76,17.21,61.58,825
17,4242-89591,4242,89591,5.49,15.77,52.96,710
17,4242-90302,4242,90302,2.93,17.21,46.82,581
17,4242-85838,4242,85838,0.0,12.73,71.55,833
17,4242-79247,4242,79247,4.68,17.14,61.56,770
17,4242-79633,4242,79633,5.83,15.29,68.93,2642
17,4242-5125,4242,5125,6.78,25.36,53.83,1254
17,4242-5127,4242,5127,10.27,47.76,32.3,3241
17,4242-91282,4242,91282,0.0,12.95,74.82,139
17,4242-5119,4242,5119,6.0,20.36,50.35,717
17,4242-88404,4242,88404,0.0,10.54,44.49,816
17,4242-80102,4242,80102,4.35,19.94,50.97,667
17,4242-85837,4242,85837,3.07,12.01,69.99,683
17,4242-5122,4242,5122,6.16,41.68,43.53,487
17,4242-89926,4242,89926,2.6,15.8,73.3,1000
17,4242-5126,4242,5126,11.59,42.6,31.28,716
17,4242-92892,4242,92892,3.0,15.69,76.54,1765
17,4242-92891,4242,92891,2.82,17.95,70.54,886
17,4242-5116,4242,5116,10.84,77.27,5.07,572
17,4242-5113,4242,5113,2.36,91.74,4.42,678
17,4242-89925,4242,89925,0.0,13.17,72.41,957
17,4242-6015,4242,6015,8.38,22.33,48.38,3900
17,4242-5114,4242,5114,3.26,87.09,7.23,705
17,4242-89590,4242,89590,3.36,12.62,71.92,951
17,4242-79653,4242,79653,4.57,16.19,71.02,766
17,4242-91794,4242,91794,0.0,11.7,75.06,778
17,4242-5121,4242,5121,7.94,48.46,26.74,617
17,4242-5123,4242,5123,8.09,50.48,31.2,939
17,4242-5115,4242,5115,0.0,12.47,50.12,810
17,4242-78996,4242,78996,0.0,32.35,35.29,34
17,4242-79636,4242,79636,4.44,18.06,69.03,720
17,4242-89613,4242,89613,4.91,15.08,69.65,3542
17,4242-89589,4242,89589,2.41,14.49,75.55,994
17,4242-6014,4242,6014,4.93,20.41,57.0,872
17,4242-6013,4242,6013,9.0,61.14,23.22,633
17,4242-5111,4242,5111,6.68,81.68,4.97,584
17,4242-5118,4242,5118,5.38,50.32,31.33,632
17,4242-87679,4242,87679,2.87,14.57,68.09,940
17,4242-79634,4242,79634,3.77,15.0,69.78,1327
17,4242-5124,4242,5124,8.1,48.38,29.76,494
17,4242-79635,4242,79635,3.86,33.66,49.46,829
17,4242-5120,4242,5120,3.09,13.99,76.49,808
17,4242-87519,4242,87519,4.3,13.2,75.07,1023
17,4242-5110,4242,5110,7.13,56.86,27.09,897
17,4158-4733,4158,4733,0.0,0.0,0.0,344
17,4158-4732,4158,4732,0.0,0.0,0.0,452
17,4158-4737,4158,4737,0.0,0.0,0.0,1042
17,4158-4731,4158,4731,0.0,0.0,0.0,402
17,4158-4734,4158,4734,0.0,0.0,0.0,476
17,4158-4736,4158,4736,0.0,0.0,0.0,427
17,4158-4735,4158,4735,0.0,0.0,0.0,371
17,4474-91815,4474,91815,0.0,0.0,80.0,20
17,4474-6110,4474,6110,0.0,30.27,65.14,697
17,4474-6108,4474,6108,0.0,30.42,64.99,697
17,4474-6109,4474,6109,0.0,30.3,65.06,561
17,4474-78928,4474,78928,0.0,25.93,69.14,405
17,90138-90139,90138,90139,1.5,6.88,60.5,800
17,90138-92636,90138,92636,0.0,20.6,71.86,199
17,5186-10801,5186,10801,15.51,56.73,20.82,245
17,5186-92637,5186,92637,15.83,57.5,20.42,240
17,92316-92317,92316,92317,0.0,14.73,72.92,421
17,4486-6122,4486,6122,0.0,18.76,67.11,453
17,81027-81028,81027,81028,11.58,36.16,38.98,354
17,4177-4785,4177,4785,0.0,41.38,54.02,87
17,10386-78915,10386,78915,0.0,0.0,0.0,14
17,10386-85842,10386,85842,0.0,0.0,30.77,65
17,10386-81127,10386,81127,0.0,0.0,0.0,49
17,92989-766437,92989,766437,0.0,98.67,0.0,75
17,91773-10733,91773,10733,0.0,54.29,32.38,105
17,4370-92635,4370,92635,0.0,0.0,98.71,311
17,4370-5567,4370,5567,0.0,0.0,96.6,235
17,4381-90858,4381,90858,0.0,45.45,47.47,198
17,4381-5592,4381,5592,1.44,44.97,48.35,1183
17,4381-5593,4381,5593,0.0,24.39,66.79,533
17,79467-79468,79467,79468,7.82,39.1,48.58,422
17,90533-88388,90533,88388,0.0,15.0,78.33,180
17,4160-4742,4160,4742,0.0,29.55,59.66,176
17,4160-5632,4160,5632,0.0,0.0,85.71,21
17,4160-4711,4160,4711,0.0,0.0,77.14,35
17,89556-89557,89556,89557,0.0,94.92,0.0,118
17,4479-6114,4479,6114,0.0,39.58,55.21,96
17,4479-4987,4479,4987,0.0,0.0,57.14,28
17,4416-5855,4416,5855,0.0,50.89,43.06,562
17,4416-5843,4416,5843,0.0,48.15,51.85,27
17,4416-90824,4416,90824,0.0,55.61,38.05,205
17,4442-92608,4442,92608,9.3,46.51,13.95,172
17,4442-5916,4442,5916,8.26,49.91,23.12,545
17,4442-89577,4442,89577,9.44,37.29,29.3,413
17,4442-5914,4442,5914,11.56,50.0,16.76,346
17,4442-5911,4442,5911,8.26,56.88,24.16,654
17,79077-79099,79077,79099,18.39,54.71,17.94,223
17,79988-79989,79988,79989,5.38,54.71,8.07,223
17,4487-6123,4487,6123,0.0,47.39,49.05,422
17,4487-6124,4487,6124,0.0,46.43,48.21,504
17,4487-6126,4487,6126,0.0,51.7,42.18,441
17,4487-90934,4487,90934,0.0,22.2,73.93,491
17,4487-6125,4487,6125,0.0,29.52,67.4,227
17,79074-79102,79074,79102,13.96,19.37,61.04,444
17,4501-78935,4501,78935,3.23,80.79,12.61,682
17,4501-6172,4501,6172,2.04,82.7,11.45,786
17,4501-85833,4501,85833,2.23,85.5,8.79,717
17,4501-91908,4501,91908,0.0,45.24,47.86,420
17,4501-87486,4501,87486,0.0,97.44,0.0,78
17,4501-6174,4501,6174,0.0,82.56,12.09,430
17,4501-89582,4501,89582,0.0,73.05,22.12,642
17,4501-6168,4501,6168,3.14,81.53,12.2,574
17,4501-6169,4501,6169,0.0,91.37,5.93,371
17,4501-6173,4501,6173,0.0,84.0,13.0,600
17,4501-85834,4501,85834,0.0,94.35,2.83,460
17,4501-6175,4501,6175,0.0,89.78,6.45,558
17,92369-92906,92369,92906,15.45,65.45,10.91,110
17,4263-5289,4263,5289,2.57,50.34,41.44,584
17,4263-5283,4263,5283,2.25,93.7,2.25,667
17,4263-79285,4263,79285,6.6,88.3,1.74,863
17,4263-6023,4263,6023,6.03,88.34,2.01,746
17,4263-5284,4263,5284,6.43,74.96,6.1,607
17,4263-5285,4263,5285,3.21,90.08,3.36,655
17,4263-5287,4263,5287,4.56,85.13,4.92,834
17,4263-5288,4263,5288,5.04,86.75,3.82,1072
17,4263-5286,4263,5286,0.0,93.13,2.66,451
17,79443-79444,79443,79444,14.94,39.63,33.23,328
17,89917-89918,89917,89918,20.59,9.87,36.34,476
17,79049-79127,79049,79127,6.03,31.9,45.26,696
17,89914-80974,89914,80974,53.64,19.39,21.52,330
17,90284-90285,90284,90285,8.22,33.33,41.1,219
17,90541-90639,90541,90639,12.01,22.52,51.05,333
17,79496-79506,79496,79506,0.0,0.0,77.78,18
17,4246-7356,4246,7356,0.0,0.0,82.35,17
17,4246-7408,4246,7408,0.0,0.0,73.33,30
17,4246-78922,4246,78922,1.87,9.09,83.29,748
17,4246-5154,4246,5154,6.64,15.32,66.67,633
17,4246-5162,4246,5162,6.48,37.02,48.77,1745
17,4246-5151,4246,5151,4.67,24.39,63.62,492
17,4246-85850,4246,85850,2.24,11.66,80.62,2539
17,4246-88399,4246,88399,3.32,10.33,79.58,813
17,4246-5146,4246,5146,7.38,59.38,27.85,650
17,4246-5160,4246,5160,2.51,13.53,78.7,798
17,4246-5161,4246,5161,4.48,24.79,63.9,1698
17,4246-5142,4246,5142,7.58,42.42,43.1,594
17,4246-79414,4246,79414,0.0,0.0,75.56,45
17,4246-5159,4246,5159,3.15,16.19,76.91,667
17,4246-5156,4246,5156,3.02,15.71,76.28,662
17,4246-5150,4246,5150,4.12,31.37,57.44,679
17,4246-85851,4246,85851,0.0,11.09,82.22,1046
17,4246-5157,4246,5157,7.36,34.28,50.67,598
17,4246-80318,4246,80318,1.93,9.09,80.58,726
17,4246-5152,4246,5152,0.0,20.37,70.49,427
17,4246-78921,4246,78921,3.67,12.33,75.35,1144
17,4246-5155,4246,5155,0.0,11.76,78.36,1003
17,4246-5158,4246,5158,3.38,12.2,77.9,828
17,4246-79290,4246,79290,0.0,10.36,76.48,676
17,4246-5149,4246,5149,3.64,28.93,61.69,522
17,4246-5163,4246,5163,2.34,12.93,72.02,2305
17,4246-5153,4246,5153,4.41,26.47,60.92,476
17,4246-5144,4246,5144,0.0,10.53,86.12,209
17,4246-89953,4246,89953,1.51,12.65,76.57,862
17,4246-5145,4246,5145,4.58,23.85,56.4,633
17,4246-6016,4246,6016,5.06,35.31,49.73,929
17,4246-80317,4246,80317,3.33,13.96,73.64,2371
17,4246-79574,4246,79574,1.98,12.2,71.53,1008
17,4246-92907,4246,92907,2.84,10.38,74.91,809
17,4246-79573,4246,79573,2.06,13.4,76.68,1119
17,4246-5147,4246,5147,9.35,39.57,42.9,599
17,4246-81017,4246,81017,0.0,14.27,77.95,848
17,4246-81016,4246,81016,3.65,15.49,74.56,904
17,4246-5143,4246,5143,7.71,40.14,41.94,558
17,4246-92525,4246,92525,0.0,17.74,70.97,62
17,4246-87528,4246,87528,0.0,13.09,78.91,1024
17,81099-78950,81099,78950,2.99,26.93,59.6,401
17,81099-92249,81099,92249,5.34,22.33,62.14,412
17,79441-79442,79441,79442,6.78,58.76,23.73,177
17,88308-88309,88308,88309,0.0,30.3,54.55,66
17,10969-79259,10969,79259,0.0,47.95,34.25,73
17,92302-92303,92302,92303,0.0,21.21,75.45,330
17,88321-88322,88321,88322,0.0,13.51,74.05,185
17,6258-10807,6258,10807,0.0,24.84,31.45,318
17,6357-4898,6357,4898,0.0,17.14,80.0,105
17,4179-4787,4179,4787,0.0,0.0,73.33,45
17,4179-4800,4179,4800,0.0,0.0,70.0,20
17,4174-4765,4174,4765,0.0,97.76,0.0,312
17,4174-4773,4174,4773,0.0,97.79,1.74,1268
17,4174-4764,4174,4764,0.0,97.54,0.0,122
17,4174-4767,4174,4767,0.0,98.65,0.0,148
17,4174-4766,4174,4766,0.0,96.85,0.0,349
17,4174-4771,4174,4771,0.0,96.55,2.64,493
17,4174-4770,4174,4770,0.0,98.25,0.0,400
17,4174-4768,4174,4768,0.0,98.65,0.0,222
17,4174-4769,4174,4769,0.0,97.41,0.0,463
17,4228-4902,4228,4902,0.0,18.49,79.62,265
17,4228-4903,4228,4903,0.0,21.93,75.44,114
17,4243-7360,4243,7360,0.0,0.0,0.0,24
17,4243-7408,4243,7408,0.0,0.0,0.0,23
17,4243-81111,4243,81111,5.31,33.25,51.83,791
17,4243-89600,4243,89600,3.75,20.33,65.07,959
17,4243-81112,4243,81112,6.93,24.09,60.51,909
17,4243-80052,4243,80052,6.25,29.41,54.41,816
17,4243-92190,4243,92190,26.79,23.21,44.64,56
17,4243-5128,4243,5128,7.17,54.55,31.62,990
17,4243-5133,4243,5133,8.74,54.03,30.46,1625
17,4243-90875,4243,90875,0.0,0.0,75.0,36
17,4243-5129,4243,5129,7.59,82.81,7.96,791
17,4243-5132,4243,5132,7.52,37.94,47.2,572
17,4243-5130,4243,5130,9.21,46.06,33.91,749
17,4243-84683,4243,84683,4.88,25.31,59.77,1126
17,4243-89604,4243,89604,4.34,29.28,58.03,922
17,4243-88416,4243,88416,9.73,34.63,45.91,771
17,4243-87621,4243,87621,6.93,35.36,49.32,953
17,4243-89821,4243,89821,8.54,64.14,20.04,948
17,4243-90134,4243,90134,7.59,23.9,60.79,2109
17,4243-88414,4243,88414,7.19,25.84,57.08,890
17,4243-87620,4243,87620,4.82,25.96,61.75,1140
17,4243-5131,4243,5131,9.9,59.4,23.8,899
17,4243-84684,4243,84684,6.78,70.46,17.07,914
17,4243-88417,4243,88417,9.85,39.76,44.43,2568
17,4243-79632,4243,79632,7.38,36.63,47.56,759
17,4243-88415,4243,88415,7.67,21.71,61.99,926
17,4243-81113,4243,81113,8.42,25.03,58.66,1674
17,79059-91199,79059,91199,0.0,70.77,0.0,65
17,79059-90768,79059,90768,0.0,68.85,26.23,61
17,79059-90389,79059,90389,0.0,0.0,70.27,37
17,79059-90075,79059,90075,0.0,63.83,14.89,94
17,79059-81143,79059,81143,0.0,49.42,40.12,172
17,79059-90815,79059,90815,8.33,41.67,44.3,228
17,79059-79117,79059,79117,0.0,29.51,60.11,183
17,91170-91171,91170,91171,19.12,65.2,8.78,319
17,91938-92563,91938,92563,5.0,88.57,5.71,280
17,89850-89851,89850,89851,8.19,58.47,26.25,720
17,92783-92921,92783,92921,25.0,27.27,36.36,44
17,91939-92601,91939,92601,6.06,78.79,7.07,198
17,87401-87402,87401,87402,3.95,37.6,49.13,633
17,10971-78806,10971,78806,0.0,0.0,0.0,12
17,78833-78836,78833,78836,8.62,38.8,41.59,719
17,90506-90507,90506,90507,0.0,44.78,29.85,67
17,4421-80928,4421,80928,0.0,44.44,53.7,54
17,4421-5860,4421,5860,0.0,60.12,27.17,173
17,79981-79982,79981,79982,7.87,19.91,65.28,216
17,79981-90349,79981,90349,6.53,23.12,61.81,199
17,81045-92492,81045,92492,3.48,16.31,70.59,374
17,81045-92290,81045,92290,0.0,27.45,50.98,102
17,81045-956267,81045,956267,5.51,25.98,58.27,254
17,81045-10753,81045,10753,0.0,8.87,88.99,327
17,81043-79263,81043,79263,10.96,26.25,54.49,301
17,6446-10849,6446,10849,0.0,48.39,38.71,31
17,6446-79697,6446,79697,6.5,66.77,22.66,984
17,4329-90322,4329,90322,14.14,74.35,7.85,191
17,4329-5500,4329,5500,2.92,15.51,71.01,445
17,92226-90377,92226,90377,8.67,22.35,61.95,1096
17,81052-89920,81052,89920,22.17,57.64,8.87,203
17,81050-79219,81050,79219,0.0,37.33,38.67,75
17,79211-92912,79211,92912,0.0,7.19,86.93,153
17,79211-90324,79211,90324,0.0,0.0,85.48,62
17,79211-10848,79211,10848,0.0,12.09,78.39,273
17,4341-10752,4341,10752,23.29,41.1,31.51,73
17,81123-81124,81123,81124,0.0,65.28,15.28,72
17,81123-87415,81123,87415,0.0,33.93,26.79,112
17,90201-90844,90201,90844,2.91,32.24,58.65,549
17,90201-90202,90201,90202,0.0,0.0,0.0,140
17,89412-5479,89412,5479,2.99,18.15,71.28,1873
17,89412-89413,89412,89413,2.96,19.46,71.9,1655
17,4185-4795,4185,4795,0.0,42.48,53.1,113
17,4448-5940,4448,5940,7.88,79.11,0.0,292
17,4448-5941,4448,5941,8.07,79.3,7.72,285
17,4448-5942,4448,5942,8.58,80.53,5.61,303
17,6375-5495,6375,5495,14.86,34.86,37.14,175
17,6375-10799,6375,10799,0.0,46.34,29.27,41
17,91277-91783,91277,91783,8.53,87.57,2.6,539
17,91277-92975,91277,92975,0.0,87.23,0.0,94
17,4335-5507,4335,5507,0.0,93.15,0.0,336
17,92250-85886,92250,85886,0.0,94.92,0.0,532
17,92902-92903,92902,92903,0.0,97.44,0.0,39
17,92988-181823,92988,181823,0.0,84.0,0.0,25
17,92379-92893,92379,92893,16.56,51.53,25.77,163
17,79214-81173,79214,81173,0.0,29.67,63.33,300
17,78783-92501,78783,92501,26.92,45.42,14.21,535
17,78783-78820,78783,78820,14.29,77.97,3.79,581
17,4202-4842,4202,4842,0.0,13.18,78.14,311
17,4207-4851,4207,4851,0.0,11.9,74.15,294
17,4205-4849,4205,4849,0.0,9.9,77.08,192
17,4192-4811,4192,4811,0.0,12.79,76.52,477
17,4192-4820,4192,4820,0.0,28.82,41.62,1360
17,4192-4807,4192,4807,0.0,38.4,40.11,526
17,4192-4819,4192,4819,0.0,20.39,49.05,1476
17,4192-4812,4192,4812,0.0,43.46,25.55,497
17,4192-4814,4192,4814,0.0,0.0,0.0,168
17,4192-4806,4192,4806,0.0,28.57,24.05,420
17,4192-4804,4192,4804,0.0,18.86,67.57,700
17,4192-4817,4192,4817,0.0,30.33,41.62,877
17,4192-230656,4192,230656,0.0,0.0,73.68,19
17,4192-90191,4192,90191,0.0,24.63,42.36,1015
17,4192-4805,4192,4805,0.0,20.97,55.24,601
17,4192-4803,4192,4803,0.0,33.88,16.53,121
17,4192-4815,4192,4815,0.0,20.83,55.83,600
17,4192-4808,4192,4808,0.0,54.56,6.16,471
17,4192-79665,4192,79665,0.0,50.84,19.27,358
17,4300-5466,4300,5466,12.21,75.57,0.0,131
17,4437-88400,4437,88400,10.41,28.66,53.21,778
17,4437-89587,4437,89587,8.62,38.23,45.51,824
17,4437-85853,4437,85853,10.1,28.92,54.43,733
17,4437-5897,4437,5897,7.73,30.42,54.88,789
17,4437-5895,4437,5895,3.26,47.94,41.28,705
17,4437-89858,4437,89858,5.94,46.58,43.35,775
17,4437-92280,4437,92280,15.28,40.97,37.5,144
17,4437-90309,4437,90309,9.68,35.93,49.47,1684
17,4437-89907,4437,89907,8.09,36.88,47.14,507
17,4437-80440,4437,80440,6.17,41.85,43.17,681
17,4437-87537,4437,87537,8.9,40.35,44.99,798
17,4437-90393,4437,90393,0.0,0.0,60.87,46
17,4437-79415,4437,79415,9.98,27.41,57.34,872
17,4405-5784,4405,5784,2.99,66.47,26.95,501
17,4405-79249,4405,79249,0.0,59.26,36.3,135
17,4405-91832,4405,91832,0.0,47.37,34.21,38
17,4405-5791,4405,5791,3.52,19.84,71.31,1593
17,4405-5790,4405,5790,1.75,64.54,29.32,798
17,4405-5785,4405,5785,0.0,72.39,21.27,489
17,4405-5787,4405,5787,2.95,46.95,45.05,475
17,4405-5788,4405,5788,0.0,71.43,25.45,385
17,4405-5789,4405,5789,0.0,49.12,46.6,397
17,4405-6054,4405,6054,0.0,59.41,32.67,101
17,4405-5786,4405,5786,0.0,83.61,14.55,598
17,4309-5474,4309,5474,0.0,3.57,87.99,308
17,4309-92407,4309,92407,0.0,0.0,0.0,20
17,4167-4747,4167,4747,8.52,23.66,55.52,317
17,4167-4748,4167,4748,17.67,22.33,50.0,300
17,4167-5982,4167,5982,14.58,24.07,53.22,295
17,4221-4879,4221,4879,0.0,0.0,0.0,11
17,4221-4892,4221,4892,0.0,0.0,7.94,277
17,4221-4893,4221,4893,0.0,0.0,10.0,220
17,4221-90064,4221,90064,0.0,0.0,0.0,31
17,4221-92618,4221,92618,0.0,0.0,0.0,77
17,79973-79974,79973,79974,0.0,23.47,73.47,98
17,4356-5539,4356,5539,0.0,13.1,70.24,84
17,4247-5167,4247,5167,0.0,8.6,78.13,535
17,4247-5166,4247,5166,0.0,10.84,68.56,369
17,4247-5164,4247,5164,0.0,10.82,61.9,231
17,4247-5165,4247,5165,0.0,13.37,61.23,374
17,4273-91828,4273,91828,8.85,85.42,0.0,192
17,4273-5351,4273,5351,7.42,84.55,5.0,660
17,4273-5353,4273,5353,6.87,79.38,8.76,742
17,4273-80315,4273,80315,11.16,74.89,8.37,681
17,4273-5352,4273,5352,7.89,86.62,3.26,583
17,4273-87521,4273,87521,10.75,75.41,9.13,679
17,4273-80915,4273,80915,7.32,82.01,7.01,656
17,4273-80916,4273,80916,7.31,82.46,7.31,821
17,4495-6140,4495,6140,0.0,21.51,70.95,451
17,92596-92597,92596,92597,0.0,52.38,30.16,63
17,4195-4826,4195,4826,0.0,0.0,77.39,115
17,4195-4828,4195,4828,0.0,0.0,76.47,102
17,89506-80472,89506,80472,0.0,22.33,68.24,403
17,89506-90272,89506,90272,0.0,0.0,61.36,88
17,4303-6036,4303,6036,0.0,95.87,0.0,387
17,78997-79022,78997,79022,15.13,61.15,16.16,489
17,78997-90737,78997,90737,0.0,18.75,70.83,96
17,4505-6187,4505,6187,0.0,0.0,0.0,727
17,4505-79724,4505,79724,0.0,99.72,0.0,720
17,4505-81096,4505,81096,0.0,99.87,0.0,782
17,4505-81106,4505,81106,0.0,99.24,0.0,264
17,4505-6183,4505,6183,0.0,0.0,0.0,575
17,4505-6184,4505,6184,0.0,99.85,0.0,668
17,4505-6185,4505,6185,0.0,99.57,0.0,693
17,4505-6186,4505,6186,0.0,0.0,0.0,150
17,4505-81105,4505,81105,0.0,99.75,0.0,802
17,4157-4725,4157,4725,0.0,0.0,0.0,579
17,4157-4728,4157,4728,0.0,0.0,0.0,475
17,4157-4727,4157,4727,0.0,0.0,0.0,361
17,6372-6045,6372,6045,0.0,0.0,52.94,34
17,4332-5504,4332,5504,0.0,86.49,0.0,111
17,90884-91712,90884,91712,46.3,46.3,0.0,216
17,4238-5018,4238,5018,0.0,55.41,8.23,231
17,4238-5019,4238,5019,0.0,56.35,8.29,181
17,4239-79181,4239,79181,2.12,19.47,69.14,755
17,4239-79630,4239,79630,1.84,22.23,67.93,976
17,4239-79145,4239,79145,2.44,31.71,58.69,656
17,4239-5030,4239,5030,2.95,43.24,44.72,407
17,4239-90124,4239,90124,3.5,15.02,73.9,2031
17,4239-79829,4239,79829,2.67,26.85,63.18,823
17,4239-79144,4239,79144,0.0,18.28,70.23,618
17,4239-79823,4239,79823,4.16,19.9,68.75,2714
17,4239-79629,4239,79629,3.73,21.99,67.06,1287
17,4239-5038,4239,5038,3.68,21.62,65.15,680
17,4239-89606,4239,89606,0.0,16.4,59.81,311
17,4239-89605,4239,89605,0.0,10.65,64.81,216
17,4239-5023,4239,5023,5.21,45.62,43.02,537
17,4239-91209,4239,91209,0.0,17.65,67.65,68
17,4239-5039,4239,5039,4.3,25.18,62.94,2256
17,4239-5020,4239,5020,5.86,34.91,50.68,444
17,4239-5024,4239,5024,0.0,7.82,84.72,818
17,4239-5022,4239,5022,1.99,16.47,73.36,856
17,4239-5033,4239,5033,5.21,47.94,39.05,461
17,4239-5040,4239,5040,2.99,14.67,74.57,2945
17,4239-6006,4239,6006,3.17,17.25,73.58,1200
17,4239-88401,4239,88401,1.87,14.19,77.89,909
17,4239-5029,4239,5029,3.78,29.55,58.87,423
17,4239-5028,4239,5028,2.93,28.12,57.62,512
17,4239-87533,4239,87533,3.4,22.27,69.17,853
17,4239-5032,4239,5032,3.35,23.28,62.65,597
17,4239-6007,4239,6007,4.95,25.35,59.42,1779
17,4239-5021,4239,5021,4.3,33.11,53.64,604
17,4239-5026,4239,5026,1.71,15.68,65.74,759
17,4239-78918,4239,78918,3.33,38.95,46.67,570
17,4239-5025,4239,5025,3.81,22.36,61.18,577
17,4239-5027,4239,5027,1.99,23.73,62.5,552
17,4239-5034,4239,5034,4.33,28.45,55.88,485
17,4239-89594,4239,89594,0.0,15.37,76.38,618
17,4239-78919,4239,78919,0.0,25.04,62.28,615
17,4239-5036,4239,5036,3.3,26.43,58.37,454
17,4239-85847,4239,85847,4.39,16.9,71.15,1071
17,4239-81145,4239,81145,0.0,20.58,61.74,656
17,4239-5037,4239,5037,2.4,24.7,64.07,668
17,4239-5035,4239,5035,3.75,20.35,64.79,693
17,4239-5031,4239,5031,2.56,20.84,66.91,547
17,4271-7408,4271,7408,0.0,0.0,0.0,15
17,4271-5340,4271,5340,7.02,82.21,8.15,798
17,4271-5343,4271,5343,7.2,86.42,3.76,611
17,4271-5342,4271,5342,14.58,64.36,10.46,679
17,4271-79782,4271,79782,7.94,76.43,9.4,819
17,4271-5345,4271,5345,14.09,63.47,14.84,802
17,4271-79815,4271,79815,12.04,67.29,11.38,905
17,4271-5344,4271,5344,9.46,71.62,11.89,740
17,4271-5337,4271,5337,6.87,85.07,5.8,931
17,4271-5339,4271,5339,11.66,48.7,23.73,729
17,4271-5332,4271,5332,12.74,69.18,13.7,730
17,4271-5338,4271,5338,10.43,72.9,10.57,738
17,4271-5334,4271,5334,9.61,79.59,6.88,916
17,4271-5341,4271,5341,9.86,50.36,30.52,842
17,4271-5333,4271,5333,6.19,84.78,3.54,565
17,4271-5335,4271,5335,12.15,64.76,15.19,823
17,4271-79816,4271,79816,7.35,68.22,13.08,925
17,4271-5336,4271,5336,9.33,81.34,5.65,761
17,89829-89830,89829,89830,0.0,12.84,70.46,545
17,4285-7356,4285,7356,0.0,0.0,0.0,16
17,4285-7408,4285,7408,0.0,0.0,44.44,27
17,4285-5431,4285,5431,9.14,66.06,19.32,2024
17,4285-5429,4285,5429,11.19,56.22,18.38,1197
17,4285-5426,4285,5426,11.12,74.04,9.77,1853
17,4285-5435,4285,5435,12.75,54.36,24.16,149
17,4285-794564,4285,794564,0.0,40.26,45.45,77
17,4285-5433,4285,5433,4.39,30.38,57.89,1458
17,4285-5434,4285,5434,9.15,73.42,10.84,2141
17,4285-5430,4285,5430,8.74,43.5,39.23,1499
17,4285-5427,4285,5427,4.73,48.89,41.1,2029
17,4285-5432,4285,5432,6.86,38.43,48.17,1530
17,4285-5428,4285,5428,12.43,61.77,14.17,1729
17,4324-5494,4324,5494,0.0,21.15,51.92,52
17,4208-4854,4208,4854,0.0,36.4,37.52,805
17,4208-4855,4208,4855,0.0,29.17,33.71,528
17,4208-85831,4208,85831,0.0,31.55,37.8,336
17,4194-4824,4194,4824,0.0,42.72,30.1,206
17,4194-4825,4194,4825,0.0,35.44,30.38,79
17,90894-91147,90894,91147,0.0,28.21,46.15,39
17,10974-78808,10974,78808,0.0,28.87,64.95,291
17,79500-79512,79500,79512,8.2,74.32,11.48,183
17,79500-90470,79500,90470,0.0,81.82,0.0,55
17,6369-5872,6369,5872,0.0,0.0,0.0,102
17,4371-5570,4371,5570,0.0,0.0,78.05,41
17,90906-91818,90906,91818,5.0,29.81,62.5,520
17,79081-79095,79081,79095,2.13,6.11,71.73,704
17,79501-79513,79501,79513,2.06,87.96,7.2,972
17,79501-92523,79501,92523,12.76,65.84,13.58,243
17,79501-90277,79501,90277,0.0,98.93,0.0,562
17,89951-89952,89951,89952,0.0,0.0,78.57,84
17,4212-4873,4212,4873,0.0,91.01,0.0,89
17,4212-4870,4212,4870,0.0,87.37,11.62,198
17,4392-5623,4392,5623,0.0,15.38,81.2,117
17,4392-5625,4392,5625,0.0,15.0,79.29,140
17,4392-5624,4392,5624,0.0,16.67,73.61,72
17,4392-6053,4392,6053,0.0,21.48,71.14,149
17,92520-92521,92520,92521,11.21,50.0,29.82,446
17,92519-92522,92519,92522,0.0,6.43,91.43,420
17,4336-5509,4336,5509,0.0,17.02,78.44,705
17,81076-89624,81076,89624,0.0,60.23,34.09,88
17,81076-81077,81076,81077,19.15,47.52,21.51,846
17,4426-5866,4426,5866,0.0,22.94,64.22,218
17,79061-79115,79061,79115,0.0,46.67,44.44,45
17,4248-87058,4248,87058,0.0,0.0,0.0,14
17,4248-93009,4248,93009,3.35,16.54,71.0,538
17,4248-90315,4248,90315,2.65,24.31,65.82,831
17,4248-89580,4248,89580,2.03,20.05,68.69,888
17,4248-92259,4248,92259,5.24,17.95,68.06,936
17,4248-79227,4248,79227,1.69,16.33,69.03,649
17,4248-88422,4248,88422,3.79,16.34,72.29,924
17,4248-90870,4248,90870,0.0,0.0,62.96,27
17,4248-92252,4248,92252,0.0,27.59,48.28,58
17,4248-87487,4248,87487,8.34,21.51,58.15,767
17,4248-79374,4248,79374,5.13,20.2,65.47,1639
17,4248-5168,4248,5168,4.31,21.12,59.48,696
17,4248-80316,4248,80316,3.48,20.7,65.38,517
17,4248-79375,4248,79375,4.06,19.53,68.15,763
17,4248-92260,4248,92260,3.19,19.16,69.52,971
17,4248-92264,4248,92264,0.0,26.56,56.25,64
17,4248-89581,4248,89581,5.55,21.77,62.12,1856
17,4482-6117,4482,6117,0.0,0.0,80.95,21
17,91275-92223,91275,92223,0.0,94.77,0.0,153
17,4389-5610,4389,5610,0.0,11.49,15.74,705
17,4389-5609,4389,5609,0.0,14.93,24.8,375
17,4389-5607,4389,5607,0.0,26.42,29.55,352
17,4389-79377,4389,79377,0.0,0.0,0.0,433
17,4389-5608,4389,5608,0.0,25.48,28.96,259
17,92991-969999,92991,969999,21.74,64.6,6.83,161
17,79264-78809,79264,78809,3.87,17.26,64.88,672
17,92620-92621,92620,92621,4.7,15.36,65.48,788
17,4337-79042,4337,79042,7.66,58.72,18.72,235
17,4469-6097,4469,6097,0.0,32.45,60.47,1581
17,4469-6091,4469,6091,0.0,27.24,64.87,279
17,4469-89839,4469,89839,0.0,32.67,60.4,101
17,4469-6095,4469,6095,0.0,24.01,68.46,558
17,4469-6092,4469,6092,0.0,32.62,62.86,420
17,4469-87535,4469,87535,0.0,30.19,65.1,573
17,4469-6093,4469,6093,0.0,14.36,78.84,397
17,4469-6090,4469,6090,0.0,40.34,51.8,471
17,4469-6096,4469,6096,0.0,37.32,57.1,753
17,4469-6094,4469,6094,0.0,44.5,46.05,582
17,4502-6180,4502,6180,0.0,78.82,0.0,85
17,89784-89785,89784,89785,15.07,64.52,15.99,544
17,90162-90163,90162,90163,18.52,59.72,16.67,216
17,89561-89562,89561,89562,6.63,83.13,0.0,166
17,88365-88366,88365,88366,11.32,81.32,0.0,380
17,88367-88368,88367,88368,2.52,93.82,2.9,793
17,89786-89787,89786,89787,8.28,52.91,27.15,652
17,89563-89564,89563,89564,3.43,94.46,0.0,379
17,88374-88375,88374,88375,29.27,37.63,24.04,287
17,88369-88370,88369,88370,0.0,36.44,49.15,118
17,88372-88373,88372,88373,5.76,23.82,63.35,382
17,90034-90035,90034,90035,5.62,52.23,26.28,605
17,89788-89789,89788,89789,6.75,32.8,56.27,311
17,89790-89791,89790,89791,5.17,27.05,61.09,329
17,90160-90161,90160,90161,0.0,25.13,60.73,191
17,91326-92230,91326,92230,5.86,49.07,39.51,324
17,92499-92500,92499,92500,0.0,6.94,84.39,173
17,90876-91782,90876,91782,0.0,68.75,20.0,80
17,5174-10811,5174,10811,0.0,0.0,67.39,46
17,4352-10746,4352,10746,0.0,34.78,52.17,69
17,4334-88232,4334,88232,9.5,75.77,9.74,421
17,4259-5236,4259,5236,5.02,91.8,2.2,817
17,4259-5241,4259,5241,0.0,94.05,0.0,185
17,4259-5240,4259,5240,0.0,96.17,0.0,522
17,4259-5234,4259,5234,1.52,96.27,1.75,857
17,4259-5235,4259,5235,1.88,96.68,0.0,692
17,4259-5238,4259,5238,3.18,92.39,1.8,723
17,4259-5239,4259,5239,3.74,93.5,0.0,615
17,4259-78934,4259,78934,2.81,94.68,1.77,677
17,4259-79821,4259,79821,0.0,97.45,0.0,510
17,4259-5237,4259,5237,13.93,83.11,1.93,675
17,4259-5243,4259,5243,5.2,90.67,2.33,1115
17,4445-89859,4445,89859,4.46,31.77,58.47,1322
17,4445-90807,4445,90807,9.54,29.77,50.38,262
17,4445-89569,4445,89569,2.52,36.22,53.54,635
17,4445-5928,4445,5928,4.45,31.31,56.97,674
17,4445-87489,4445,87489,2.01,33.21,57.12,548
17,4445-79831,4445,79831,2.06,30.59,63.71,631
17,4445-89860,4445,89860,0.0,28.3,62.83,530
17,79063-79113,79063,79113,0.0,20.54,67.03,185
17,79475-79476,79475,79476,0.0,88.66,0.0,97
17,4388-5605,4388,5605,0.0,15.9,56.9,239
17,4388-5606,4388,5606,0.0,0.0,74.56,114
17,4388-87530,4388,87530,0.0,0.0,67.21,61
17,79064-79112,79064,79112,3.64,60.08,32.91,714
17,91329-92225,91329,92225,0.0,62.07,0.0,29
17,91328-92224,91328,92224,0.0,47.29,36.95,203
17,4342-92246,4342,92246,8.76,79.68,8.37,251
17,4342-78899,4342,78899,17.61,59.75,16.35,159
17,90333-89866,90333,89866,0.0,22.44,60.26,156
17,90535-91157,90535,91157,0.0,18.32,66.67,273
17,90334-89868,90334,89868,0.0,37.02,48.09,235
17,79882-10748,79882,10748,15.23,62.16,15.23,407
17,90548-91158,90548,91158,0.0,49.1,40.12,334
17,79880-6350,79880,6350,11.88,66.25,21.25,160
17,79233-78851,79233,78851,42.47,50.0,3.77,292
17,78965-79178,78965,79178,41.01,50.36,0.0,139
17,79876-10749,79876,10749,7.95,79.51,6.42,327
17,79878-6349,79878,6349,0.0,77.36,0.0,53
17,90330-89867,90330,89867,17.39,51.09,18.12,276
17,79871-79177,79871,79177,0.0,59.26,0.0,54
17,4396-5642,4396,5642,0.0,0.0,0.0,645
17,4396-5641,4396,5641,0.0,0.0,0.0,503
17,4396-5644,4396,5644,0.0,0.0,0.0,595
17,79065-79111,79065,79111,0.0,0.0,0.0,33
17,10878-10884,10878,10884,0.0,18.97,63.79,232
17,79420-79431,79420,79431,0.0,18.75,66.32,288
17,4360-5547,4360,5547,0.0,18.84,60.87,138
17,4383-79373,4383,79373,0.0,10.54,77.63,389
17,4383-5597,4383,5597,0.0,10.64,83.59,329
17,4383-6051,4383,6051,0.0,15.36,75.3,332
17,4383-5596,4383,5596,0.0,15.15,76.09,297
17,79598-5577,79598,5577,0.0,21.9,72.09,516
17,79598-5576,79598,5576,0.0,21.43,72.56,616
17,79598-90667,79598,90667,0.0,26.86,62.01,458
17,79598-5571,79598,5571,0.0,19.19,71.28,787
17,79598-5595,79598,5595,0.0,20.3,69.71,941
17,79598-5575,79598,5575,0.0,24.66,63.98,669
17,79598-5572,79598,5572,0.0,25.85,64.88,205
17,79598-91772,79598,91772,1.06,19.92,73.02,1034
17,79598-5573,79598,5573,1.41,25.71,65.3,778
17,79598-5580,79598,5580,0.0,33.85,58.46,130
17,79598-88409,79598,88409,0.0,20.76,70.53,655
17,4480-6115,4480,6115,0.0,33.72,63.95,86
17,4480-8135,4480,8135,0.0,0.0,0.0,14
17,4267-5302,4267,5302,6.37,29.66,52.17,644
17,4267-5298,4267,5298,12.75,21.15,52.5,1059
17,4267-5297,4267,5297,4.79,15.34,67.31,1043
17,4267-5296,4267,5296,7.88,25.39,51.05,1091
17,4267-5299,4267,5299,18.18,31.72,36.46,990
17,4267-5311,4267,5311,8.21,33.88,45.38,487
17,4267-5301,4267,5301,14.77,36.98,30.99,968
17,4267-5312,4267,5312,3.16,17.44,62.41,665
17,4267-5309,4267,5309,12.38,29.21,33.64,541
17,4267-5308,4267,5308,15.42,29.58,38.54,480
17,4267-5315,4267,5315,10.22,28.85,43.01,558
17,4267-78923,4267,78923,8.21,23.11,54.64,463
17,4267-5310,4267,5310,11.13,30.33,37.62,521
17,4267-5314,4267,5314,6.31,24.77,45.85,650
17,4267-5307,4267,5307,5.01,27.25,55.51,499
17,4267-5313,4267,5313,3.09,18.18,59.82,550
17,4267-5316,4267,5316,7.23,29.83,44.28,761
17,4267-5304,4267,5304,16.36,41.11,28.02,703
17,4267-5318,4267,5318,17.05,31.79,31.44,563
17,4267-5317,4267,5317,4.01,16.6,67.56,524
17,4267-5305,4267,5305,20.87,46.06,11.42,508
17,4267-5306,4267,5306,5.54,19.95,51.6,812
17,4267-79143,4267,79143,14.05,28.4,41.42,676
17,4267-5303,4267,5303,11.77,54.95,23.21,586
17,4267-5300,4267,5300,9.94,24.29,51.04,815
17,79967-87416,79967,87416,0.0,23.84,63.91,302
17,79967-79968,79967,79968,6.01,27.47,54.94,233
17,79967-91597,79967,91597,0.0,24.59,62.3,61
17,79967-89616,79967,89616,0.0,15.83,69.06,139
17,91174-91175,91174,91175,7.97,21.38,59.42,276
17,91174-91765,91174,91765,0.0,27.91,62.79,43
17,90900-91151,90900,91151,0.0,15.15,78.79,99
17,4368-5561,4368,5561,0.0,40.26,55.79,380
17,4368-78979,4368,78979,0.0,11.93,84.95,545
17,4368-5565,4368,5565,1.47,23.09,71.13,1763
17,4368-5563,4368,5563,0.0,28.93,66.57,356
17,4368-5564,4368,5564,0.0,17.91,76.58,363
17,4368-5559,4368,5559,0.0,33.57,60.35,575
17,4368-5562,4368,5562,0.0,13.33,81.46,615
17,4368-5560,4368,5560,1.61,26.9,68.92,933
17,4276-84305,4276,84305,27.79,53.55,8.88,788
17,4276-89266,4276,89266,18.32,58.6,11.47,715
17,4276-5356,4276,5356,21.05,56.84,12.24,760
17,4276-5357,4276,5357,2.97,88.96,4.35,942
17,4276-756942,4276,756942,28.92,50.46,11.18,868
17,4276-91310,4276,91310,30.62,52.33,9.69,1032
17,4276-88421,4276,88421,27.71,55.84,8.55,924
17,4276-5358,4276,5358,18.88,43.0,20.46,821
17,90637-90638,90637,90638,11.44,36.11,40.71,673
17,87349-87350,87349,87350,0.0,47.59,43.45,145
17,92610-90534,92610,90534,2.66,16.76,74.82,1092
17,91763-91764,91763,91764,16.84,52.13,21.86,938
17,88360-88361,88360,88361,7.1,28.83,52.75,1183
17,92199-90366,92199,90366,3.74,50.55,36.62,1177
17,91135-91136,91135,91136,10.23,48.77,32.69,1300
17,92047-92048,92047,92048,5.23,19.09,64.78,1147
17,850100-229646,850100,229646,4.1,32.49,51.1,951
17,850101-411380,850101,411380,10.14,27.03,45.27,444
17,91137-91138,91137,91138,1.67,31.58,56.64,1257
17,850099-70018,850099,70018,7.08,17.92,57.55,212
17,92879-92880,92879,92880,2.45,21.05,68.35,1349
17,92730-92731,92730,92731,0.0,37.3,49.8,976
17,4266-5295,4266,5295,0.0,24.38,67.71,480
17,4266-87475,4266,87475,7.07,59.69,25.74,707
17,4266-92706,4266,92706,5.26,52.63,36.84,399
17,4266-5294,4266,5294,0.0,63.91,30.08,532
17,4266-79652,4266,79652,0.0,65.61,32.46,570
17,4266-79846,4266,79846,3.51,27.25,63.2,712
17,4216-4878,4216,4878,0.0,36.71,35.44,79
17,10968-78811,10968,78811,6.52,86.34,6.21,322
17,10968-91204,10968,91204,0.0,94.79,0.0,211
17,80299-80300,80299,80300,22.37,54.61,17.11,152
17,79926-79927,79926,79927,0.0,0.0,0.0,12
17,90754-90755,90754,90755,0.0,64.52,0.0,31
17,92657-92732,92657,92732,4.66,10.75,61.29,279
17,4281-87522,4281,87522,10.44,47.55,28.87,776
17,4281-80054,4281,80054,9.51,51.5,30.2,831
17,4281-85843,4281,85843,7.48,46.71,37.16,775
17,4281-90385,4281,90385,11.39,40.0,37.09,790
17,4281-5393,4281,5393,5.63,33.8,49.6,994
17,4281-90550,4281,90550,8.62,30.54,49.34,835
17,4281-5396,4281,5396,6.36,35.69,46.53,849
17,4281-78925,4281,78925,8.76,53.43,28.76,685
17,4281-5394,4281,5394,3.02,34.6,56.67,630
17,4281-89586,4281,89586,5.16,24.97,63.36,737
17,4281-92878,4281,92878,4.4,37.18,53.25,909
17,4281-85844,4281,85844,4.2,29.63,59.51,810
17,4281-5395,4281,5395,9.05,31.64,47.56,1005
17,4281-79220,4281,79220,0.0,0.0,53.85,26
17,4281-79221,4281,79221,8.24,47.99,35.92,1019
17,79050-79126,79050,79126,0.0,6.49,81.68,262
17,4374-5579,4374,5579,0.0,58.17,38.94,208
17,4374-85821,4374,85821,0.0,60.77,36.46,181
17,4278-79618,4278,79618,16.42,60.13,15.25,938
17,4278-87476,4278,87476,8.16,80.41,6.09,919
17,4278-89608,4278,89608,7.01,74.54,11.34,970
17,4278-530879,4278,530879,11.43,70.89,11.43,481
17,4278-5360,4278,5360,11.11,72.65,9.4,702
17,4278-85852,4278,85852,8.02,81.65,5.1,823
17,4278-89924,4278,89924,10.21,77.23,8.92,852
17,81174-81175,81174,81175,10.48,75.81,8.87,124
17,4270-5324,4270,5324,8.12,41.12,38.78,985
17,4270-5325,4270,5325,4.56,63.68,17.79,680
17,4270-5330,4270,5330,7.04,38.83,46.39,582
17,4270-5329,4270,5329,4.61,28.05,60.85,802
17,4270-5328,4270,5328,7.32,67.04,12.96,355
17,4270-5326,4270,5326,2.62,24.54,61.3,1031
17,4270-5327,4270,5327,11.73,38.21,38.09,827
17,4270-89622,4270,89622,3.1,23.33,68.11,806
17,91935-92605,91935,92605,3.53,49.18,35.6,368
17,4199-4819,4199,4819,0.0,0.0,70.0,20
17,4199-4839,4199,4839,0.0,0.0,92.31,130
17,4439-5902,4439,5902,0.0,64.22,31.96,341
17,4439-5901,4439,5901,0.0,90.43,0.0,94
17,4439-5903,4439,5903,0.0,76.64,19.63,107
17,4439-5904,4439,5904,0.0,71.82,25.45,220
17,4404-5772,4404,5772,0.0,44.75,46.47,467
17,4404-5777,4404,5777,0.0,38.7,51.73,491
17,4404-5769,4404,5769,2.43,38.54,52.33,493
17,4404-713837,4404,713837,0.0,30.14,63.75,491
17,4404-5775,4404,5775,0.0,34.29,60.12,662
17,4404-6279,4404,6279,0.0,36.78,50.57,87
17,4404-87083,4404,87083,0.0,32.08,54.72,53
17,4404-5781,4404,5781,1.87,34.36,56.75,2037
17,4404-5779,4404,5779,2.59,35.64,54.57,1083
17,4404-5770,4404,5770,3.9,46.96,42.75,641
17,4404-5782,4404,5782,3.75,37.73,51.98,1895
17,4404-5774,4404,5774,0.0,30.96,60.93,604
17,4404-5776,4404,5776,0.0,41.59,49.52,517
17,4404-89585,4404,89585,0.0,35.6,57.6,500
17,4404-5773,4404,5773,0.0,34.35,58.78,393
17,4404-5771,4404,5771,0.0,44.34,50.81,309
17,4404-5780,4404,5780,2.52,37.48,53.08,795
17,4404-79445,4404,79445,0.0,31.38,58.79,529
17,4314-5480,4314,5480,10.24,83.07,0.0,254
17,4234-6823,4234,6823,20.69,55.17,24.14,58
17,4234-6822,4234,6822,21.92,38.36,32.88,73
17,4234-90797,4234,90797,0.0,0.0,0.0,345
17,79540-79559,79540,79559,0.0,54.29,0.0,35
17,4441-89910,4441,89910,11.57,40.57,33.42,769
17,4441-89911,4441,89911,14.19,33.55,40.22,465
17,4441-5908,4441,5908,12.66,44.23,29.76,719
17,4441-5910,4441,5910,10.83,51.25,28.95,2086
17,4441-5909,4441,5909,11.41,37.42,36.24,596
17,4441-87479,4441,87479,11.13,29.25,47.74,530
17,4441-89909,4441,89909,9.97,41.1,29.91,652
17,4441-88405,4441,88405,14.38,42.92,30.28,459
17,4441-81058,4441,81058,11.26,37.43,39.27,382
17,4435-5893,4435,5893,0.0,60.68,31.62,117
17,4435-6067,4435,6067,0.0,82.35,12.94,85
17,10965-78821,10965,78821,0.0,16.07,78.57,224
17,90861-91781,90861,91781,8.46,78.4,8.91,449
17,79499-79511,79499,79511,0.0,0.0,0.0,521
17,89852-89853,89852,89853,3.4,82.13,6.38,470
17,4473-6107,4473,6107,0.0,17.97,76.81,345
17,4473-6106,4473,6106,0.0,13.37,74.87,187
17,4181-4790,4181,4790,0.0,20.69,74.14,58
17,4181-4800,4181,4800,0.0,0.0,90.0,20
17,4163-5648,4163,5648,0.0,0.0,0.0,34
17,4163-4745,4163,4745,0.0,0.0,0.0,130
17,4235-87058,4235,87058,0.0,0.0,0.0,25
17,4235-4913,4235,4913,12.77,56.59,9.2,728
17,4235-79490,4235,79490,2.9,29.35,58.88,552
17,4235-4961,4235,4961,0.0,21.54,69.66,557
17,4235-4969,4235,4969,7.86,53.69,21.69,1056
17,4235-4945,4235,4945,7.67,41.4,42.76,587
17,4235-4983,4235,4983,7.27,48.63,34.8,2517
17,4235-4967,4235,4967,1.63,11.68,80.98,736
17,4235-80046,4235,80046,0.0,45.98,44.83,87
17,4235-78932,4235,78932,7.14,75.0,11.69,308
17,4235-4915,4235,4915,3.24,61.47,26.76,680
17,4235-4932,4235,4932,9.39,71.64,12.89,543
17,4235-4916,4235,4916,9.06,54.96,26.81,817
17,4235-4959,4235,4959,4.39,26.91,64.02,706
17,4235-4956,4235,4956,4.95,19.62,71.24,525
17,4235-4937,4235,4937,5.18,51.59,36.39,599
17,4235-4917,4235,4917,0.0,38.03,55.95,781
17,4235-90303,4235,90303,0.0,24.06,66.92,266
17,4235-4926,4235,4926,2.26,30.66,61.15,574
17,4235-90752,4235,90752,3.87,30.95,52.68,336
17,4235-91812,4235,91812,3.29,14.47,76.94,850
17,4235-4971,4235,4971,4.04,31.0,59.15,1016
17,4235-79225,4235,79225,5.1,78.29,8.39,608
17,4235-4931,4235,4931,0.0,15.85,72.18,593
17,4235-4918,4235,4918,4.75,72.58,17.0,547
17,4235-4955,4235,4955,0.0,15.36,74.83,755
17,4235-4944,4235,4944,2.63,22.6,67.02,761
17,4235-4919,4235,4919,2.17,89.75,5.75,644
17,4235-4920,4235,4920,4.29,47.34,43.74,583
17,4235-4952,4235,4952,0.0,23.84,61.74,839
17,4235-4921,4235,4921,0.0,72.01,23.55,518
17,4235-4948,4235,4948,3.21,29.59,60.25,561
17,4235-92351,4235,92351,4.74,41.9,43.89,401
17,4235-4940,4235,4940,2.62,69.51,23.77,610
17,4235-4958,4235,4958,7.63,58.57,13.4,642
17,4235-4970,4235,4970,4.13,75.5,13.26,1041
17,4235-4962,4235,4962,0.0,9.77,83.12,788
17,4235-4922,4235,4922,0.0,66.75,15.46,388
17,4235-4923,4235,4923,0.0,92.68,4.13,751
17,4235-4934,4235,4934,5.25,81.74,10.27,438
17,4235-4924,4235,4924,2.21,90.38,2.68,634
17,4235-4925,4235,4925,3.97,88.08,4.32,579
17,4235-4941,4235,4941,2.18,22.32,70.78,551
17,4235-4953,4235,4953,4.02,45.54,44.2,448
17,4235-4951,4235,4951,3.94,28.6,63.12,507
17,4235-89593,4235,89593,0.0,11.92,74.77,428
17,4235-78930,4235,78930,0.0,29.5,63.31,139
17,4235-4980,4235,4980,3.62,63.08,27.92,3535
17,4235-4982,4235,4982,2.38,25.18,64.62,3276
17,4235-4949,4235,4949,3.7,32.69,57.17,621
17,4235-78938,4235,78938,2.98,29.94,58.46,638
17,4235-4943,4235,4943,4.57,34.46,48.6,679
17,4235-4957,4235,4957,5.1,46.86,39.41,510
17,4235-4973,4235,4973,4.94,48.84,39.35,991
17,4235-79687,4235,79687,4.11,22.87,68.62,341
17,4235-4984,4235,4984,3.42,21.89,68.61,3335
17,4235-4960,4235,4960,2.63,19.61,72.85,571
17,4235-4935,4235,4935,4.94,71.29,12.55,526
17,4235-4974,4235,4974,7.47,59.55,24.76,937
17,4235-4946,4235,4946,3.2,66.92,23.93,656
17,4235-4933,4235,4933,10.02,52.59,20.39,559
17,4235-4936,4235,4936,3.45,50.94,39.34,638
17,4235-78795,4235,78795,0.0,0.0,0.0,25
17,4235-4977,4235,4977,5.59,20.54,67.22,662
17,4235-4947,4235,4947,14.13,41.0,30.19,361
17,4235-78917,4235,78917,4.24,37.59,52.18,2570
17,4235-79489,4235,79489,4.5,36.85,53.43,977
17,4235-4954,4235,4954,2.0,26.55,66.55,550
17,4235-4979,4235,4979,0.0,15.87,72.02,983
17,4235-4939,4235,4939,6.75,50.4,36.64,756
17,4235-90753,4235,90753,6.96,33.81,47.9,1121
17,4235-4930,4235,4930,0.0,46.72,46.92,503
17,4235-4975,4235,4975,5.41,52.16,37.3,1110
17,4235-4938,4235,4938,5.83,34.08,40.81,446
17,4235-4927,4235,4927,7.26,59.12,22.13,592
17,4235-4981,4235,4981,5.98,53.21,26.26,3225
17,4235-4929,4235,4929,4.82,60.39,12.2,664
17,4235-4928,4235,4928,3.88,53.59,24.66,515
17,4235-6229,4235,6229,5.15,39.76,43.0,679
17,4235-79807,4235,79807,0.0,11.34,83.62,873
17,5181-10847,5181,10847,4.31,33.33,55.29,255
17,4463-92176,4463,92176,0.0,76.09,18.48,92
17,4463-5972,4463,5972,0.0,99.46,0.0,186
17,4211-81122,4211,81122,0.0,52.22,41.11,360
17,4211-4868,4211,4868,0.0,51.12,39.93,268
17,4211-89583,4211,89583,0.0,36.96,60.87,46
17,4211-4869,4211,4869,0.0,48.6,45.42,535
17,79994-5526,79994,5526,22.41,41.38,22.41,116
17,79207-78843,79207,78843,4.31,11.37,36.86,255
17,4493-6133,4493,6133,0.0,0.0,69.88,166
17,4488-6127,4488,6127,0.0,37.18,56.3,1135
17,4253-5191,4253,5191,0.0,0.0,71.43,28
17,85516-85517,85516,85517,0.0,29.78,63.93,366
17,85516-90194,85516,90194,0.0,0.0,81.51,119
17,79498-79510,79498,79510,0.0,29.92,65.48,478
17,4379-6049,4379,6049,0.0,30.42,58.59,355
17,4379-5590,4379,5590,0.0,33.61,54.64,366
17,4379-5589,4379,5589,0.0,24.88,63.62,426
17,4503-6181,4503,6181,0.0,63.07,35.23,176
17,80011-80012,80011,80012,0.0,15.2,77.78,171
17,4359-5544,4359,5544,0.0,34.03,49.74,191
17,4359-5542,4359,5542,0.0,16.5,61.17,103
17,4363-5552,4363,5552,0.0,16.94,73.39,248
17,4363-79707,4363,79707,0.0,18.18,68.18,220
17,79548-79549,79548,79549,0.0,0.0,0.0,48
17,4428-5869,4428,5869,0.0,0.0,0.0,16
17,4428-6340,4428,6340,0.0,31.58,46.05,76
17,4230-92081,4230,92081,0.0,65.52,27.06,377
17,4230-4907,4230,4907,0.0,56.85,35.62,744
17,4230-4906,4230,4906,0.0,71.99,23.56,382
17,90192-90193,90192,90193,21.07,68.9,5.35,299
17,4251-5189,4251,5189,0.0,25.86,70.69,116
17,4251-4987,4251,4987,0.0,0.0,63.41,41
17,78873-78874,78873,78874,0.0,14.67,75.33,150
17,10879-10885,10879,10885,0.0,46.34,46.69,287
17,4203-4843,4203,4843,0.0,7.22,88.66,194
17,4265-5293,4265,5293,4.33,93.4,0.0,485
17,4265-5290,4265,5290,0.0,91.14,0.0,237
17,4265-5291,4265,5291,0.0,93.79,3.82,419
17,4265-5292,4265,5292,3.04,93.11,2.4,624
17,4176-4754,4176,4754,0.0,96.03,0.0,126
17,4176-4784,4176,4784,0.0,99.67,0.0,302
17,4252-89748,4252,89748,0.0,30.04,63.24,476
17,4252-5190,4252,5190,0.0,38.08,55.62,365
17,4252-4987,4252,4987,0.0,28.42,66.67,183
17,4252-81113,4252,81113,0.0,32.86,61.43,140
17,4386-7654,4386,7654,0.0,0.0,0.0,22
17,4366-5554,4366,5554,9.7,69.7,16.36,165
17,4316-5482,4316,5482,9.89,17.03,63.74,182
17,80985-80986,80985,80986,0.0,22.22,61.9,63
17,78882-78883,78882,78883,7.92,81.68,6.44,202
17,10760-10800,10760,10800,2.56,30.22,57.27,1135
17,92374-92345,92374,92345,4.21,27.1,28.97,428
17,4457-5958,4457,5958,0.0,99.29,0.0,420
17,4457-5960,4457,5960,0.0,99.65,0.0,576
17,4457-5954,4457,5954,0.0,99.0,0.0,700
17,4457-5955,4457,5955,0.0,98.38,0.0,557
17,4457-5957,4457,5957,0.0,0.0,0.0,425
17,4457-5959,4457,5959,0.0,97.81,0.0,365
17,4457-5962,4457,5962,0.0,98.32,0.93,1724
17,4457-5961,4457,5961,0.0,0.0,0.0,123
17,4457-6071,4457,6071,0.0,97.67,0.0,257
17,4457-5956,4457,5956,0.0,99.34,0.0,602
17,90879-91422,90879,91422,2.7,14.25,72.97,407
17,79701-79702,79701,79702,13.73,72.55,11.76,102
17,79701-91268,79701,91268,0.0,71.11,12.22,90
17,4204-4845,4204,4845,0.0,11.89,79.66,639
17,79881-79899,79881,79899,0.0,84.74,9.24,249
17,4323-5493,4323,5493,0.0,67.9,0.0,81
17,4323-89440,4323,89440,0.0,79.64,7.78,167
17,4323-78814,4323,78814,19.51,54.63,18.54,205
17,4323-79174,4323,79174,0.0,50.0,0.0,22
17,4323-80026,4323,80026,10.87,57.97,25.36,138
17,4323-89827,4323,89827,2.64,81.06,4.56,417
17,4323-10737,4323,10737,5.42,29.56,61.58,203
17,79503-79505,79503,79505,0.0,98.63,0.0,366
17,91238-91789,91238,91789,0.0,45.65,44.2,138
17,4444-5808,4444,5808,0.0,46.21,47.59,145
17,4444-79378,4444,79378,0.0,0.0,68.97,29
17,4444-5927,4444,5927,0.0,54.31,42.34,418
17,4444-5904,4444,5904,0.0,73.91,0.0,46
17,4262-5278,4262,5278,7.02,70.85,10.43,470
17,4262-5279,4262,5279,6.2,70.31,12.85,677
17,4262-5282,4262,5282,9.36,70.71,8.32,577
17,4262-5280,4262,5280,12.41,62.41,10.43,556
17,4262-5281,4262,5281,16.76,60.17,10.03,698
17,4373-5578,4373,5578,0.0,0.0,72.22,18
17,6235-87413,6235,87413,11.83,78.59,5.87,1107
17,79068-79108,79068,79108,0.0,22.43,72.9,107
17,79953-5530,79953,5530,0.0,60.2,20.41,98
17,79953-90208,79953,90208,0.0,33.66,58.42,101
17,79866-79884,79866,79884,0.0,47.67,16.28,172
17,91053-91054,91053,91054,0.0,14.62,66.92,130
17,92616-92617,92616,92617,0.0,41.67,38.89,36
17,4196-4829,4196,4829,0.0,6.3,13.17,714
17,4196-4830,4196,4830,0.0,5.09,13.92,589
17,4196-92913,4196,92913,0.0,0.0,0.0,24
17,4196-4832,4196,4832,0.0,4.55,18.67,814
17,4196-4831,4196,4831,0.0,5.49,16.96,619
17,79086-79090,79086,79090,0.0,0.0,0.0,114
17,123733-991308,123733,991308,0.0,29.69,60.26,229
17,10967-78815,10967,78815,0.0,18.27,75.96,104
17,4275-5355,4275,5355,0.0,65.1,32.66,447
17,4255-5019,4255,5019,0.0,0.0,0.0,14
17,4255-5193,4255,5193,0.0,0.0,78.43,102
17,4180-4754,4180,4754,0.0,71.43,0.0,21
17,4180-4783,4180,4783,0.0,33.55,57.74,310
17,4180-4789,4180,4789,3.12,29.02,58.51,417
17,4180-4788,4180,4788,2.88,29.5,62.83,417
17,4180-4751,4180,4751,0.0,37.5,53.57,56
17,4180-78914,4180,78914,0.0,24.24,70.71,198
17,79578-79579,79578,79579,0.0,97.63,0.0,634
17,4241-7356,4241,7356,0.0,0.0,0.0,12
17,4241-7408,4241,7408,0.0,0.0,65.22,23
17,4241-5096,4241,5096,6.21,55.93,31.07,354
17,4241-5073,4241,5073,0.0,72.09,19.17,412
17,4241-5091,4241,5091,0.0,11.88,79.77,766
17,4241-5082,4241,5082,5.15,39.63,48.83,641
17,4241-5074,4241,5074,3.25,71.0,20.19,431
17,4241-5083,4241,5083,0.0,8.33,65.64,684
17,4241-5080,4241,5080,3.27,22.12,64.23,520
17,4241-5085,4241,5085,0.0,16.98,74.12,483
17,4241-5099,4241,5099,1.69,11.43,78.94,945
17,4241-5098,4241,5098,0.0,14.14,77.64,474
17,4241-5087,4241,5087,3.18,11.84,73.5,566
17,4241-5078,4241,5078,4.81,37.53,49.2,437
17,4241-80055,4241,80055,4.65,64.19,22.33,430
17,4241-5093,4241,5093,4.61,61.88,25.53,564
17,4241-5102,4241,5102,0.0,8.13,81.94,886
17,4241-91754,4241,91754,0.0,8.56,80.63,759
17,4241-6011,4241,6011,0.0,10.57,77.85,492
17,4241-5101,4241,5101,2.99,82.28,11.94,536
17,4241-5079,4241,5079,3.88,28.1,59.5,516
17,4241-5106,4241,5106,1.71,12.73,77.12,2168
17,4241-5086,4241,5086,2.89,59.67,30.56,553
17,4241-5089,4241,5089,5.18,51.63,35.32,521
17,4241-5090,4241,5090,0.0,17.1,74.25,497
17,4241-5092,4241,5092,3.07,20.54,68.52,521
17,4241-79729,4241,79729,2.6,21.69,69.61,770
17,4241-5107,4241,5107,5.91,55.52,31.82,1810
17,4241-5077,4241,5077,0.0,14.04,63.16,513
17,4241-81026,4241,81026,4.37,90.38,3.85,572
17,4241-5094,4241,5094,3.13,89.78,5.59,734
17,4241-5105,4241,5105,4.31,44.11,42.23,1809
17,4241-79268,4241,79268,1.71,12.18,78.36,2579
17,4241-79781,4241,79781,0.0,6.0,83.88,583
17,4241-5081,4241,5081,3.34,19.5,66.43,718
17,4241-5071,4241,5071,0.0,29.25,56.13,212
17,4241-5095,4241,5095,2.02,22.02,65.21,595
17,4241-5108,4241,5108,4.93,28.35,58.25,1358
17,4241-5104,4241,5104,5.78,28.59,55.94,640
17,4241-5084,4241,5084,0.0,6.39,73.44,689
17,4241-5103,4241,5103,0.0,24.95,60.77,469
17,4241-78920,4241,78920,4.59,40.39,46.07,458
17,4241-92611,4241,92611,7.88,44.24,40.0,165
17,4241-5100,4241,5100,5.37,55.01,31.93,689
17,4241-5088,4241,5088,0.0,23.59,57.78,585
17,4241-88406,4241,88406,0.0,9.04,81.06,697
17,4241-90782,4241,90782,0.0,27.17,63.04,92
17,5180-10820,5180,10820,5.57,17.36,71.84,1509
17,5180-89828,5180,89828,6.68,17.93,69.95,569
17,79205-78977,79205,78977,8.26,37.76,46.31,339
17,10970-92234,10970,92234,0.0,23.96,71.88,96
17,10970-78816,10970,78816,0.0,25.0,72.22,72
17,4510-6194,4510,6194,0.0,43.16,22.25,373
17,4510-6196,4510,6196,0.0,48.19,0.0,249
17,4510-80408,4510,80408,0.0,39.53,0.0,43
17,4510-6197,4510,6197,0.0,48.51,21.19,505
17,4510-6195,4510,6195,0.0,45.32,22.78,417
17,4510-78929,4510,78929,0.0,39.3,19.78,369
17,4460-5968,4460,5968,0.0,77.92,0.0,77
17,79069-79107,79069,79107,0.0,0.0,87.88,33
17,4462-5971,4462,5971,0.0,51.52,46.97,66
17,79024-79509,79024,79509,7.5,45.35,11.91,613
17,92983-850102,92983,850102,0.0,0.0,0.0,17
17,81024-81025,81024,81025,0.0,27.42,62.9,62
17,4209-4857,4209,4857,0.0,21.75,72.09,584
17,4209-91196,4209,91196,0.0,0.0,69.57,23
17,4209-10822,4209,10822,0.0,15.84,80.2,101
17,4209-4858,4209,4858,0.0,25.59,65.38,465
17,4209-4860,4209,4860,0.0,20.73,72.31,632
17,4209-4856,4209,4856,0.0,19.66,73.78,534
17,4369-5595,4369,5595,0.0,0.0,0.0,30
17,4369-5566,4369,5566,0.0,0.0,0.0,196
17,4186-4796,4186,4796,0.0,25.0,73.15,108
17,4283-80419,4283,80419,4.75,88.33,4.48,737
17,4283-79265,4283,79265,8.12,64.59,18.71,850
17,4283-5423,4283,5423,9.04,71.28,11.38,940
17,4283-5418,4283,5418,5.58,86.9,5.58,985
17,4283-5422,4283,5422,5.65,68.55,17.88,744
17,4283-5421,4283,5421,8.39,56.19,25.08,977
17,4283-5417,4283,5417,3.81,86.49,5.89,866
17,4283-79800,4283,79800,13.24,61.5,15.78,748
17,4283-79642,4283,79642,10.72,62.46,18.84,690
17,4283-80418,4283,80418,7.14,72.41,11.06,714
17,4283-5420,4283,5420,10.17,71.2,13.61,698
17,4283-80417,4283,80417,3.17,91.42,2.92,1200
17,92972-126443,92972,126443,12.9,63.44,17.2,93
17,4237-7356,4237,7356,0.0,0.0,57.14,28
17,4237-7408,4237,7408,0.0,17.74,62.9,62
17,4237-4994,4237,4994,5.13,64.32,23.15,838
17,4237-5006,4237,5006,3.41,21.34,67.28,703
17,4237-90400,4237,90400,0.0,0.0,0.0,17
17,4237-5014,4237,5014,4.52,26.93,60.84,1218
17,4237-5007,4237,5007,0.0,26.96,64.89,319
17,4237-5016,4237,5016,5.24,32.31,53.41,2024
17,4237-5012,4237,5012,13.81,47.6,29.88,666
17,4237-4997,4237,4997,5.03,25.68,58.25,915
17,4237-4999,4237,4999,6.18,50.88,34.33,906
17,4237-79223,4237,79223,3.45,50.82,38.31,1159
17,4237-79222,4237,79222,2.52,15.95,74.94,834
17,4237-5011,4237,5011,2.74,24.55,65.44,839
17,4237-4995,4237,4995,8.59,39.31,41.68,547
17,4237-5001,4237,5001,6.31,34.32,51.58,539
17,4237-4996,4237,4996,4.44,26.15,61.35,608
17,4237-6005,4237,6005,1.55,16.43,73.76,968
17,4237-4992,4237,4992,6.38,43.29,40.27,596
17,4237-4990,4237,4990,4.77,62.24,25.52,482
17,4237-5015,4237,5015,5.26,34.81,49.61,2034
17,4237-4991,4237,4991,5.61,36.21,49.07,428
17,4237-90135,4237,90135,2.36,14.16,77.68,551
17,4237-87520,4237,87520,3.03,12.94,77.14,2148
17,4237-5008,4237,5008,4.18,32.57,53.11,789
17,4237-5000,4237,5000,2.81,23.2,65.04,961
17,4237-5003,4237,5003,2.61,27.67,57.82,806
17,4237-81144,4237,81144,2.97,18.59,73.05,909
17,4237-5010,4237,5010,4.96,31.56,55.14,827
17,4237-4989,4237,4989,8.98,60.1,25.73,579
17,4237-6231,4237,6231,0.0,39.78,43.01,93
17,4237-5013,4237,5013,8.65,55.05,29.57,1515
17,4237-91217,4237,91217,0.0,13.29,79.02,286
17,4237-4993,4237,4993,4.87,33.18,50.35,431
17,4237-85835,4237,85835,6.47,51.45,32.65,1856
17,4237-5002,4237,5002,10.03,42.39,38.93,578
17,4237-5009,4237,5009,4.05,63.59,27.18,791
17,4237-5005,4237,5005,6.97,33.03,49.54,545
17,4237-5004,4237,5004,7.99,49.9,36.1,964
17,4237-4998,4237,4998,2.56,46.3,44.19,663
17,4237-92645,4237,92645,0.0,41.03,33.33,39
17,4237-5017,4237,5017,2.83,16.36,74.76,1803
17,4237-92638,4237,92638,1.96,12.95,76.15,1019
17,4237-88397,4237,88397,2.17,15.47,75.85,1060
17,4237-79645,4237,79645,1.8,18.69,73.81,947
17,4338-5512,4338,5512,7.06,81.07,6.5,354
17,92716-70692,92716,70692,12.22,84.44,0.0,180
17,346763-92248,346763,92248,8.07,87.58,0.0,161
17,90273-90274,90273,90274,8.33,89.44,0.0,180
17,4340-5515,4340,5515,16.94,50.83,5.1,726
17,4256-79616,4256,79616,12.13,46.29,32.81,445
17,4256-5196,4256,5196,5.62,85.71,3.53,623
17,4256-5200,4256,5200,3.91,87.03,3.44,640
17,4256-5205,4256,5205,7.22,75.29,6.84,526
17,4256-5206,4256,5206,5.19,89.98,0.0,539
17,4256-5201,4256,5201,7.46,84.88,4.03,496
17,4256-5203,4256,5203,5.53,72.71,7.43,579
17,4256-5195,4256,5195,13.2,80.21,2.89,485
17,4256-5197,4256,5197,29.08,64.39,0.0,337
17,4256-5199,4256,5199,4.36,82.39,5.3,528
17,4256-5204,4256,5204,5.55,90.33,2.69,631
17,4256-5198,4256,5198,8.78,86.34,0.0,615
17,4256-5209,4256,5209,3.33,86.0,3.78,450
17,6379-10814,6379,10814,0.0,71.11,17.78,135
17,4286-90771,4286,90771,0.0,0.0,0.0,19
17,4286-5436,4286,5436,7.83,79.44,5.16,2733
17,4286-89571,4286,89571,27.02,51.78,9.33,1854
17,4286-6249,4286,6249,8.93,81.25,0.0,224
17,4286-5438,4286,5438,8.67,76.66,7.61,2168
17,4286-79303,4286,79303,0.0,55.88,0.0,34
17,4286-5440,4286,5440,2.55,95.04,1.21,2156
17,4286-5439,4286,5439,11.08,69.07,6.43,2176
17,4286-78847,4286,78847,14.95,74.04,3.07,2508
17,4286-90051,4286,90051,0.0,0.0,0.0,17
17,4286-89778,4286,89778,0.0,90.49,5.25,305
17,4286-79617,4286,79617,0.0,86.72,4.43,271
17,4286-5441,4286,5441,4.08,92.04,2.29,2965
17,4286-6248,4286,6248,0.83,96.39,1.78,1802
17,4286-5442,4286,5442,5.97,82.87,5.18,2779
17,4286-221992,4286,221992,0.0,64.29,22.62,84
17,4286-88407,4286,88407,0.0,73.02,14.29,315
17,4286-5443,4286,5443,12.24,81.09,2.87,1846
17,4286-5437,4286,5437,3.78,91.03,2.74,3099
17,4452-5947,4452,5947,0.0,79.68,15.51,187
17,87334-91213,87334,91213,0.0,78.79,0.0,33
17,87334-87335,87334,87335,0.0,0.0,0.0,18
17,4420-6057,4420,6057,0.0,70.91,15.45,110
17,90536-90907,90536,90907,0.0,91.11,0.0,180
17,89864-89865,89864,89865,0.0,73.0,0.0,100
17,79959-79960,79959,79960,0.0,70.66,10.18,167
17,79959-92994,79959,92994,0.0,91.03,0.0,78
17,90997-90998,90997,90998,0.0,90.51,5.69,369
17,4220-4879,4220,4879,0.0,0.0,75.0,44
17,4220-92296,4220,92296,0.0,0.0,0.0,18
17,4220-4890,4220,4890,0.0,25.43,69.19,409
17,4220-4891,4220,4891,0.0,25.2,68.4,250
17,4220-81056,4220,81056,0.0,25.19,68.7,131
17,4201-4841,4201,4841,0.0,17.67,64.66,283
17,4214-4860,4214,4860,0.0,0.0,80.65,31
17,4214-4876,4214,4876,0.0,12.6,81.89,127
17,81011-10750,81011,10750,0.0,61.36,0.0,44
17,81009-79621,81009,79621,0.0,98.25,0.0,114
17,81001-5463,81001,5463,27.18,52.43,14.56,103
17,81001-81180,81001,81180,8.48,51.11,27.07,495
17,79439-79619,79439,79619,0.0,59.09,0.0,22
17,4390-5612,4390,5612,0.0,0.0,0.0,260
17,4390-5611,4390,5611,0.0,0.0,0.0,544
17,4390-5613,4390,5613,0.0,0.0,0.0,331
17,90140-90141,90140,90141,1.97,96.71,0.0,608
17,79455-79909,79455,79909,0.0,31.45,56.92,318
17,79455-79456,79455,79456,0.0,41.34,45.58,803
17,79455-80473,79455,80473,0.0,18.83,71.97,239
17,4188-4799,4188,4799,0.0,0.0,77.5,40
17,4188-4798,4188,4798,0.0,17.02,79.79,94
17,4431-5876,4431,5876,0.0,73.17,0.0,82
17,4431-5873,4431,5873,0.0,81.99,8.53,211
17,4431-5878,4431,5878,0.0,98.21,0.0,112
17,4431-5880,4431,5880,0.0,40.28,37.5,72
17,4431-5879,4431,5879,0.0,93.33,0.0,90
17,4431-5877,4431,5877,0.0,96.6,0.0,147
17,87405-91830,87405,91830,7.21,24.44,59.12,888
17,87405-79705,87405,79705,6.72,20.89,61.04,3514
17,79569-79570,79569,79570,6.51,86.51,5.12,215
17,4466-8132,4466,8132,0.0,12.08,80.4,505
17,4466-8126,4466,8126,0.0,29.17,59.38,96
17,4466-8134,4466,8134,0.0,15.67,75.0,568
17,4466-8128,4466,8128,0.0,19.4,73.24,299
17,4466-8135,4466,8135,0.0,13.21,80.68,1491
17,4466-8133,4466,8133,0.0,17.49,77.4,646
17,4466-8130,4466,8130,0.0,16.63,76.28,409
17,88317-80004,88317,80004,0.0,35.84,57.34,293
17,4425-5865,4425,5865,6.1,45.54,38.97,426
17,4511-6198,4511,6198,0.0,57.26,37.61,117
17,4511-6199,4511,6199,0.0,0.0,59.46,74
17,4245-5139,4245,5139,0.0,17.07,76.13,662
17,4245-87478,4245,87478,3.1,27.71,63.16,646
17,4245-92911,4245,92911,4.46,18.96,71.25,807
17,4245-80439,4245,80439,0.0,18.96,76.01,617
17,4245-89912,4245,89912,2.12,20.23,74.39,613
17,4245-5138,4245,5138,2.01,30.85,61.58,846
17,4245-5141,4245,5141,2.96,24.77,67.21,1958
17,4245-5140,4245,5140,3.58,27.84,63.76,643
17,81033-90825,81033,90825,11.76,31.76,50.59,170
17,4438-5899,4438,5899,0.0,59.48,38.36,232
17,4438-5900,4438,5900,0.0,61.32,35.85,212
17,4159-4738,4159,4738,0.0,0.0,0.0,149
17,4159-4741,4159,4741,0.0,0.0,0.0,192
17,4159-4740,4159,4740,0.0,0.0,0.0,110
17,4159-88386,4159,88386,0.0,0.0,0.0,43
17,4159-4739,4159,4739,0.0,0.0,0.0,57
17,4447-5938,4447,5938,0.0,33.82,60.0,340
17,91317-91318,91317,91318,6.07,19.9,38.28,593
17,4306-5471,4306,5471,2.16,6.73,44.04,788
17,90275-90276,90275,90276,0.0,55.65,36.52,115
17,4301-5467,4301,5467,3.32,13.46,76.58,602
17,92049-92050,92049,92050,0.0,37.5,52.27,88
17,4257-84660,4257,84660,17.69,76.41,3.69,407
17,4257-92961,4257,92961,0.0,80.0,0.0,20
17,4257-5210,4257,5210,12.8,77.15,4.02,547
17,4279-5375,4279,5375,42.11,46.49,0.0,114
17,4279-87883,4279,87883,31.11,57.99,5.57,826
17,4279-89420,4279,89420,0.0,75.0,0.0,32
17,4279-5368,4279,5368,6.39,91.13,0.0,485
17,4279-5376,4279,5376,6.64,86.91,2.66,527
17,4279-89423,4279,89423,0.0,96.77,0.0,31
17,4279-5363,4279,5363,0.0,93.46,3.27,459
17,4279-79012,4279,79012,23.97,68.54,3.0,534
17,4279-90051,4279,90051,0.0,0.0,0.0,23
17,4279-79013,4279,79013,13.12,82.89,2.49,602
17,4279-5377,4279,5377,11.3,84.38,0.0,416
17,4279-5370,4279,5370,3.91,92.38,2.34,512
17,4279-89426,4279,89426,0.0,71.43,0.0,28
17,4279-89424,4279,89424,0.0,68.97,0.0,29
17,4279-5374,4279,5374,8.67,84.44,2.89,450
17,4279-5378,4279,5378,13.51,77.25,0.0,444
17,4279-89427,4279,89427,20.57,73.71,0.0,175
17,4279-5371,4279,5371,17.74,68.55,10.48,124
17,4279-5379,4279,5379,9.54,82.57,4.36,482
17,4279-89422,4279,89422,0.0,93.94,0.0,33
17,4279-5364,4279,5364,19.62,76.16,2.62,688
17,4279-5380,4279,5380,3.9,83.08,8.46,461
17,4279-5365,4279,5365,5.14,91.38,1.66,661
17,4279-5372,4279,5372,14.16,78.22,0.0,473
17,4279-89419,4279,89419,0.0,91.18,0.0,34
17,4279-5373,4279,5373,9.45,87.69,0.0,455
17,4279-5367,4279,5367,6.05,85.21,4.2,595
17,87399-87400,87399,87400,4.05,22.98,62.92,766
17,4155-4719,4155,4719,0.0,25.19,67.67,532
17,4155-4721,4155,4721,0.0,22.63,69.83,358
17,4155-4720,4155,4720,0.0,21.96,72.87,387
17,4155-92686,4155,92686,0.0,0.0,73.68,19
17,79951-79952,79951,79952,0.0,66.18,29.41,68
17,4313-91788,4313,91788,0.0,76.09,0.0,92
17,4449-5943,4449,5943,0.0,9.2,0.0,337
17,4449-5944,4449,5944,0.0,0.0,0.0,244
17,4254-5192,4254,5192,0.0,46.4,50.72,694
17,4254-89596,4254,89596,9.58,27.76,55.77,407
17,4254-85819,4254,85819,3.65,44.75,48.17,438
17,4218-4881,4218,4881,0.0,56.97,40.91,660
17,4218-216045,4218,216045,0.0,44.44,48.15,54
17,4218-4882,4218,4882,0.0,47.5,45.19,520
17,4218-4885,4218,4885,0.0,56.1,40.24,82
17,4218-79780,4218,79780,0.0,42.94,54.05,531
17,4218-4884,4218,4884,0.0,51.86,45.7,779
17,4218-4883,4218,4883,0.0,52.71,44.12,442
17,89414-89415,89414,89415,19.05,21.77,49.66,147
17,4411-88387,4411,88387,3.03,51.95,40.55,1386
17,4411-91338,4411,91338,4.76,47.45,43.03,588
17,4411-5843,4411,5843,2.93,54.79,37.2,887
17,4411-79014,4411,79014,2.01,53.95,38.55,747
17,4411-5842,4411,5842,2.57,51.29,41.26,778
17,4411-5840,4411,5840,2.4,49.08,44.57,709
17,4411-5841,4411,5841,0.0,69.59,29.24,171
17,4411-90824,4411,90824,3.64,50.57,38.98,880
17,4514-6202,4514,6202,0.0,71.53,26.28,137
17,4320-90159,4320,90159,0.0,0.0,0.0,46
17,4320-5489,4320,5489,0.0,0.0,0.0,219
17,4210-5989,4210,5989,0.0,0.0,0.0,1032
17,4210-4863,4210,4863,0.0,0.0,0.0,557
17,4210-89776,4210,89776,0.0,0.0,0.0,62
17,4414-5853,4414,5853,0.0,0.0,0.0,21
17,4172-4760,4172,4760,0.0,56.14,0.0,114
17,89798-89799,89798,89799,3.61,16.04,67.77,692
17,4156-4722,4156,4722,0.0,0.0,0.0,310
17,4156-4723,4156,4723,0.0,0.0,0.0,198
17,4156-4724,4156,4724,0.0,0.0,0.0,217
17,4459-5967,4459,5967,0.0,96.44,0.0,225
17,4459-5962,4459,5962,0.0,98.67,0.0,75
17,79066-79110,79066,79110,0.0,62.26,0.0,53
17,4458-5965,4458,5965,0.0,98.24,1.53,850
17,4458-89775,4458,89775,0.0,94.32,3.88,387
17,4458-5964,4458,5964,0.0,96.7,0.0,424
17,4458-5966,4458,5966,0.0,94.64,4.11,1193
17,4458-5963,4458,5963,0.0,93.31,5.2,538
17,4454-90415,4454,90415,0.0,79.31,0.0,29
17,4454-5951,4454,5951,8.25,81.84,6.84,424
17,85454-85455,85454,85455,0.0,25.52,53.79,145
17,91110-91111,91110,91111,0.0,15.57,68.03,122
17,89756-89757,89756,89757,0.0,8.4,75.38,857
17,4240-87058,4240,87058,0.0,0.0,84.62,13
17,4240-6009,4240,6009,2.4,10.82,77.56,499
17,4240-5066,4240,5066,5.1,35.25,53.84,1705
17,4240-5069,4240,5069,2.77,8.62,80.91,2205
17,4240-5054,4240,5054,0.0,11.0,78.49,609
17,4240-5059,4240,5059,1.52,5.86,78.18,921
17,4240-5043,4240,5043,0.0,8.11,80.42,567
17,4240-5065,4240,5065,1.61,9.04,82.24,929
17,4240-79639,4240,79639,1.57,6.5,86.52,1016
17,4240-5067,4240,5067,6.8,60.92,20.88,1044
17,4240-6010,4240,6010,2.41,7.66,79.87,457
17,4240-5061,4240,5061,3.2,10.53,78.57,532
17,4240-5070,4240,5070,2.87,8.04,77.08,2164
17,4240-5046,4240,5046,4.63,36.21,51.79,475
17,4240-5051,4240,5051,6.11,44.54,35.59,458
17,4240-5049,4240,5049,4.34,13.47,75.46,876
17,4240-5062,4240,5062,5.68,35.73,51.62,862
17,4240-5045,4240,5045,4.36,13.49,72.82,482
17,4240-5055,4240,5055,4.08,7.94,79.37,441
17,4240-5064,4240,5064,5.5,20.66,64.55,818
17,4240-5063,4240,5063,2.46,9.83,78.76,692
17,4240-5050,4240,5050,8.27,35.34,47.12,399
17,4240-5048,4240,5048,5.74,32.08,52.67,505
17,4240-5053,4240,5053,3.75,27.81,60.16,507
17,4240-5057,4240,5057,5.77,13.16,66.28,433
17,4240-5068,4240,5068,4.89,17.08,67.28,1247
17,4240-91286,4240,91286,0.0,0.0,72.73,55
17,4240-5056,4240,5056,3.74,14.76,71.73,481
17,4240-5044,4240,5044,12.92,56.39,21.11,720
17,4240-5047,4240,5047,7.35,60.32,22.38,925
17,4240-5052,4240,5052,5.18,62.13,19.62,367
17,4492-6132,4492,6132,0.0,22.22,69.44,144
17,4467-6084,4467,6084,0.0,43.64,48.18,220
17,4467-90826,4467,90826,0.0,0.0,56.0,25
17,4467-6085,4467,6085,0.0,40.44,50.8,502
17,4467-6083,4467,6083,0.0,71.99,21.82,307
17,92381-92890,92381,92890,22.08,64.04,7.57,317
17,79072-79104,79072,79104,4.07,26.77,56.1,467
17,4472-6104,4472,6104,0.0,19.75,58.02,81
17,4472-6105,4472,6105,0.0,0.0,38.64,44
17,4250-5188,4250,5188,0.0,0.0,76.47,34
17,6353-5653,6353,5653,0.0,0.0,0.0,69
17,4393-5628,4393,5628,0.0,6.9,86.78,174
17,4393-5627,4393,5627,0.0,23.06,67.51,477
17,4393-5632,4393,5632,0.0,16.64,75.31,721
17,4393-5631,4393,5631,0.0,14.89,76.42,564
17,4393-7673,4393,7673,0.0,0.0,55.0,20
17,4393-5626,4393,5626,0.0,22.1,68.11,439
17,4393-79646,4393,79646,0.0,0.0,90.0,20
17,4175-4775,4175,4775,8.12,40.31,39.27,382
17,4175-4783,4175,4783,8.23,33.97,45.14,1872
17,4175-4776,4175,4776,8.21,51.28,30.0,390
17,4175-4777,4175,4777,3.52,31.66,56.78,597
17,4175-4781,4175,4781,6.06,36.96,42.65,809
17,4175-4778,4175,4778,4.11,38.7,47.08,633
17,4175-4779,4175,4779,6.02,36.39,43.72,382
17,4175-4780,4175,4780,4.64,34.07,49.6,496
17,4478-6113,4478,6113,0.0,0.0,92.86,14
17,90329-89941,90329,89941,0.0,0.0,0.0,142
17,79084-79092,79084,79092,28.47,48.18,13.14,137
17,4496-6141,4496,6141,0.0,10.09,87.28,228
17,4391-5619,4391,5619,0.0,10.75,76.77,465
17,4391-5618,4391,5618,0.0,10.09,82.18,763
17,4391-5614,4391,5614,0.0,12.07,76.12,381
17,4391-5616,4391,5616,0.0,12.39,77.03,444
17,4391-87577,4391,87577,0.0,0.0,80.0,25
17,4391-5615,4391,5615,0.0,14.7,79.21,279
17,4391-5617,4391,5617,0.0,19.9,69.63,191
17,4222-4884,4222,4884,0.0,67.53,0.0,77
17,4222-4894,4222,4894,0.0,63.73,31.86,204
17,4500-6166,4500,6166,0.0,95.02,4.98,422
17,4500-6165,4500,6165,0.0,96.38,0.0,414
17,4500-6164,4500,6164,0.0,94.28,2.41,997
17,4500-6167,4500,6167,0.0,98.06,1.42,773
17,4500-87330,4500,87330,0.0,91.44,0.0,444
17,4461-5970,4461,5970,0.0,26.36,68.18,110
17,78868-78869,78868,78869,0.0,0.0,80.49,41
17,89915-89916,89915,89916,8.07,33.54,39.75,322
17,91108-91109,91108,91109,39.02,42.95,11.48,305
17,90540-91122,90540,91122,38.3,42.13,8.51,235
17,79000-92518,79000,92518,0.0,0.0,0.0,11
17,79000-79028,79000,79028,10.19,50.32,30.57,157
17,79085-79091,79085,79091,0.0,80.32,5.43,681
17,92043-92044,92043,92044,8.7,83.54,4.97,322
17,4173-4761,4173,4761,0.0,10.08,87.6,258
17,4173-4762,4173,4762,0.0,0.0,87.1,124
17,4153-4517,4153,4517,0.0,26.42,59.76,246
17,4153-4711,4153,4711,0.0,20.4,67.2,250
17,4153-4710,4153,4710,0.0,23.15,60.4,298
17,4153-89607,4153,89607,0.0,0.0,61.11,18
17,4451-5946,4451,5946,0.0,66.34,11.67,514
17,85807-80475,85807,80475,23.67,52.66,10.65,169
17,10966-78818,10966,78818,0.0,14.49,82.13,207
17,91992-92497,91992,92497,0.0,61.33,0.0,75
17,79453-79454,79453,79454,12.57,63.35,18.98,843
17,4407-5809,4407,5809,0.0,92.4,2.2,592
17,4407-87532,4407,87532,4.33,85.5,7.38,786
17,4407-5824,4407,5824,2.3,86.32,4.22,782
17,4407-5810,4407,5810,5.25,78.03,11.31,628
17,4407-5826,4407,5826,3.86,85.19,5.96,2046
17,4407-5812,4407,5812,0.0,94.89,1.94,568
17,4407-5813,4407,5813,0.0,93.17,0.0,644
17,4407-5814,4407,5814,2.0,92.32,2.46,651
17,4407-92770,4407,92770,1.36,91.97,3.09,809
17,4407-5816,4407,5816,0.0,91.51,4.16,577
17,4407-5815,4407,5815,0.0,94.19,2.63,723
17,4407-5818,4407,5818,0.0,96.12,2.44,696
17,4407-5817,4407,5817,11.76,75.1,8.24,510
17,4407-5820,4407,5820,0.0,95.09,1.74,632
17,4407-5825,4407,5825,0.0,88.52,5.01,479
17,4407-89584,4407,89584,0.0,92.83,2.97,572
17,4407-6288,4407,6288,0.0,89.06,0.0,256
17,4407-7952,4407,7952,0.0,0.0,0.0,12
17,4407-5822,4407,5822,0.0,79.07,0.0,621
17,4407-5823,4407,5823,2.69,91.12,2.2,1002
17,4407-5821,4407,5821,0.0,92.93,5.7,509
17,4407-5827,4407,5827,1.11,93.44,2.82,2163
17,4407-91829,4407,91829,0.0,94.12,0.0,17
17,4440-5905,4440,5905,0.0,84.33,15.21,217
17,4440-5906,4440,5906,0.0,84.48,0.0,58
17,4440-5907,4440,5907,0.0,85.85,10.38,106
17,91933-92594,91933,92594,12.82,71.79,11.11,117
17,4408-5830,4408,5830,0.0,17.94,77.02,496
17,4408-5828,4408,5828,0.0,19.02,73.1,368
17,4408-5829,4408,5829,0.0,22.84,68.53,661
17,4408-87466,4408,87466,0.0,19.52,72.88,579
17,90142-90143,90142,90143,50.0,38.24,0.0,204
17,79218-80980,79218,80980,0.0,28.03,64.16,346
17,79218-78857,79218,78857,0.0,28.89,66.67,90
17,4361-5549,4361,5549,4.3,2.49,80.77,442
17,4258-5226,4258,5226,7.99,68.85,9.43,488
17,4258-5222,4258,5222,12.24,55.78,18.03,294
17,4258-5213,4258,5213,6.64,28.81,48.72,663
17,4258-5212,4258,5212,12.11,44.33,20.88,388
17,4258-5231,4258,5231,12.8,51.76,22.36,1078
17,4258-5221,4258,5221,16.64,52.31,14.97,541
17,4258-92894,4258,92894,0.0,0.0,0.0,25
17,4258-5232,4258,5232,10.0,55.29,17.53,850
17,4258-5214,4258,5214,8.88,71.58,5.68,563
17,4258-5211,4258,5211,3.92,54.29,3.73,536
17,4258-5228,4258,5228,8.48,30.65,48.81,672
17,4258-5233,4258,5233,4.8,53.14,27.31,271
17,4258-5230,4258,5230,16.14,63.37,7.54,849
17,4258-5215,4258,5215,21.34,52.39,7.48,628
17,4258-5219,4258,5219,13.56,33.69,37.08,472
17,4258-5216,4258,5216,4.98,74.5,12.75,502
17,4258-5224,4258,5224,10.8,77.7,5.81,861
17,4258-5227,4258,5227,6.65,35.69,42.34,496
17,4258-5220,4258,5220,18.0,52.25,16.5,400
17,4258-91913,4258,91913,5.81,39.68,41.61,310
17,4258-81057,4258,81057,3.69,29.72,53.15,461
17,4258-5225,4258,5225,12.4,62.02,8.91,516
17,4287-5450,4287,5450,15.1,55.69,12.62,404
17,4287-5447,4287,5447,5.7,21.2,57.59,2773
17,4287-92877,4287,92877,0.0,36.36,39.39,33
17,4287-5449,4287,5449,6.63,16.66,61.8,3092
17,4287-5446,4287,5446,10.26,47.73,25.07,1452
17,4287-5445,4287,5445,11.12,44.07,30.95,1745
17,4287-5448,4287,5448,23.99,30.25,33.66,2555
17,4287-5444,4287,5444,12.7,68.6,8.72,1583
17,4219-4879,4219,4879,0.0,0.0,74.07,54
17,4219-4886,4219,4886,0.0,25.68,71.11,405
17,4219-4887,4219,4887,0.0,25.13,71.26,581
17,4219-4889,4219,4889,0.0,21.11,75.91,469
17,4219-4888,4219,4888,0.0,17.18,78.63,262
17,6355-6063,6355,6063,17.65,46.15,24.43,221
17,6355-79296,6355,79296,7.58,55.45,32.7,211
17,6355-78904,6355,78904,0.0,69.11,25.13,191
17,6355-91212,6355,91212,0.0,69.74,23.68,228
17,91340-92247,91340,92247,0.0,0.0,93.02,43
17,92978-649230,92978,649230,0.0,55.93,33.56,447
17,90287-91825,90287,91825,6.98,28.79,57.24,1174
17,90287-90772,90287,90772,6.06,39.73,46.8,594
17,90287-91205,90287,91205,5.65,26.17,60.58,619
17,90287-92233,90287,92233,3.81,35.56,56.19,315
17,91250-91775,91250,91775,21.81,66.43,7.89,697
17,79131-79132,79131,79132,0.0,0.0,94.29,35
17,4264-10869,4264,10869,9.6,82.61,3.99,552
17,4264-87526,4264,87526,8.04,85.19,3.1,871
17,4264-6240,4264,6240,6.33,87.23,4.61,932
17,4264-79402,4264,79402,20.0,65.33,7.81,845
17,4288-85810,4288,85810,6.13,84.92,5.06,2334
17,4288-80051,4288,80051,12.29,74.9,7.74,2287
17,4288-89908,4288,89908,7.66,85.64,3.83,1853
17,4288-91270,4288,91270,0.0,60.0,0.0,20
17,4288-5452,4288,5452,9.82,80.88,5.35,2170
17,4288-5453,4288,5453,10.18,65.87,17.5,2388
17,4450-92244,4450,92244,3.37,55.05,33.5,594
17,4450-5945,4450,5945,3.76,68.08,19.95,426
17,4168-4749,4168,4749,6.02,26.93,57.02,349
17,4168-4751,4168,4751,7.81,27.14,56.88,269
17,4168-4750,4168,4750,0.0,33.33,61.9,126
17,4215-4877,4215,4877,0.0,0.0,89.71,68
17,4376-5581,4376,5581,0.0,14.55,61.82,110
17,4225-4897,4225,4897,0.0,26.53,63.27,98
17,90859-91156,90859,91156,5.96,26.99,52.32,604
17,4197-4834,4197,4834,0.0,0.0,0.0,58
17,4197-4835,4197,4835,0.0,0.0,0.0,63
17,4197-78916,4197,78916,0.0,0.0,0.0,34
17,4197-4838,4197,4838,0.0,0.0,0.0,713
17,4197-4837,4197,4837,0.0,0.0,0.0,333
17,4197-4833,4197,4833,0.0,0.0,0.0,559
17,91279-91896,91279,91896,0.0,0.0,0.0,16
17,79073-79103,79073,79103,5.01,0.0,87.7,699
17,79979-90044,79979,90044,0.0,53.77,29.25,106
17,79979-90045,79979,90045,0.0,86.29,0.0,124
17,79979-79980,79979,79980,0.0,89.52,0.0,124
17,79979-84297,79979,84297,0.0,92.04,0.0,201
17,6374-5892,6374,5892,0.0,68.29,17.89,123
17,4403-85924,4403,85924,0.0,48.77,34.98,203
17,4403-5750,4403,5750,4.82,54.27,30.58,726
17,4403-5685,4403,5685,4.53,39.94,42.49,353
17,4403-5694,4403,5694,0.0,43.94,0.0,330
17,4403-5693,4403,5693,5.3,42.78,39.31,547
17,4403-5659,4403,5659,14.05,49.46,17.84,370
17,4403-5660,4403,5660,9.69,41.03,35.61,351
17,4403-5661,4403,5661,4.94,73.33,14.57,405
17,4403-5738,4403,5738,10.18,54.11,24.56,1022
17,4403-5663,4403,5663,8.78,21.43,53.06,490
17,4403-5664,4403,5664,5.29,66.11,21.15,416
17,4403-5715,4403,5715,0.0,96.92,0.0,844
17,4403-5666,4403,5666,4.1,80.2,10.92,293
17,4403-5756,4403,5756,14.85,49.05,24.66,734
17,4403-5667,4403,5667,4.72,84.28,4.72,318
17,4403-5757,4403,5757,3.92,81.07,7.69,1886
17,4403-5668,4403,5668,5.83,29.13,54.85,206
17,4403-5670,4403,5670,8.19,53.51,26.61,342
17,4403-5671,4403,5671,8.22,54.45,19.18,292
17,4403-5672,4403,5672,0.0,76.53,16.4,311
17,4403-5673,4403,5673,17.83,44.56,25.31,561
17,4403-5737,4403,5737,11.06,43.46,31.78,642
17,4403-5674,4403,5674,4.56,74.16,12.77,329
17,4403-5676,4403,5676,6.02,38.35,46.99,266
17,4403-5678,4403,5678,5.71,48.57,33.43,350
17,4403-5729,4403,5729,0.0,82.84,3.96,303
17,4403-5680,4403,5680,0.0,27.32,59.28,388
17,4403-5681,4403,5681,0.0,40.86,44.42,394
17,4403-5739,4403,5739,5.19,41.25,43.06,771
17,4403-5723,4403,5723,11.78,45.69,36.21,348
17,4403-5691,4403,5691,0.0,58.49,5.66,265
17,4403-80039,4403,80039,0.0,84.95,6.63,392
17,4403-5686,4403,5686,14.29,71.01,6.3,238
17,4403-5684,4403,5684,2.89,89.17,3.43,554
17,4403-5687,4403,5687,8.64,56.79,23.77,324
17,4403-5688,4403,5688,7.06,47.21,33.09,269
17,4403-5735,4403,5735,4.62,63.99,22.63,411
17,4403-5677,4403,5677,12.32,51.13,23.61,487
17,4403-5733,4403,5733,22.27,46.43,19.96,476
17,4403-5731,4403,5731,3.38,80.73,6.05,711
17,4403-80038,4403,80038,0.0,70.54,24.86,370
17,4403-5695,4403,5695,3.96,51.08,37.23,556
17,4403-5697,4403,5697,0.0,91.9,3.95,506
17,4403-5741,4403,5741,4.8,41.64,43.81,646
17,4403-5699,4403,5699,0.0,79.61,6.15,358
17,4403-5742,4403,5742,5.88,73.07,12.24,817
17,4403-5700,4403,5700,0.0,86.65,4.66,322
17,4403-5701,4403,5701,4.29,43.87,44.48,326
17,4403-6269,4403,6269,0.0,33.33,33.33,45
17,4403-91202,4403,91202,1.14,91.41,3.83,966
17,4403-5703,4403,5703,0.0,58.49,29.87,318
17,4403-5704,4403,5704,0.0,82.05,4.62,585
17,4403-5705,4403,5705,0.0,90.38,0.0,208
17,4403-92239,4403,92239,5.0,77.92,7.92,480
17,4403-5706,4403,5706,19.53,56.05,17.41,471
17,4403-5707,4403,5707,0.0,86.0,0.0,200
17,4403-5758,4403,5758,15.3,51.42,22.91,1235
17,4403-5745,4403,5745,1.18,85.59,5.38,930
17,4403-6264,4403,6264,0.0,85.23,0.0,88
17,4403-5708,4403,5708,3.59,85.89,4.78,418
17,4403-5759,4403,5759,1.81,89.77,3.27,1710
17,4403-5683,4403,5683,2.19,86.7,4.85,639
17,4403-5760,4403,5760,12.68,58.79,18.84,1104
17,4403-5744,4403,5744,26.62,52.52,13.13,556
17,4403-5712,4403,5712,0.0,74.73,18.05,554
17,4403-5713,4403,5713,7.85,76.13,12.08,331
17,4403-5755,4403,5755,0.0,81.19,7.85,675
17,4403-5761,4403,5761,3.33,33.69,54.72,932
17,4403-5746,4403,5746,4.78,81.28,4.1,732
17,4403-5762,4403,5762,6.52,41.44,43.2,1810
17,4403-5689,4403,5689,3.43,49.14,34.29,350
17,4403-5763,4403,5763,10.61,44.92,34.76,443
17,4403-5747,4403,5747,13.93,44.52,29.91,438
17,4403-5721,4403,5721,4.74,33.41,46.92,422
17,4403-6272,4403,6272,0.0,53.23,17.74,62
17,4403-5724,4403,5724,3.81,86.22,4.99,341
17,4403-5764,4403,5764,4.4,74.91,12.46,3113
17,4403-5725,4403,5725,12.06,68.34,9.3,398
17,4403-5766,4403,5766,1.46,36.68,45.89,1096
17,4403-5749,4403,5749,4.69,82.52,4.9,469
17,4403-5751,4403,5751,1.4,80.41,8.93,929
17,4403-5726,4403,5726,0.0,90.76,3.5,314
17,4403-5728,4403,5728,1.81,78.58,11.27,719
17,4403-5719,4403,5719,6.51,53.08,24.32,292
17,4403-5732,4403,5732,8.19,48.31,31.64,354
17,4403-5730,4403,5730,6.93,50.0,33.12,462
17,4422-5861,4422,5861,0.0,61.31,29.2,137
17,4422-90286,4422,90286,0.0,78.43,0.0,51
17,4310-5475,4310,5475,12.79,8.22,67.58,219
17,4310-81200,4310,81200,0.0,0.0,59.76,82
17,4277-89592,4277,89592,13.46,74.33,7.01,713
17,4277-87523,4277,87523,10.36,78.78,5.37,801
17,4277-5359,4277,5359,10.61,74.27,9.93,443
17,4413-91168,4413,91168,0.0,31.55,60.56,710
17,4413-91292,4413,91292,5.19,28.06,61.3,752
17,4413-79721,4413,79721,6.7,33.98,52.61,1954
17,4413-78835,4413,78835,0.0,12.04,81.48,108
17,4413-93000,4413,93000,0.0,28.37,61.24,356
17,4413-87470,4413,87470,3.93,32.1,57.86,458
17,4413-79719,4413,79719,4.26,37.7,46.72,610
17,4413-79720,4413,79720,6.2,33.64,51.06,758
17,4413-5851,4413,5851,3.7,41.73,45.66,865
17,4413-87875,4413,87875,4.53,27.66,61.44,817
17,4413-92376,4413,92376,0.0,29.41,60.85,544
17,4413-91169,4413,91169,3.12,43.24,44.28,673
17,4413-89575,4413,89575,2.98,28.81,60.71,840
17,4413-5850,4413,5850,3.79,24.66,65.99,738
17,4413-84665,4413,84665,0.0,42.11,48.03,152
17,4413-90156,4413,90156,6.17,38.25,48.8,664
17,4413-89749,4413,89749,4.27,30.48,56.98,702
17,4413-80871,4413,80871,3.74,31.83,58.03,641
17,4413-10855,4413,10855,6.2,36.16,50.0,484
17,4413-90845,4413,90845,0.0,26.83,62.6,123
17,4380-5591,4380,5591,0.0,11.54,0.0,104
17,4190-4800,4190,4800,0.0,0.0,85.33,75
17,79957-79958,79957,79958,0.0,17.2,71.02,314
17,90317-90318,90317,90318,16.59,37.07,15.61,205
17,80992-80994,80992,80994,1.72,16.02,74.25,699
17,4162-5632,4162,5632,0.0,0.0,85.71,56
17,4162-4744,4162,4744,0.0,0.0,79.27,82
17,4358-78822,4358,78822,0.0,91.18,0.0,34
17,4339-5513,4339,5513,0.0,17.85,71.2,493
17,4430-5871,4430,5871,0.0,75.68,0.0,37
17,79907-80385,79907,80385,0.0,93.33,0.0,15
17,91948-92177,91948,92177,24.27,70.71,0.0,239
17,4260-7408,4260,7408,0.0,30.23,39.53,43
17,4260-5274,4260,5274,5.12,39.93,40.59,606
17,4260-5244,4260,5244,4.93,43.78,43.43,852
17,4260-5245,4260,5245,17.56,47.88,19.41,706
17,4260-5246,4260,5246,6.03,49.66,37.93,580
17,4260-5247,4260,5247,13.86,48.88,23.03,534
17,4260-5248,4260,5248,3.91,40.97,45.07,537
17,4260-5249,4260,5249,11.43,50.0,28.65,726
17,4260-5250,4260,5250,6.01,41.34,44.64,699
17,4260-90051,4260,90051,0.0,0.0,0.0,11
17,4260-5251,4260,5251,8.71,66.01,19.39,459
17,4260-89761,4260,89761,0.0,46.88,37.5,32
17,4260-89762,4260,89762,0.0,54.55,0.0,33
17,4260-90756,4260,90756,0.0,0.0,60.0,20
17,4260-89763,4260,89763,0.0,79.41,0.0,34
17,4260-90767,4260,90767,0.0,53.12,0.0,32
17,4260-89764,4260,89764,0.0,52.94,32.35,34
17,4260-89765,4260,89765,0.0,63.64,0.0,33
17,4260-89766,4260,89766,0.0,70.59,0.0,34
17,4260-89767,4260,89767,0.0,80.3,0.0,66
17,4260-89768,4260,89768,0.0,75.0,0.0,52
17,4260-92910,4260,92910,0.0,70.0,0.0,20
17,4260-90386,4260,90386,0.0,64.15,0.0,53
17,4260-89771,4260,89771,0.0,58.82,32.35,34
17,4260-89772,4260,89772,0.0,76.92,0.0,39
17,4260-90783,4260,90783,0.0,0.0,0.0,20
17,4260-89773,4260,89773,0.0,81.82,0.0,33
17,4260-90784,4260,90784,0.0,55.0,0.0,20
17,4260-90785,4260,90785,0.0,75.0,0.0,20
17,4260-89774,4260,89774,0.0,66.67,0.0,33
17,4260-7373,4260,7373,0.0,0.0,0.0,13
17,4260-92231,4260,92231,0.0,0.0,0.0,11
17,4260-5252,4260,5252,7.37,29.3,52.93,529
17,4260-5253,4260,5253,5.01,54.75,35.75,579
17,4260-5254,4260,5254,10.65,51.96,27.29,535
17,4260-92200,4260,92200,0.0,29.27,34.15,41
17,4260-5255,4260,5255,4.09,19.66,66.67,1002
17,4260-5256,4260,5256,5.63,62.57,21.86,764
17,4260-5257,4260,5257,19.26,48.39,11.18,841
17,4260-5258,4260,5258,8.05,40.82,37.85,708
17,4260-5259,4260,5259,6.91,40.54,46.55,782
17,4260-5260,4260,5260,6.92,80.41,7.19,1475
17,4260-5261,4260,5261,5.15,77.61,9.65,777
17,4260-5262,4260,5262,10.77,55.93,20.64,1003
17,4260-5263,4260,5263,8.29,68.5,14.72,965
17,4260-5264,4260,5264,17.37,41.23,17.72,570
17,4260-5265,4260,5265,5.29,66.3,18.08,813
17,4260-5266,4260,5266,7.63,62.85,16.53,708
17,4260-5267,4260,5267,10.97,47.26,32.04,565
17,4260-5268,4260,5268,8.04,69.42,12.8,945
17,4260-5269,4260,5269,5.82,33.02,53.14,636
17,4260-5271,4260,5271,6.36,78.7,9.3,817
17,4260-5272,4260,5272,6.37,50.0,35.78,612
17,4260-5270,4260,5270,5.83,39.34,44.26,549
17,4260-5273,4260,5273,8.21,50.31,31.83,487
17,4260-5275,4260,5275,13.23,65.31,11.25,960
17,4504-6182,4504,6182,0.0,86.73,0.0,226
17,4512-6200,4512,6200,0.0,88.37,0.0,86
17,79497-79508,79497,79508,8.97,23.1,56.21,290
17,79990-79991,79990,79991,0.0,16.67,58.33,84
17,90036-90037,90036,90037,23.32,53.64,12.24,343
17,91937-92619,91937,92619,0.0,96.06,0.0,431
17,4394-5637,4394,5637,0.0,0.0,0.0,521
17,4394-5635,4394,5635,0.0,0.0,0.0,360
17,4394-5636,4394,5636,0.0,0.0,0.0,285
17,4394-79698,4394,79698,0.0,0.0,0.0,589
17,4394-5633,4394,5633,0.0,0.0,0.0,524
17,4236-89676,4236,89676,5.96,14.47,74.47,235
17,4236-6001,4236,6001,0.0,38.32,59.06,381
17,4236-4986,4236,4986,0.0,28.51,68.67,249
17,4236-4987,4236,4987,0.0,30.74,66.78,283
17,4236-91264,4236,91264,0.0,0.0,75.0,28
17,4170-4755,4170,4755,0.0,70.21,27.42,423
17,4170-4757,4170,4757,0.0,61.65,36.09,399
17,4170-4756,4170,4756,0.0,66.17,32.63,334
17,4193-4822,4193,4822,0.0,36.01,53.04,411
17,4193-4823,4193,4823,0.0,40.17,53.28,229
17,4261-5276,4261,5276,5.83,92.18,0.0,652
17,4261-8822,4261,8822,0.0,89.58,0.0,48
17,4261-5277,4261,5277,8.61,89.33,0.0,534
17,4154-4713,4154,4713,0.0,0.0,0.0,30
17,4154-85882,4154,85882,0.0,0.0,0.0,129
17,4154-4714,4154,4714,0.0,0.0,0.0,407
17,4154-4716,4154,4716,0.0,0.0,0.0,309
17,4154-4715,4154,4715,0.0,0.0,0.0,464
17,4154-4717,4154,4717,0.0,0.0,0.0,551
17,4387-5600,4387,5600,0.0,30.75,17.46,504
17,4387-5601,4387,5601,0.0,28.89,19.05,315
17,4387-5602,4387,5602,0.0,29.21,18.41,315
17,4387-5604,4387,5604,0.0,20.31,16.64,709
17,4387-5603,4387,5603,0.0,27.22,21.2,316
17,4485-6121,4485,6121,0.0,0.0,80.56,36
17,79379-91815,79379,91815,0.0,33.33,60.61,33
17,79379-79380,79379,79380,0.0,0.0,75.0,28
17,79533-79551,79533,79551,0.0,0.0,0.0,12
17,4213-4874,4213,4874,0.0,0.0,80.0,20
17,4213-4875,4213,4875,0.0,0.0,81.25,16
17,4385-5599,4385,5599,0.0,28.06,65.23,417
17,4377-5582,4377,5582,0.0,0.0,66.67,36
17,4499-6147,4499,6147,0.0,74.86,21.51,358
17,4499-6149,4499,6149,0.0,85.14,8.7,552
17,4499-6163,4499,6163,2.5,58.91,34.96,881
17,4499-92895,4499,92895,0.0,0.0,0.0,12
17,4499-6159,4499,6159,0.0,69.4,27.46,732
17,4499-6160,4499,6160,0.0,90.84,4.7,404
17,4499-6148,4499,6148,0.0,92.54,5.26,456
17,4499-6161,4499,6161,0.0,73.9,20.52,502
17,4499-6156,4499,6156,0.0,69.51,26.54,633
17,4499-6150,4499,6150,0.0,28.0,62.67,75
17,4499-6158,4499,6158,0.0,60.05,36.84,771
17,4499-6152,4499,6152,0.0,80.13,13.95,473
17,4499-6153,4499,6153,4.98,63.84,24.91,542
17,4499-6154,4499,6154,0.0,84.92,10.55,398
17,4499-6162,4499,6162,1.97,74.66,19.27,659
17,4499-85840,4499,85840,0.0,47.19,46.68,392
17,4499-6155,4499,6155,0.0,89.25,3.91,307
17,4499-87622,4499,87622,1.99,51.9,43.58,553
17,4509-6193,4509,6193,0.0,90.6,0.0,117
17,4507-6191,4507,6191,1.42,80.78,14.35,2607
17,4507-89576,4507,89576,2.12,58.21,36.71,1888
17,4507-6190,4507,6190,1.44,88.21,8.56,2291
17,4507-80409,4507,80409,0.0,99.8,0.0,2931
17,4507-6302,4507,6302,0.0,86.36,10.8,176
17,4507-6189,4507,6189,1.75,87.65,7.53,1142
17,4507-91316,4507,91316,0.0,57.89,0.0,19
