year,mergecode,lowincome
17,7320-80290,90.0
17,7320-7322,90.0
17,90199-90200,71.0
17,90199-90770,82.0
17,4296-5461,98.0
17,90878-92197,87.0
17,79961-79094,70.0
17,92768-92769,88.0
17,7355-7356,47.0
17,4325-5496,90.0
17,79437-79438,68.0
17,79437-88180,67.0
17,80381-8327,99.0
17,78768-78771,90.0
17,78768-78769,80.0
17,4289-5454,62.0
17,4289-79799,50.0
17,4289-78926,27.0
17,4289-87903,24.0
17,4249-5187,87.0
17,79053-79123,99.0
17,4409-5831,84.0
17,4409-6292,82.0
17,92947-92948,42.0
17,92947-92967,54.5
17,4280-5381,56.0
17,4280-5382,91.0
17,4280-5384,88.0
17,4280-6030,97.0
17,4280-5385,88.0
17,4280-5386,92.0
17,4280-5387,91.0
17,4280-5388,95.0
17,4280-5383,94.0
17,4280-5389,89.0
17,4280-5391,91.0
17,4280-5390,93.0
17,4280-79203,89.0
17,4280-5392,94.0
17,79969-79970,87.0
17,86569-86572,80.0
17,86569-86574,80.0
17,86569-86575,80.0
17,86569-86576,80.0
17,86569-86577,80.0
17,4418-5859,76.0
17,4418-84336,94.0
17,79215-78788,76.0
17,80995-80996,84.0
17,79883-6346,77.0
17,79874-78813,74.0
17,79872-78901,43.0
17,79873-78900,66.0
17,79875-78817,73.0
17,80989-80990,90.0
17,88334-88335,70.0
17,79877-6347,78.0
17,79879-6348,96.0
17,9655-80313,80.0
17,4406-6055,78.0
17,4406-5805,92.0
17,4406-5808,25.0
17,4406-5802,19.0
17,4406-5799,45.0
17,4406-5796,97.0
17,4406-5794,86.0
17,4406-5795,95.0
17,4406-79378,15.0
17,4406-5797,94.0
17,4406-5804,83.0
17,4406-5806,31.0
17,4406-5798,62.0
17,4406-5792,60.0
17,4406-5800,44.0
17,4406-79282,14.0
17,4406-5807,16.0
17,4406-5803,62.0
17,4406-5801,88.0
17,4406-5793,21.0
17,4506-6188,86.0
17,4506-92739,34.5
17,4443-5925,52.0
17,4443-5923,67.0
17,4443-5922,69.0
17,4443-5920,81.0
17,4443-79631,60.0
17,79426-79432,89.0
17,6378-10755,92.0
17,79947-79950,77.0
17,79947-81187,74.0
17,79947-91805,91.0
17,79812-79813,92.0
17,85749-85750,14.0
17,6393-80462,77.0
17,4274-5354,76.0
17,4187-4797,80.0
17,4471-6101,56.0
17,80380-92289,95.0
17,92325-92326,64.0
17,89949-90271,65.0
17,91303-91304,62.0
17,4272-91985,90.0
17,4272-87619,61.0
17,4272-90028,41.0
17,4272-79670,66.0
17,4272-79792,57.0
17,4272-5348,90.0
17,4272-5349,87.0
17,4272-5347,92.0
17,4272-80181,66.0
17,4272-78924,58.0
17,4508-6192,92.0
17,4412-90822,90.0
17,4412-90821,80.0
17,4412-5847,89.0
17,4412-5846,87.0
17,4412-5844,99.0
17,90039-90544,80.0
17,4468-6088,46.0
17,4468-6089,32.0
17,79204-10729,34.0
17,4294-10730,44.0
17,4268-5319,93.0
17,4268-81141,99.0
17,4268-5320,99.0
17,4268-5321,83.0
17,4268-92301,44.5
17,4481-6116,66.0
17,79983-79507,69.0
17,79226-4799,41.0
17,79226-4794,49.0
17,79226-4793,55.0
17,79226-85879,64.5
17,4515-6203,82.0
17,4169-4754,72.0
17,4169-4752,74.0
17,4169-4753,72.0
17,9688-80426,90.0
17,91760-91761,88.0
17,4397-5645,39.0
17,4397-5648,34.0
17,4397-5647,40.0
17,4397-5646,47.0
17,4224-4896,52.0
17,4513-6201,74.5
17,4171-4758,95.0
17,4171-4759,80.0
17,4305-5470,85.0
17,81097-81098,90.0
17,4269-81110,76.0
17,4269-87473,98.0
17,4269-90341,55.0
17,4269-89572,62.0
17,4269-87471,55.0
17,4269-88398,55.0
17,4284-5424,69.0
17,4284-79376,33.0
17,4284-89573,62.0
17,4378-5587,89.0
17,4378-5583,99.0
17,4378-5584,99.0
17,4378-5585,72.0
17,4378-6048,66.0
17,4378-79655,79.0
17,90328-88290,75.0
17,90327-88289,35.0
17,90327-92235,42.0
17,79971-81102,85.0
17,79055-80463,41.0
17,79905-79906,85.0
17,4470-84659,84.5
17,4470-6098,76.0
17,4470-6100,62.0
17,4470-6099,73.0
17,4470-90137,74.5
17,4484-6119,82.0
17,79302-79303,99.0
17,79302-89565,95.0
17,4400-5652,92.0
17,4282-79283,91.0
17,4282-5414,67.0
17,4282-5398,92.0
17,4282-5405,67.0
17,4282-5406,86.0
17,4282-5411,84.0
17,4282-5407,87.0
17,4282-6032,88.0
17,4282-5399,96.0
17,4282-5409,92.0
17,4282-5402,89.0
17,4282-5400,92.0
17,4282-5401,92.0
17,4282-81109,87.0
17,4282-78980,86.0
17,4282-5412,92.0
17,4282-5413,88.0
17,4282-89955,94.0
17,4282-91270,67.0
17,4282-80352,86.0
17,4282-5404,85.0
17,4282-5403,88.0
17,4282-5415,72.0
17,91934-92498,98.0
17,80246-80247,98.0
17,79389-80314,90.0
17,4446-79692,65.0
17,4446-5934,91.0
17,4446-5935,81.0
17,4446-5929,99.0
17,4446-87948,61.0
17,4446-5930,95.0
17,4446-5936,62.0
17,4446-89578,67.0
17,4446-5937,94.0
17,4446-5932,99.0
17,4446-5933,99.0
17,4446-89579,63.0
17,4453-5948,60.0
17,4453-79658,47.0
17,4453-90084,67.0
17,4410-5835,17.0
17,4410-5839,13.0
17,4410-5837,12.0
17,4410-5833,11.0
17,4410-5834,14.0
17,4410-5832,13.0
17,4410-5838,13.0
17,4244-5134,12.0
17,4244-5137,6.0
17,4244-5136,14.0
17,4244-78912,7.0
17,4244-87477,8.0
17,4244-80056,10.0
17,4244-78911,8.0
17,4395-5638,98.0
17,4191-85876,97.0
17,4191-85877,65.0
17,4191-4801,57.0
17,4191-4802,96.0
17,4191-79039,98.0
17,6362-5555,21.0
17,4242-5117,15.0
17,4242-89591,10.0
17,4242-90302,8.0
17,4242-85838,7.0
17,4242-79247,20.0
17,4242-79633,12.0
17,4242-5125,22.0
17,4242-5127,41.0
17,4242-5119,19.0
17,4242-88404,3.0
17,4242-80102,12.0
17,4242-85837,8.0
17,4242-5122,45.0
17,4242-89926,10.0
17,4242-5126,53.0
17,4242-92892,13.0
17,4242-92891,16.0
17,4242-5116,88.0
17,4242-5113,90.0
17,4242-89925,8.0
17,4242-6015,19.0
17,4242-5114,96.0
17,4242-89590,9.0
17,4242-79653,21.0
17,4242-91794,5.0
17,4242-5121,55.0
17,4242-5123,57.0
17,4242-90027,55.0
17,4242-5115,7.0
17,4242-79636,20.0
17,4242-89613,10.0
17,4242-89589,11.0
17,4242-6014,11.0
17,4242-6013,73.0
17,4242-5111,91.0
17,4242-5118,54.0
17,4242-87679,9.0
17,4242-79634,9.0
17,4242-5124,61.0
17,4242-79635,33.0
17,4242-5120,14.0
17,4242-87519,11.0
17,4242-5110,63.0
17,80242-80378,95.0
17,80235-80236,90.0
17,80235-84333,90.0
17,80235-84334,80.0
17,80077-87926,98.0
17,4158-4733,99.0
17,4158-4732,86.0
17,4158-4737,92.0
17,4158-4731,94.0
17,4158-4734,99.0
17,4158-4736,93.0
17,4158-4735,99.0
17,4474-6110,47.0
17,4474-6108,65.0
17,4474-6109,59.0
17,4474-78928,66.0
17,90138-90139,8.0
17,90138-92636,32.0
17,5186-10801,98.0
17,5186-92637,77.0
17,80415-80416,99.0
17,85448-85451,47.0
17,85448-92561,47.0
17,4486-6122,53.0
17,81027-81028,60.0
17,79462-79466,80.0
17,4177-4785,57.0
17,79464-79526,95.0
17,92989-766437,77.0
17,91773-10733,72.0
17,4370-92635,82.0
17,4370-5567,86.0
17,4381-5592,56.0
17,4381-5593,58.0
17,4160-4742,96.0
17,89556-89557,98.0
17,4479-6114,98.0
17,4416-5855,32.0
17,4442-92608,72.0
17,4442-5916,67.0
17,4442-89577,85.0
17,4442-5914,78.0
17,4442-5911,79.0
17,79077-79099,81.0
17,79988-79989,92.0
17,6570-6571,95.0
17,4487-6123,80.0
17,4487-6124,72.0
17,4487-6126,73.0
17,4487-90934,38.0
17,4487-6125,63.0
17,92612-92614,90.0
17,90331-87412,92.0
17,80032-80033,95.0
17,4501-78935,76.0
17,4501-6172,66.0
17,4501-85833,75.0
17,4501-91908,26.0
17,4501-6174,69.0
17,4501-89582,56.0
17,4501-6168,78.0
17,4501-6169,89.0
17,4501-6173,75.0
17,4501-85834,81.0
17,4501-6175,75.0
17,92369-92906,95.0
17,4263-87058,38.0
17,4263-5289,35.0
17,4263-80050,77.0
17,4263-5283,98.0
17,4263-79285,96.0
17,4263-79285,96.0
17,4263-6023,96.0
17,4263-5284,96.0
17,4263-5285,96.0
17,4263-5287,94.0
17,4263-5288,90.0
17,4263-5286,97.0
17,89917-89918,39.0
17,79049-79127,33.0
17,89914-80974,99.0
17,90284-90285,24.0
17,90541-90639,77.0
17,4246-78922,18.0
17,4246-5154,33.0
17,4246-5162,51.0
17,4246-5151,47.0
17,4246-85850,14.0
17,4246-88399,19.0
17,4246-5146,87.0
17,4246-5160,12.0
17,4246-5161,39.0
17,4246-5142,69.0
17,4246-5159,26.0
17,4246-5156,26.0
17,4246-5150,54.0
17,4246-85851,12.0
17,4246-5157,59.0
17,4246-80318,13.0
17,4246-5152,38.0
17,4246-78921,22.0
17,4246-5155,14.0
17,4246-5158,16.0
17,4246-79290,14.0
17,4246-5149,58.0
17,4246-5163,13.0
17,4246-5153,48.0
17,4246-5144,35.0
17,4246-89953,18.0
17,4246-5145,50.0
17,4246-6016,57.0
17,4246-80317,12.0
17,4246-79574,16.0
17,4246-92907,13.0
17,4246-79573,17.0
17,4246-5147,70.0
17,4246-81017,13.0
17,4246-81016,15.0
17,4246-5143,81.0
17,4246-92525,47.0
17,4246-87528,9.0
17,9693-80377,98.0
17,81099-78950,28.0
17,81099-92249,22.0
17,6258-10807,70.0
17,80274-80275,98.0
17,6357-4898,42.0
17,4174-4765,87.0
17,4174-4773,83.0
17,4174-4767,92.0
17,4174-4766,91.0
17,4174-4771,81.0
17,4174-4770,94.0
17,4174-4768,98.0
17,4174-4769,78.0
17,4228-4902,70.0
17,4228-4903,47.0
17,4243-81111,45.0
17,4243-89600,24.0
17,4243-81112,36.0
17,4243-80052,47.0
17,4243-5128,75.0
17,4243-5133,67.0
17,4243-5129,88.0
17,4243-5132,65.0
17,4243-5130,71.0
17,4243-84683,28.0
17,4243-89604,31.0
17,4243-88416,59.0
17,4243-87621,40.0
17,4243-89821,80.0
17,4243-90134,25.0
17,4243-88414,28.0
17,4243-87620,32.0
17,4243-5131,80.0
17,4243-84684,82.0
17,4243-88417,46.0
17,4243-79632,51.0
17,4243-88415,35.0
17,4243-81113,32.0
17,91170-91171,81.0
17,91938-92563,94.0
17,91939-92601,92.0
17,89850-89851,43.0
17,87401-87402,57.0
17,92783-92921,42.0
17,90506-90507,95.0
17,6446-88201,67.0
17,6446-6366,40.0
17,6446-79982,42.0
17,6446-90349,60.0
17,6446-89920,98.0
17,6446-92492,12.0
17,6446-92290,72.0
17,6446-90322,73.0
17,6446-79219,62.0
17,6446-10849,44.5
17,6446-10753,18.0
17,6446-79697,84.0
17,6446-90377,37.0
17,6446-79263,73.0
17,6446-90324,57.0
17,6446-10848,59.0
17,81123-81124,92.0
17,81123-87415,77.0
17,4341-10752,92.0
17,4185-4795,62.0
17,4448-5940,99.0
17,4448-5941,99.0
17,4448-5942,89.0
17,6375-5495,76.0
17,91277-91783,97.0
17,91277-92975,92.0
17,4335-5507,93.0
17,92250-85886,96.0
17,92902-92903,84.5
17,92379-92893,87.0
17,79214-81173,89.0
17,88452-80145,98.0
17,78783-92501,76.0
17,78783-78820,93.0
17,4192-4811,15.0
17,4192-4820,38.0
17,4192-4807,59.0
17,4192-4819,25.0
17,4192-4812,65.0
17,4192-4814,92.0
17,4192-4806,63.0
17,4192-4804,23.0
17,4192-4817,49.0
17,4192-90191,45.0
17,4192-4805,41.0
17,4192-4803,67.0
17,4192-4815,29.0
17,4192-4808,75.0
17,4192-79665,44.0
17,91865-91866,90.0
17,4300-5466,87.0
17,4437-88400,60.0
17,4437-89587,58.0
17,4437-85853,57.0
17,4437-5897,49.0
17,4437-5895,66.0
17,4437-89858,73.0
17,4437-92280,68.0
17,4437-90309,49.0
17,4437-89907,58.0
17,4437-80440,69.0
17,4437-87537,59.0
17,4437-79415,55.0
17,4405-5784,82.0
17,4405-5791,66.0
17,4405-5790,78.0
17,4405-5785,86.0
17,4405-5787,62.0
17,4405-5788,91.0
17,4405-5789,49.0
17,4405-6054,77.0
17,4405-5786,91.0
17,4167-4747,36.0
17,4167-4748,28.0
17,4167-5982,30.0
17,4221-4892,98.0
17,4221-4893,92.0
17,4221-90064,90.0
17,4221-92618,90.0
17,79973-79974,72.0
17,4247-5167,16.0
17,4247-5166,26.0
17,4247-5165,39.0
17,4273-5351,93.0
17,4273-5353,75.0
17,4273-80315,78.0
17,4273-5352,91.0
17,4273-87521,73.0
17,4273-80915,80.0
17,4273-80916,79.0
17,4495-6140,50.0
17,4495-92597,82.0
17,4195-4826,72.0
17,4195-4828,67.0
17,4303-6036,99.0
17,4505-6187,96.0
17,4505-79724,91.0
17,4505-81096,90.0
17,4505-81106,85.0
17,4505-6183,97.0
17,4505-6184,97.0
17,4505-6185,95.0
17,4505-81105,92.0
17,4157-4725,78.0
17,4157-4728,75.0
17,4157-4727,81.0
17,90884-91712,84.0
17,4238-5018,75.0
17,80406-80407,99.0
17,4239-79181,22.0
17,4239-79630,23.0
17,4239-79145,36.0
17,4239-5030,59.0
17,4239-90124,13.0
17,4239-79829,32.0
17,4239-79144,24.0
17,4239-79823,24.0
17,4239-79629,27.0
17,4239-5038,23.0
17,4239-89605,13.0
17,4239-5023,49.0
17,4239-5039,27.0
17,4239-5020,53.0
17,4239-5024,7.0
17,4239-5022,19.0
17,4239-5033,70.0
17,4239-5040,17.0
17,4239-6006,23.0
17,4239-88401,14.0
17,4239-5029,45.0
17,4239-5028,43.0
17,4239-87533,26.0
17,4239-5032,35.0
17,4239-6007,30.0
17,4239-5021,42.0
17,4239-5026,14.0
17,4239-78918,54.0
17,4239-5025,32.0
17,4239-5027,39.0
17,4239-5034,43.0
17,4239-89594,11.0
17,4239-78919,29.0
17,4239-5036,31.0
17,4239-85847,19.0
17,4239-81145,21.0
17,4239-5037,34.0
17,4239-5035,27.0
17,4239-5031,26.0
17,4271-5340,86.0
17,4271-5343,89.0
17,4271-5342,93.0
17,4271-79782,83.0
17,4271-5345,99.0
17,4271-79815,83.0
17,4271-5344,86.0
17,4271-5337,93.0
17,4271-5339,79.0
17,4271-5332,98.0
17,4271-5338,96.0
17,4271-5334,99.0
17,4271-5341,69.0
17,4271-5333,99.0
17,4271-5335,96.0
17,4271-79816,87.0
17,4271-7364,44.5
17,4271-5336,94.0
17,4285-5431,55.0
17,4285-5429,75.0
17,4285-5426,77.0
17,4285-5433,38.0
17,4285-5434,69.0
17,4285-5430,58.0
17,4285-5427,48.0
17,4285-5432,46.0
17,4285-5428,71.0
17,4208-4854,94.0
17,4208-4855,65.0
17,4208-85831,65.0
17,79539-79588,90.0
17,4194-4824,61.0
17,4194-4825,52.0
17,9691-80421,91.0
17,79793-4840,92.0
17,79500-79512,80.0
17,79500-90470,92.0
17,6369-5872,98.0
17,80066-80069,80.0
17,4371-5570,82.0
17,90906-91818,52.0
17,79081-79095,14.0
17,79501-79513,74.0
17,79501-92523,76.0
17,79501-90277,88.0
17,88454-80466,95.0
17,4212-4870,85.0
17,4392-5623,57.0
17,4392-5625,47.0
17,4392-6053,62.0
17,81076-89624,82.0
17,81076-81077,74.0
17,81076-78811,87.0
17,81076-91204,82.0
17,4248-93009,8.0
17,4248-90315,17.0
17,4248-89580,18.0
17,4248-92259,21.0
17,4248-79227,14.0
17,4248-88422,13.0
17,4248-92252,10.0
17,4248-87487,35.0
17,4248-79374,14.0
17,4248-5168,18.0
17,4248-80316,25.0
17,4248-79375,23.0
17,4248-92260,14.0
17,4248-92264,4.0
17,4248-89581,17.0
17,91275-92223,98.0
17,4389-5610,68.0
17,4389-5609,72.0
17,4389-5607,84.0
17,4389-79377,99.0
17,4389-5608,81.0
17,88447-80287,77.0
17,88449-87950,88.0
17,88453-79662,95.0
17,4469-6097,51.0
17,4469-6091,64.0
17,4469-6095,55.0
17,4469-6092,57.0
17,4469-87535,48.0
17,4469-6093,61.0
17,4469-6090,79.0
17,4469-6096,50.0
17,4469-6094,79.0
17,80370-80444,96.0
17,4502-6180,87.0
17,89784-89785,78.0
17,90162-90163,72.0
17,89561-89562,87.0
17,88365-88366,85.0
17,88367-88368,92.0
17,89786-89787,82.0
17,89563-89564,92.0
17,88374-88375,72.0
17,88369-88370,52.0
17,88372-88373,33.0
17,90034-90035,60.0
17,89788-89789,52.0
17,89790-89791,32.0
17,90160-90161,62.0
17,80085-80086,59.0
17,91326-92230,48.0
17,92499-92500,82.0
17,90876-91782,87.0
17,5174-10811,72.0
17,91899-91900,32.0
17,4259-5236,95.0
17,4259-5240,90.0
17,4259-5234,93.0
17,4259-5235,95.0
17,4259-5238,98.0
17,4259-5239,99.0
17,4259-78934,89.0
17,4259-79821,97.0
17,4259-5237,97.0
17,4259-5243,99.0
17,4445-89859,39.0
17,4445-90807,31.0
17,4445-89569,53.0
17,4445-5928,51.0
17,4445-87489,55.0
17,4445-79831,50.0
17,4445-89860,40.0
17,79475-79476,95.0
17,91248-91249,95.0
17,80089-80090,98.0
17,4388-5605,44.0
17,4388-5606,32.0
17,79064-79112,49.0
17,80092-80093,90.0
17,91329-92225,82.0
17,91328-92224,56.0
17,4342-92246,84.0
17,4342-78899,62.0
17,90333-89866,57.0
17,90535-91157,52.0
17,90334-89868,70.0
17,79882-10748,86.0
17,90548-91158,39.0
17,79880-6350,52.0
17,79233-78851,98.0
17,78965-79178,87.0
17,79876-10749,83.0
17,79878-6349,95.0
17,90330-89867,99.0
17,79871-79177,95.0
17,80072-80074,99.0
17,4396-5642,99.0
17,4396-5641,87.0
17,4396-5644,80.0
17,80382-80383,98.0
17,80354-87941,96.0
17,91262-91263,90.0
17,79598-5577,81.0
17,79598-5576,80.0
17,79598-90667,78.0
17,79598-5571,51.0
17,79598-5595,62.0
17,79598-5575,77.0
17,79598-5572,72.0
17,79598-91772,45.0
17,79598-5573,59.0
17,79598-5580,87.0
17,79598-88409,53.0
17,4480-6115,77.0
17,4267-5302,27.0
17,4267-5298,25.0
17,4267-5297,7.0
17,4267-5296,25.0
17,4267-5299,39.0
17,4267-5308,37.0
17,4267-5315,28.0
17,4267-78923,22.0
17,4267-5310,32.0
17,4267-5314,23.0
17,4267-5307,29.0
17,4267-5313,10.0
17,4267-5316,25.0
17,4267-5304,47.0
17,4267-5318,36.0
17,4267-5317,6.0
17,4267-5311,29.0
17,4267-5305,71.0
17,4267-5306,19.0
17,4267-79143,33.0
17,4267-5303,36.0
17,4267-5300,28.0
17,4267-5301,49.0
17,4267-5312,14.0
17,4267-5309,41.0
17,7909-80449,80.0
17,7909-80450,80.0
17,7909-80448,80.0
17,4368-5561,73.0
17,4368-78979,36.0
17,4368-5565,42.0
17,4368-5563,64.0
17,4368-5564,58.0
17,4368-5559,64.0
17,4368-5562,38.0
17,4368-5560,56.0
17,4276-84305,76.0
17,4276-89266,72.0
17,4276-5356,61.0
17,4276-5357,88.0
17,4276-756942,66.0
17,4276-91310,75.0
17,4276-88421,71.0
17,4276-5358,38.0
17,79967-89616,52.0
17,79967-87416,21.0
17,79967-79968,36.0
17,91174-91175,40.0
17,91174-91765,42.0
17,90637-90638,50.0
17,9689-80374,77.0
17,4266-5295,23.0
17,4266-87475,68.0
17,4266-92706,48.0
17,4266-5294,63.0
17,4266-79652,72.0
17,4266-79846,19.0
17,79926-90755,84.5
17,79926-79927,74.5
17,4281-87522,57.0
17,4281-80054,48.0
17,4281-85843,47.0
17,4281-90385,51.0
17,4281-5393,22.0
17,4281-90550,24.0
17,4281-5396,29.0
17,4281-78925,51.0
17,4281-5394,30.0
17,4281-89586,20.0
17,4281-92878,25.0
17,4281-85844,22.0
17,4281-5395,28.0
17,4281-79221,46.0
17,92648-88064,92.0
17,4374-5579,74.0
17,4374-85821,72.0
17,4278-7408,69.0
17,4278-90771,67.0
17,4278-79618,75.0
17,4278-87476,82.0
17,4278-89608,79.0
17,4278-530879,78.0
17,4278-5360,79.0
17,4278-85852,84.0
17,4278-89924,83.0
17,10126-80261,77.0
17,4270-5324,46.0
17,4270-5325,76.0
17,4270-5330,29.0
17,4270-92605,46.0
17,4270-5329,23.0
17,4270-5328,70.0
17,4270-5326,20.0
17,4270-5327,49.0
17,4270-89622,12.0
17,4199-4839,47.0
17,4439-5902,84.0
17,4439-5901,82.0
17,4439-5904,74.0
17,90995-90996,98.0
17,78992-78993,63.0
17,4404-5772,48.0
17,4404-5777,32.0
17,4404-5769,45.0
17,4404-713837,27.0
17,4404-5775,39.0
17,4404-5781,41.0
17,4404-5779,45.0
17,4404-5770,55.0
17,4404-5782,33.0
17,4404-5774,73.0
17,4404-5776,43.0
17,4404-89585,23.0
17,4404-5773,73.0
17,4404-5771,48.0
17,4404-5780,36.0
17,4404-79445,31.0
17,4314-5480,90.0
17,7291-89614,95.0
17,7291-7292,95.0
17,4441-89910,60.0
17,4441-89911,51.0
17,4441-5908,63.0
17,4441-5910,45.0
17,4441-5909,60.0
17,4441-87479,41.0
17,4441-89909,62.0
17,4441-88405,64.0
17,4441-81058,52.0
17,4435-5893,62.0
17,4435-6067,72.0
17,90861-91781,69.0
17,89852-89853,72.0
17,4473-6107,88.0
17,4473-6106,82.0
17,81174-81175,87.0
17,4163-4745,98.0
17,4181-4790,72.0
17,4235-4913,89.0
17,4235-79490,56.0
17,4235-4961,39.0
17,4235-4969,82.0
17,4235-4945,57.0
17,4235-88420,62.0
17,4235-4983,59.0
17,4235-4967,15.0
17,4235-78932,72.0
17,4235-4915,85.0
17,4235-4932,88.0
17,4235-4916,83.0
17,4235-4959,54.0
17,4235-4956,40.0
17,4235-4937,72.0
17,4235-90752,45.0
17,4235-91812,23.0
17,4235-4917,48.0
17,4235-90303,39.0
17,4235-4926,47.0
17,4235-4971,44.0
17,4235-79225,96.0
17,4235-4931,25.0
17,4235-4918,89.0
17,4235-4955,27.0
17,4235-4944,46.0
17,4235-4919,94.0
17,4235-4920,71.0
17,4235-4952,36.0
17,4235-4921,91.0
17,4235-4948,45.0
17,4235-4940,81.0
17,4235-4958,85.0
17,4235-4970,88.0
17,4235-4962,11.0
17,4235-4922,87.0
17,4235-4923,94.0
17,4235-4934,93.0
17,4235-4924,94.0
17,4235-4925,96.0
17,4235-4941,34.0
17,4235-4953,62.0
17,4235-4951,47.0
17,4235-89593,12.0
17,4235-4980,67.0
17,4235-4982,34.0
17,4235-4949,56.0
17,4235-78938,50.0
17,4235-4943,53.0
17,4235-4957,68.0
17,4235-4973,68.0
17,4235-4984,31.0
17,4235-4960,25.0
17,4235-4935,89.0
17,4235-4974,76.0
17,4235-4966,82.0
17,4235-4946,83.0
17,4235-4933,85.0
17,4235-4965,72.0
17,4235-4936,74.0
17,4235-4977,41.0
17,4235-4947,61.0
17,4235-78917,55.0
17,4235-79489,62.0
17,4235-4954,55.0
17,4235-4979,28.0
17,4235-4939,86.0
17,4235-90753,54.0
17,4235-78933,67.0
17,4235-4930,76.0
17,4235-4975,70.0
17,4235-4938,61.0
17,4235-4927,90.0
17,4235-4981,72.0
17,4235-4929,88.0
17,4235-4928,77.0
17,4235-6229,68.0
17,4235-79807,21.0
17,4463-92176,72.0
17,4463-5972,96.0
17,4211-81122,74.0
17,4211-4868,71.0
17,4211-4869,59.0
17,79994-5526,87.0
17,79207-5503,67.0
17,79207-80430,82.0
17,79207-79129,61.0
17,79207-78843,16.0
17,79207-92531,77.0
17,79207-91788,92.0
17,90048-90049,95.0
17,4493-6133,62.0
17,4488-6127,72.0
17,4253-5191,84.5
17,88455-80099,98.0
17,79498-85517,74.0
17,79498-90194,47.0
17,79498-79510,68.0
17,79589-79429,90.0
17,4379-6049,74.0
17,4379-5590,94.0
17,4379-5589,60.0
17,4503-6181,87.0
17,4230-92081,41.0
17,4230-4907,42.0
17,4230-4906,29.0
17,90192-90193,75.0
17,4251-5189,72.0
17,81228-81229,65.0
17,4265-5293,87.0
17,4265-5290,84.0
17,4265-5291,89.0
17,4265-88189,54.5
17,4265-80183,83.0
17,4265-5292,96.0
17,4176-4784,92.0
17,4252-89748,58.0
17,4252-5190,76.0
17,80278-80279,74.5
17,80103-80104,95.0
17,87884-87885,98.0
17,4366-5554,98.0
17,78882-78883,85.0
17,78882-91213,74.5
17,10760-10800,37.0
17,92374-92345,51.0
17,4457-5958,92.0
17,4457-5960,85.0
17,4457-5954,75.0
17,4457-5955,63.0
17,4457-5957,94.0
17,4457-5959,94.0
17,4457-5962,69.0
17,4457-5961,87.0
17,4457-6071,78.0
17,4457-5956,94.0
17,79701-79702,57.0
17,79881-79899,96.0
17,80105-80108,80.0
17,80105-80109,80.0
17,79503-79505,85.0
17,4444-5927,64.0
17,4262-5278,82.0
17,4262-5279,85.0
17,4262-5282,94.0
17,4262-6021,64.5
17,4262-5280,86.0
17,4262-5281,96.0
17,80120-80121,75.0
17,92564-90000,36.0
17,4373-5578,80.0
17,6235-87413,83.0
17,4196-4829,62.0
17,4196-4830,65.0
17,4196-92913,54.5
17,4196-4832,48.0
17,4196-4831,56.0
17,4196-81127,77.0
17,79086-79090,67.0
17,4275-5355,76.0
17,4255-5193,82.0
17,4180-4789,43.0
17,4180-4788,60.0
17,4180-78914,42.0
17,79578-79579,97.0
17,4241-5096,80.0
17,4241-5073,85.0
17,4241-5091,13.0
17,4241-5082,65.0
17,4241-5074,84.0
17,4241-5083,3.0
17,4241-5080,38.0
17,4241-5085,14.0
17,4241-5099,9.0
17,4241-5098,14.0
17,4241-5087,8.0
17,4241-5078,59.0
17,4241-80055,87.0
17,4241-5093,83.0
17,4241-5102,5.0
17,4241-91754,4.0
17,4241-6011,5.0
17,4241-5101,90.0
17,4241-5079,52.0
17,4241-5106,9.0
17,4241-5086,75.0
17,4241-5089,76.0
17,4241-5090,19.0
17,4241-5092,23.0
17,4241-79729,25.0
17,4241-5107,60.0
17,4241-5077,7.0
17,4241-81026,98.0
17,4241-5094,97.0
17,4241-5105,43.0
17,4241-79268,9.0
17,4241-79781,6.0
17,4241-5081,23.0
17,4241-5071,38.0
17,4241-5095,12.0
17,4241-5108,40.0
17,4241-5104,48.0
17,4241-5084,5.0
17,4241-5103,36.0
17,4241-78920,61.0
17,4241-92611,51.0
17,4241-5100,74.0
17,4241-5088,42.0
17,4241-88406,5.0
17,5180-10820,16.0
17,5180-89828,16.0
17,79205-78977,58.0
17,10970-92234,62.0
17,10970-78816,52.0
17,4510-6194,75.0
17,4510-6196,95.0
17,4510-6197,64.0
17,4510-6195,81.0
17,4462-5968,87.0
17,4462-5971,72.0
17,79024-79509,93.0
17,4209-4857,58.0
17,4209-4858,63.0
17,4209-4860,34.0
17,4209-4856,53.0
17,4369-5566,98.0
17,79866-79884,82.0
17,4186-4796,67.0
17,4283-80419,75.0
17,4283-79265,51.0
17,4283-5423,73.0
17,4283-5418,87.0
17,4283-5422,57.0
17,4283-5421,50.0
17,4283-5417,85.0
17,4283-79800,60.0
17,4283-79642,63.0
17,4283-80418,66.0
17,4283-5420,76.0
17,4283-80417,80.0
17,92972-126443,95.0
17,4237-4994,73.0
17,4237-5006,30.0
17,4237-90400,32.0
17,4237-5014,41.0
17,4237-5007,46.0
17,4237-5016,34.0
17,4237-5012,70.0
17,4237-4997,41.0
17,4237-4999,57.0
17,4237-79223,72.0
17,4237-79222,18.0
17,4237-5011,33.0
17,4237-4995,69.0
17,4237-5001,52.0
17,4237-4996,52.0
17,4237-6005,17.0
17,4237-4992,63.0
17,4237-4990,76.0
17,4237-5015,40.0
17,4237-4991,67.0
17,4237-90135,18.0
17,4237-87520,12.0
17,4237-5008,49.0
17,4237-5000,22.0
17,4237-5003,36.0
17,4237-81144,32.0
17,4237-5010,32.0
17,4237-4989,78.0
17,4237-6231,62.0
17,4237-5013,58.0
17,4237-91217,11.0
17,4237-4993,66.0
17,4237-85835,52.0
17,4237-5002,71.0
17,4237-5009,63.0
17,4237-5005,51.0
17,4237-5004,68.0
17,4237-4998,66.0
17,4237-92645,44.5
17,4237-5017,14.0
17,4237-92638,17.0
17,4237-88397,8.0
17,4237-79645,22.0
17,80130-80131,67.0
17,4338-5512,95.0
17,90273-90274,96.0
17,90273-70692,98.0
17,90273-92248,92.0
17,80432-6396,84.0
17,4340-5515,89.0
17,80126-80127,98.0
17,80126-80453,98.0
17,4256-79616,30.0
17,4256-5196,90.0
17,4256-5200,97.0
17,4256-5205,81.0
17,4256-5206,83.0
17,4256-5201,71.0
17,4256-5203,90.0
17,4256-5195,96.0
17,4256-5197,82.0
17,4256-5199,81.0
17,4256-5204,85.0
17,4256-5198,95.0
17,4256-5209,87.0
17,92364-92365,57.0
17,4286-5436,70.0
17,4286-89571,47.0
17,4286-6249,77.0
17,4286-5438,68.0
17,4286-5440,70.0
17,4286-5439,55.0
17,4286-78847,57.0
17,4286-89778,88.0
17,4286-79617,72.0
17,4286-5441,62.0
17,4286-6248,80.0
17,4286-5442,74.0
17,4286-221992,62.0
17,4286-88407,55.0
17,4286-5443,68.0
17,4286-5437,60.0
17,4452-5947,87.0
17,80136-80137,90.0
17,80138-80139,95.0
17,90536-90907,96.0
17,89864-89865,92.0
17,79959-79960,82.0
17,79959-92994,82.0
17,4220-4879,84.5
17,4220-4890,58.0
17,4220-4891,45.0
17,79534-90745,90.0
17,80140-80141,95.0
17,4214-4876,67.0
17,80375-80376,82.0
17,4390-5612,98.0
17,4390-5611,99.0
17,4390-5613,99.0
17,90140-90141,90.0
17,91053-91054,12.0
17,4188-4798,47.0
17,4431-5876,82.0
17,4431-5873,76.0
17,4431-5878,98.0
17,4431-5880,95.0
17,4431-5879,98.0
17,4431-5877,82.0
17,79569-79570,95.0
17,4466-8132,35.0
17,4466-8134,42.0
17,4466-8128,44.0
17,4466-8135,27.0
17,4466-8133,36.0
17,4466-80184,27.0
17,4466-8130,48.0
17,88317-80004,70.0
17,4425-5865,67.0
17,4511-6198,87.0
17,4511-6199,87.0
17,4245-5139,22.0
17,4245-87478,40.0
17,4245-92911,22.0
17,4245-80439,23.0
17,4245-89912,26.0
17,4245-5138,34.0
17,4245-5141,24.0
17,4245-5140,33.0
17,79716-79717,82.0
17,4438-5898,68.0
17,4438-5900,44.0
17,4159-4738,52.0
17,4159-4741,75.0
17,4159-4740,98.0
17,4159-88386,72.0
17,4159-4739,87.0
17,6568-6569,82.0
17,4447-5938,52.0
17,90275-90276,82.0
17,4301-5467,18.0
17,92049-92050,57.0
17,4257-84660,89.0
17,4257-92961,80.0
17,4257-181823,74.5
17,4257-5210,89.0
17,80150-80151,70.0
17,9692-80414,98.0
17,4279-5375,87.0
17,4279-87883,80.0
17,4279-5368,80.0
17,4279-5376,96.0
17,4279-5363,96.0
17,4279-79012,86.0
17,4279-79013,91.0
17,4279-5377,86.0
17,4279-5370,95.0
17,4279-5374,81.0
17,4279-5378,82.0
17,4279-5379,81.0
17,4279-5364,94.0
17,4279-5380,85.0
17,4279-5365,82.0
17,4279-5372,92.0
17,4279-5373,85.0
17,4279-5367,89.0
17,87399-87400,23.0
17,8477-78994,91.0
17,4155-4719,51.0
17,4155-4721,38.0
17,4155-4720,55.0
17,4449-5943,99.0
17,4449-5944,98.0
17,80467-80468,98.0
17,4254-5192,82.0
17,4254-89596,55.0
17,4254-85819,70.0
17,4218-4881,58.0
17,4218-4882,67.0
17,4218-4885,57.0
17,4218-79780,58.0
17,4218-4884,38.0
17,4218-4883,56.0
17,89414-89415,62.0
17,4411-88387,30.0
17,4411-91338,23.0
17,4411-5843,37.0
17,4411-5840,39.0
17,4411-5841,82.0
17,4411-90824,26.0
17,4514-6202,87.0
17,4320-81172,83.0
17,4320-90159,22.0
17,4320-81170,70.0
17,4320-5489,46.0
17,4210-5989,99.0
17,4210-4863,99.0
17,85926-85927,75.0
17,4172-4760,72.0
17,80154-80155,82.0
17,4156-4722,99.0
17,4156-4723,98.0
17,4156-4724,98.0
17,80156-80157,65.0
17,4459-5967,82.0
17,4458-5965,81.0
17,4458-89775,69.0
17,4458-5964,83.0
17,4458-5966,72.0
17,4458-5963,68.0
17,4454-5951,84.0
17,85454-85455,22.0
17,4240-6009,11.0
17,4240-5066,31.0
17,4240-5046,45.0
17,4240-5069,6.0
17,4240-5054,9.0
17,4240-5059,3.0
17,4240-5043,5.0
17,4240-5065,8.0
17,4240-79639,3.0
17,4240-5067,70.0
17,4240-6010,5.0
17,4240-5061,11.0
17,4240-5070,7.0
17,4240-5051,68.0
17,4240-5049,11.0
17,4240-5062,42.0
17,4240-5045,17.0
17,4240-5055,11.0
17,4240-5064,36.0
17,4240-5063,8.0
17,4240-5050,58.0
17,4240-5048,49.0
17,4240-5053,19.0
17,4240-5057,22.0
17,4240-5068,23.0
17,4240-5056,15.0
17,4240-5044,70.0
17,4240-5047,30.0
17,4240-5052,83.0
17,80158-80159,98.0
17,88448-80161,77.0
17,4467-6084,48.0
17,4467-6085,35.0
17,4467-6083,73.0
17,92381-92890,95.0
17,4472-6104,67.0
17,4472-6105,67.0
17,4250-5188,74.5
17,90790-90791,98.0
17,90790-5653,95.0
17,4393-5628,52.0
17,4393-5627,64.0
17,4393-5632,46.0
17,4393-5631,56.0
17,4393-5626,65.0
17,4175-4775,59.0
17,4175-4783,33.0
17,4175-4776,93.0
17,4175-4777,35.0
17,4175-4781,44.0
17,4175-4778,41.0
17,4175-4779,59.0
17,4175-4780,46.0
17,4478-6113,34.5
17,79084-89870,87.0
17,79084-89941,87.0
17,79084-79092,77.0
17,79084-91109,78.0
17,79084-91122,77.0
17,79084-90318,84.0
17,4391-5619,51.0
17,4391-5618,32.0
17,4391-5614,45.0
17,4391-5616,45.0
17,4391-5615,51.0
17,4391-5617,52.0
17,4222-4894,61.0
17,4500-6166,88.0
17,4500-6165,89.0
17,4500-6164,87.0
17,4500-6167,82.0
17,4500-87330,90.0
17,4461-5970,32.0
17,89915-89916,52.0
17,79000-79028,82.0
17,79085-79091,92.0
17,7347-7349,82.0
17,87694-87695,98.0
17,87694-967958,98.0
17,87694-92673,98.0
17,87694-92672,99.0
17,87694-92697,98.0
17,87694-92288,98.0
17,87694-87696,95.0
17,87694-89946,95.0
17,92043-92044,68.0
17,4173-4761,72.0
17,4173-4762,64.5
17,4153-4517,52.0
17,4153-4711,48.0
17,4153-4710,56.0
17,88412-88413,82.0
17,92206-92207,53.0
17,80170-80171,57.0
17,80172-80173,73.0
17,89301-89302,98.0
17,80176-80177,46.0
17,80178-80179,77.0
17,91814-91849,84.0
17,91795-91804,55.0
17,80190-80191,38.0
17,6470-6471,80.0
17,80192-80193,91.0
17,80194-80195,5.0
17,4451-5946,81.0
17,85807-80475,72.0
17,91992-92497,77.0
17,79453-79454,71.0
17,4407-5809,86.0
17,4407-87532,70.0
17,4407-5824,82.0
17,4407-5810,74.0
17,4407-5826,72.0
17,4407-5812,94.0
17,4407-5813,90.0
17,4407-5814,87.0
17,4407-92770,70.0
17,4407-5816,69.0
17,4407-5815,84.0
17,4407-5818,86.0
17,4407-5817,85.0
17,4407-5820,87.0
17,4407-5825,74.0
17,4407-89584,90.0
17,4407-6288,82.0
17,4407-5822,88.0
17,4407-5823,93.0
17,4407-5821,90.0
17,4407-5827,74.0
17,4440-5905,72.0
17,4440-5906,72.0
17,4440-5907,62.0
17,91933-92594,92.0
17,4408-5830,12.0
17,4408-5828,15.0
17,4408-5829,20.0
17,4408-87466,12.0
17,90142-90143,85.0
17,79218-80980,56.0
17,79218-78857,47.0
17,4258-5226,76.0
17,4258-5222,78.0
17,4258-5213,35.0
17,4258-5212,78.0
17,4258-5231,69.0
17,4258-5221,83.0
17,4258-92894,80.0
17,4258-5232,72.0
17,4258-5214,99.0
17,4258-5211,99.0
17,4258-5228,37.0
17,4258-5230,82.0
17,4258-5215,92.0
17,4258-5219,62.0
17,4258-5216,88.0
17,4258-5224,88.0
17,4258-5227,44.0
17,4258-5220,83.0
17,4258-91913,41.0
17,4258-81057,24.0
17,4258-5225,82.0
17,4287-5450,52.0
17,4287-5447,12.0
17,4287-5449,7.0
17,4287-5446,44.0
17,4287-5445,39.0
17,4287-5448,28.0
17,4287-5444,64.0
17,4219-4886,44.0
17,4219-4887,40.0
17,4219-4889,26.0
17,4219-4888,38.0
17,6355-6063,71.0
17,92978-649230,68.0
17,7332-7333,90.0
17,91250-91775,80.0
17,78760-78761,98.0
17,80200-80203,80.0
17,92613-92615,82.0
17,80081-80082,82.0
17,4264-10869,89.0
17,4264-87526,86.0
17,4264-6240,89.0
17,4264-79402,82.0
17,4288-85810,71.0
17,4288-80051,68.0
17,4288-89908,71.0
17,4288-5452,70.0
17,4288-5453,52.0
17,4450-92244,84.0
17,4450-5945,89.0
17,4168-4749,95.0
17,4168-4751,53.0
17,4168-4750,72.0
17,8577-80405,98.0
17,4215-4877,77.0
17,4376-5581,92.0
17,91917-91918,73.0
17,8578-80411,92.0
17,4197-4834,95.0
17,4197-4835,95.0
17,4197-78916,90.0
17,4197-4838,78.0
17,4197-4837,98.0
17,4197-4833,99.0
17,79073-79103,21.0
17,79979-90044,77.0
17,79979-90045,67.0
17,79979-79980,77.0
17,79979-84297,79.0
17,4403-5750,67.0
17,4403-5685,62.0
17,4403-5694,89.0
17,4403-5693,61.0
17,4403-5659,81.0
17,4403-5660,67.0
17,4403-5661,85.0
17,4403-5738,74.0
17,4403-5663,35.0
17,4403-5664,59.0
17,4403-5715,99.0
17,4403-5666,71.0
17,4403-5756,73.0
17,4403-5667,92.0
17,4403-5757,73.0
17,4403-5668,36.0
17,4403-5670,84.0
17,4403-5671,86.0
17,4403-5672,51.0
17,4403-5673,82.0
17,4403-5737,72.0
17,4403-5674,80.0
17,4403-5676,55.0
17,4403-5678,72.0
17,4403-5729,84.0
17,4403-5680,24.0
17,4403-5681,45.0
17,4403-5739,48.0
17,4403-5723,76.0
17,4403-5691,86.0
17,4403-80039,83.0
17,4403-5686,84.0
17,4403-5684,87.0
17,4403-5687,85.0
17,4403-5688,71.0
17,4403-5735,55.0
17,4403-5677,81.0
17,4403-5733,89.0
17,4403-5731,80.0
17,4403-80038,80.0
17,4403-5695,59.0
17,4403-5697,91.0
17,4403-5741,52.0
17,4403-5699,84.0
17,4403-5742,68.0
17,4403-5700,86.0
17,4403-5701,62.0
17,4403-6269,77.0
17,4403-91202,79.0
17,4403-5703,33.0
17,4403-5704,85.0
17,4403-5705,94.0
17,4403-92239,79.0
17,4403-5706,88.0
17,4403-5707,92.0
17,4403-5758,69.0
17,4403-5745,82.0
17,4403-6264,57.0
17,4403-5708,92.0
17,4403-5759,75.0
17,4403-5683,88.0
17,4403-5760,43.0
17,4403-5744,90.0
17,4403-5712,48.0
17,4403-5713,84.0
17,4403-5755,70.0
17,4403-5761,20.0
17,4403-5746,83.0
17,4403-5762,42.0
17,4403-5689,29.0
17,4403-5763,58.0
17,4403-5747,77.0
17,4403-5721,28.0
17,4403-5754,80.0
17,4403-6272,92.0
17,4403-5724,83.0
17,4403-5764,56.0
17,4403-5725,83.0
17,4403-5749,85.0
17,4403-5751,80.0
17,4403-5726,95.0
17,4403-5728,76.0
17,4403-5719,72.0
17,4403-5732,69.0
17,4403-5730,69.0
17,4422-5861,96.0
17,4422-90286,95.0
17,80214-93027,80.0
17,80214-93028,80.0
17,80214-80215,80.0
17,80214-80216,90.0
17,80214-80217,90.0
17,80214-93026,80.0
17,4277-89592,84.0
17,4277-87523,85.0
17,4277-5359,82.0
17,4413-91168,32.0
17,4413-91292,26.0
17,4413-79721,24.0
17,4413-93000,16.0
17,4413-87470,26.0
17,4413-79719,32.0
17,4413-79720,28.0
17,4413-5851,32.0
17,4413-87875,16.0
17,4413-92376,18.0
17,4413-91169,25.0
17,4413-89575,14.0
17,4413-5850,26.0
17,4413-84665,27.0
17,4413-90156,25.0
17,4413-89749,17.0
17,4413-80871,23.0
17,4413-10855,19.0
17,4190-4800,62.0
17,4162-4744,82.0
17,4358-78822,90.0
17,91948-92177,92.0
17,4260-5274,38.0
17,4260-5244,87.0
17,4260-5245,99.0
17,4260-5246,87.0
17,4260-5247,99.0
17,4260-5248,80.0
17,4260-5249,83.0
17,4260-5250,70.0
17,4260-5251,99.0
17,4260-5252,77.0
17,4260-5253,86.0
17,4260-5254,89.0
17,4260-5255,28.0
17,4260-5256,99.0
17,4260-5257,99.0
17,4260-5258,90.0
17,4260-5259,62.0
17,4260-5260,99.0
17,4260-5261,99.0
17,4260-5262,99.0
17,4260-5263,92.0
17,4260-5264,99.0
17,4260-5265,99.0
17,4260-5266,99.0
17,4260-5267,89.0
17,4260-5268,99.0
17,4260-5269,76.0
17,4260-5271,99.0
17,4260-5272,93.0
17,4260-5270,72.0
17,4260-5273,91.0
17,4260-5275,99.0
17,4504-6182,80.0
17,4512-6200,92.0
17,79497-79508,35.0
17,79990-79991,32.0
17,90036-90037,86.0
17,91937-92619,87.0
17,4394-5637,98.0
17,4394-5635,99.0
17,4394-5636,99.0
17,4394-79698,99.0
17,4394-5633,99.0
17,4236-89676,39.0
17,4236-6001,69.0
17,4236-4986,57.0
17,4236-4987,47.0
17,80222-80223,87.0
17,4170-4755,78.0
17,4170-4757,51.0
17,4170-4756,73.0
17,4193-4822,69.0
17,4193-4823,52.0
17,4261-5276,86.0
17,4261-5277,85.0
17,4154-85882,77.0
17,4154-4714,79.0
17,4154-4716,72.0
17,4154-4715,81.0
17,4154-4717,78.0
17,4387-5600,59.0
17,4387-5601,68.0
17,4387-5602,75.0
17,4387-5604,58.0
17,4387-5603,67.0
17,4485-6121,87.0
17,79533-79551,90.0
17,4213-4874,80.0
17,4213-4875,74.5
17,7351-7352,98.0
17,4377-5582,90.0
17,10165-10166,90.0
17,4499-6147,70.0
17,4499-6149,87.0
17,4499-6163,54.0
17,4499-6159,60.0
17,4499-6160,86.0
17,4499-6148,96.0
17,4499-6161,74.0
17,4499-6156,60.0
17,4499-6158,62.0
17,4499-6152,83.0
17,4499-6153,73.0
17,4499-6154,98.0
17,4499-6162,75.0
17,4499-85840,54.0
17,4499-6155,90.0
17,4499-87622,52.0
17,4509-6193,72.0
17,4507-6191,64.0
17,4507-89576,52.0
17,4507-6190,72.0
17,4507-80409,83.0
17,4507-6302,82.0
17,4507-6189,80.0
